Activity Type,Date,Favorite,Title,Distance,Calories,Time,Avg HR,Max HR,Aerobic TE,Avg Cadence,Max Cadence,Avg Pace,Best Pace,Total Ascent,Total Descent,Avg Stride Length,Avg Cadence,Max Cadence,Training Stress Score®,Total Strokes,Avg. Swolf,Avg Stroke Rate,Steps,Min Temp,Decompression,Best Lap Time,Number of Laps,Max Temp,Moving Time,Elapsed Time,Min Elevation,Max Elevation
Walking,2025-09-11 18:31:24,false,"Rusko Walking","3,92","244","01:00:06","93","128","1,4","83","246","15:21","3:07","72","74","0,78","--","--","0,0","--","--","--","5.574","23,0","No","01:00:06","1","27,0","00:57:51","01:00:06","57","71"
Cycling,2025-09-10 18:49:40,false,"Rusko Cycling","10,60","254","00:42:59","111","142","2,0","--","--","14,8","28,5","46","38","--","--","--","0,0","--","--","--","--","20,0","No","00:19:25","2","28,0","00:34:06","01:12:23","-36","8"
Other,2025-09-08 15:47:11,false,"Salibandy","0,00","580","01:28:15","117","169","3,1","--","--","--","--","--","--","--","--","--","0,0","--","--","--","--","27,0","No","01:28:15","1","32,0","00:00:00","01:28:15","-66","-60"
Walking,2025-09-08 07:25:35,false,"Rusko Walking","3,48","373","00:41:03","133","183","3,8","109","243","11:47","7:02","58","65","0,78","--","--","0,0","--","--","--","4.480","21,0","No","00:41:03","1","29,0","00:40:20","00:41:03","-40","-21"
Cycling,2025-09-06 11:45:12,false,"Rusko Cycling","21,08","331","01:07:16","104","141","2,0","--","--","18,8","34,1","212","89","--","--","--","0,0","--","--","--","--","25,0","No","00:18:54","3","30,0","01:04:50","01:28:43","-34","-5"
Other,2025-09-01 15:47:59,false,"Salibandy","0,00","543","01:16:08","120","178","3,2","--","--","--","--","--","--","--","--","--","0,0","--","--","--","--","27,0","No","01:16:08","1","31,0","00:00:00","01:16:08","-33","-25"
Hiking,2025-08-30 16:51:54,false,"Pöytyä Hiking","8,43","470","01:56:29","96","136","1,7","91","120","13:49","7:44","62","71","0,81","--","--","0,0","--","--","--","10.828","20,0","No","00:09:22,0","2","25,0","01:48:42","01:56:29","28","49"
Hiking,2025-08-30 13:04:13,false,"Pöytyä Hiking","9,96","638","02:59:10","90","152","2,0","68","213","17:59","9:24","58","80","0,82","--","--","0,0","--","--","--","13.970","22,0","No","00:40:59","2","28,0","02:37:07","02:59:24","35","65"
Walking,2025-08-27 07:09:41,false,"Rusko Walking","3,45","141","00:38:43","87","132","1,2","113","246","11:13","6:55","60","67","0,79","--","--","0,0","--","--","--","4.440","20,0","No","00:38:43","1","28,0","00:38:43","00:38:43","79","95"
Walking,2025-08-24 18:12:23,false,"Rusko Walking","2,46","184","00:33:52","104","144","1,7","90","120","13:46","9:45","255","37","0,80","--","--","0,0","--","--","--","3.138","18,0","No","00:33:52","1","24,0","00:29:56","00:33:52","52","121"
Walking,2025-08-19 07:12:51,false,"Rusko Walking","3,33","146","00:37:24","89","118","1,4","107","120","11:14","7:04","36","40","0,84","--","--","0,0","--","--","--","4.006","20,0","No","00:37:24","1","27,0","00:35:52","00:37:24","57","72"
Cycling,2025-08-13 17:01:37,false,"Turku Cycling","24,00","501","01:11:58","121","143","2,7","--","--","20,0","40,5","118","97","--","--","--","0,0","--","--","--","--","25,0","No","00:22:37","3","28,0","01:10:27","01:11:58","15","57"
Cycling,2025-08-13 07:12:40,false,"Rusko Cycling","23,67","597","01:08:19","132","163","3,5","--","--","20,8","32,0","91","130","--","--","--","0,0","--","--","--","--","15,0","No","00:21:44","3","27,0","01:06:16","01:08:19","8","64"
Cycling,2025-08-07 11:50:22,false,"Nousiainen Cycling","4,16","61","00:13:06","94","121","1,1","--","--","19,1","29,0","8","20","--","--","--","0,0","--","--","--","--","26,0","No","00:13:06","1","28,0","00:13:02","00:13:06","34","51"
Hiking,2025-08-07 08:28:43,false,"Nousiainen marjassa","6,54","564","03:13:50","81","125","1,2","42","159","29:39","11:45","51","65","0,81","--","--","0,0","--","--","--","7.714","20,0","No","03:13:50","1","27,0","02:17:20","03:13:50","39","62"
Cycling,2025-08-07 08:11:40,false,"Rusko Cycling","4,40","78","00:15:51","95","119","1,3","--","--","16,6","25,0","196","14","--","--","--","0,0","--","--","--","--","20,0","No","00:15:51","1","25,0","00:14:23","00:15:51","38","53"
Walking,2025-08-06 09:17:43,false,"Rusko Walking","0,90","74","00:13:59","99","139","1,4","96","245","15:28","6:51","239","31","0,67","--","--","0,0","--","--","--","1.346","19,0","No","00:13:59","1","21,0","00:11:54","00:13:59","42","59"
Disc Golf,2025-08-06 08:29:36,false,"Rusko frisbeegolf ","2,82","316","00:45:49","112","153","2,5","74","243","16:14","4:50","42","49","0,83","--","--","0,0","--","--","--","3.570","19,0","No","00:12:34","3","25,0","00:36:55","00:45:49","49","63"
Walking,2025-08-06 08:21:19,false,"Rusko Walking","0,69","36","00:07:50,4","92","105","1,1","110","193","11:25","8:53","13","6","0,79","--","--","0,0","--","--","--","868","25,0","No","00:07:50,4","1","29,0","00:07:48","00:07:50,4","38","48"
Walking,2025-08-05 07:59:36,false,"Rusko walking ","3,37","153","00:42:55","85","117","1,2","101","246","12:45","6:38","54","57","0,77","--","--","0,0","--","--","--","4.390","22,0","No","00:42:55","1","29,0","00:39:28","00:42:55","37","50"
Walking,2025-08-04 09:17:30,false,"Rusko Walking","0,84","67","00:12:41","98","133","1,3","94","244","15:07","6:46","22","24","0,70","--","--","0,0","--","--","--","1.236","25,0","No","00:12:41","1","25,0","00:11:59","00:12:41","43","55"
Disc Golf,2025-08-04 08:16:34,false,"Rusko frisbeegolf ","2,91","232","01:00:21","91","123","1,2","--","--","20:45","5:23","34","47","--","--","--","0,0","--","--","--","--","24,0","No","01:00:21","1","25,0","00:45:06","01:00:21","43","63"
Walking,2025-08-04 08:10:36,false,"Rusko Walking","0,49","22","00:05:25,3","86","116","1,0","107","116","11:05","7:30","7","5","0,85","--","--","0,0","--","--","--","606","25,0","No","00:05:25,3","1","27,0","00:05:17","00:05:25,3","64","71"
Cycling,2025-07-29 15:17:04,false,"Nousiainen Cycling","4,39","71","00:18:13","87","103","1,1","--","--","14,4","24,8","16","30","--","--","--","0,0","--","--","--","--","27,0","No","00:18:13","1","28,0","00:18:06","00:18:13","40","60"
Hiking,2025-07-29 11:04:58,false,"Nousiainen marjassa","7,01","651","03:39:29","81","124","1,2","43","160","31:16","7:58","490","86","0,75","--","--","0,0","--","--","--","9.564","26,0","No","01:31:17","2","32,0","02:26:29","04:11:32","40","64"
Cycling,2025-07-29 10:48:06,false,"Rusko Cycling","4,42","79","00:16:21","95","144","1,7","--","--","16,2","26,3","25","12","--","--","--","0,0","--","--","--","--","27,0","No","00:16:21","1","28,0","00:15:30","00:16:21","57","75"
Rowing,2025-07-25 19:01:47,false,"Lieto Rowing","5.446","343","01:35:33.1","89","115","1,4","--","--","8:46","3:42","--","--","--","--","--","0,0","1860","--","--","--","27,0","No","00:42:17","2","35,0","01:18:26","01:35:33","--","--"
Rowing,2025-07-22 08:50:06,false,"Joutsa Rowing","2.586","213","57:07.2","89","125","1,2","--","--","11:02","2:08","--","--","--","--","--","0,0","1590","--","--","--","28,0","No","00:57:07","1","32,0","00:47:10","01:22:30","--","--"
Rowing,2025-07-21 20:42:53,false,"Joutsa Rowing","1.017","90","31:56.6","76","121","1,2","--","--","15:42","5:12","--","--","--","--","--","0,0","582","--","--","--","29,0","No","00:31:57","1","31,0","00:14:03","00:31:57","--","--"
Hiking,2025-07-21 14:27:22,false,"Kuhmoinen Hiking","3,73","322","01:35:55","85","138","1,2","52","165","25:46","6:35","94","90","0,74","--","--","0,0","--","--","--","6.014","28,0","No","01:35:55","1","30,0","01:16:56","01:35:55","280","316"
Walking,2025-07-14 16:35:39,false,"Rusko Walking","3,98","93","00:20:47","93","130","1,2","21","125","5:13","2:39","25","123","8,94","--","--","0,0","--","--","--","8","28,0","No","00:20:47","1","29,0","00:20:47","00:20:47","260","277"
Hiking,2025-06-27 11:04:29,false,"Inari Hiking","11,06","1.301","03:13:08","125","159","3,8","61","211","17:28","1:06","183","264","0,94","--","--","0,0","--","--","--","11.164","17,0","No","00:53:50","2","22,0","02:52:23","03:29:42","397","443"
Hiking,2025-06-26 19:43:55,false,"Inari Hiking","0,77","204","00:48:05","95","128","1,3","31","132","--","9:49","16","15","0,52","--","--","0,0","--","--","--","786","22,0","No","00:48:05","1","26,0","00:15:16","00:48:05","397","406"
Hiking,2025-06-26 11:17:06,false,"Inari Hiking","17,48","1.777","06:57:44","102","154","1,9","46","159","23:55","0:53","414","597","0,94","--","--","0,0","--","--","--","15.950","20,0","No","00:40:06","3","26,0","05:34:53","08:07:06","399","538"
Hiking,2025-06-25 10:50:06,false,"Inari Hiking","19,18","1.658","07:01:59","97","140","1,8","50","160","21:59","0:58","487","442","0,92","--","--","0,0","--","--","--","17.038","20,0","No","00:00:07,9","4","29,0","05:49:27","08:08:10","448","748"
Walking,2025-06-15 14:54:05,false,"Rusko Walking","4,76","207","01:01:24","85","139","1,2","95","125","12:54","7:00","34","34","0,82","--","--","0,0","--","--","--","6.026","29,0","No","01:01:24","1","32,0","00:58:53","01:32:35","23","37"
Walking,2025-06-07 17:18:06,false,"Rusko Walking","7,09","268","01:25:51","82","123","1,1","102","159","12:06","7:02","59","62","0,81","--","--","0,0","--","--","--","8.790","19,0","No","01:25:51","1","29,0","01:24:05","01:25:51","58","82"
Cycling,2025-06-06 16:35:40,false,"Turku Cycling","24,03","508","01:16:28","118","137","2,6","--","--","18,9","40,8","317","96","--","--","--","0,0","--","--","--","--","20,0","No","00:22:38","3","26,0","01:09:04","01:20:29","8","55"
Cycling,2025-06-06 07:11:42,false,"Rusko Cycling","23,87","456","01:08:48","116","141","2,6","--","--","20,8","32,4","272","110","--","--","--","0,0","--","--","--","--","17,0","No","00:22:01","3","28,0","01:07:44","01:08:48","3","55"
Other,2025-06-03 18:53:34,false,"Rusko Muu","2,01","313","01:13:17","97","117","1,3","--","--","1,6","6,3","352","10","--","--","--","0,0","--","--","--","--","28,0","No","00:36:15","2","30,0","00:39:18","01:14:49","40","46"
Walking,2025-06-01 09:42:56,false,"Rusko Walking","1,17","41","00:16:24","73","102","1,0","82","235","14:05","4:47","130","8","0,87","--","--","0,0","--","--","--","1.350","23,0","No","00:16:24","1","27,0","00:12:32","00:42:27","46","52"
Walking,2025-05-29 13:18:39,false,"Rusko Walking","2,94","97","00:33:14","79","111","1,1","109","122","11:18","7:32","34","37","0,81","--","--","0,0","--","--","--","3.658","22,0","No","00:33:14","1","26,0","00:33:08","00:33:14","55","71"
Other,2025-05-26 15:52:31,false,"Salibandy","0,00","428","01:07:29","112","156","2,7","--","--","--","--","--","--","--","--","--","0,0","--","--","--","--","28,0","No","01:07:29","1","31,0","00:00:00","01:07:29","5","18"
Hiking,2025-05-25 16:17:35,false,"Rusko Hiking","8,37","483","02:13:12","91","127","1,3","83","159","15:55","7:02","93","96","0,76","--","--","0,0","--","--","--","11.660","21,0","No","00:04:23,5","2","28,0","02:05:05","02:13:12","44","74"
Walking,2025-05-20 06:55:26,false,"Rusko Walking","3,34","121","00:36:32","83","111","1,1","110","122","10:56","7:02","36","42","0,83","--","--","0,0","--","--","--","4.062","22,0","No","00:36:32","1","29,0","00:35:19","00:36:32","-3","15"
Other,2025-05-19 15:46:26,false,"Salibandy","0,00","292","01:14:29","91","145","1,8","--","--","--","--","--","--","--","--","--","0,0","--","--","--","--","28,0","No","01:14:29","1","30,0","00:00:00","01:14:29","-40","-31"
Walking,2025-05-17 08:22:12,false,"Rusko Walking","4,36","141","00:54:48","75","113","1,1","96","236","12:34","7:32","43","54","0,83","--","--","0,0","--","--","--","5.306","19,0","No","00:54:48","1","25,0","00:51:45","00:54:48","-17","4"
Walking,2025-05-16 07:02:16,false,"Rusko Walking","3,39","113","00:37:11","80","93","1,1","110","120","10:58","7:50","40","44","0,83","--","--","0,0","--","--","--","4.092","22,0","No","00:37:11","1","28,0","00:37:09","00:37:11","-24","-9"
Walking,2025-05-13 07:06:34,false,"Rusko Walking","3,34","130","00:35:36","87","99","1,1","111","123","10:40","7:09","216","48","0,84","--","--","0,0","--","--","--","4.000","22,0","No","00:35:36","1","29,0","00:34:39","00:35:36","-24","-6"
Other,2025-05-12 15:49:49,false,"Salibandy","0,00","434","01:10:51","112","163","2,3","--","--","--","--","--","--","--","--","--","0,0","--","--","--","--","29,0","No","01:10:51","1","30,0","00:00:00","01:10:51","-58","-43"
Cycling,2025-05-11 19:02:37,false,"Rusko Cycling","6,87","141","00:32:47","93","135","1,6","--","--","12,6","28,7","39","42","--","--","--","0,0","--","--","--","--","22,0","No","00:32:47","1","28,0","00:26:11","00:51:23","-29","3"
Walking,2025-05-11 09:31:58,false,"Rusko Walking","3,83","116","00:41:28","78","89","1,1","108","120","10:50","8:05","16","22","0,85","--","--","0,0","--","--","--","4.536","23,0","No","00:41:28","1","27,0","00:40:27","00:41:28","-32","-15"
Walking,2025-05-09 06:49:54,false,"Rusko Walking","3,34","166","00:35:12","97","122","1,5","113","126","10:31","6:23","36","40","0,84","--","--","0,0","--","--","--","3.998","17,0","No","00:35:12","1","27,0","00:35:05","00:35:12","-19","-5"
Other,2025-05-05 15:44:34,false,"Salibandy","0,00","456","01:16:51","109","140","2,1","--","--","--","--","--","--","--","--","--","0,0","--","--","--","--","26,0","No","01:16:51","1","30,0","00:00:00","01:16:51","-58","-42"
Walking,2025-05-04 15:46:33,false,"Rusko Walking","4,57","237","01:02:30","89","118","1,2","99","157","13:41","9:18","64","69","0,74","--","--","0,0","--","--","--","6.292","19,0","No","01:02:30","1","27,0","01:01:47","01:02:30","-10","9"
Walking,2025-05-02 07:01:04,false,"Rusko Walking","3,28","109","00:34:45","81","112","1,1","114","122","10:35","6:49","36","35","0,83","--","--","0,0","--","--","--","3.958","17,0","No","00:34:45","1","28,0","00:34:45","00:34:45","-34","-20"
Walking,2025-05-01 16:38:53,false,"Rusko Walking","4,42","345","01:26:02","94","130","1,2","62","208","19:28","6:15","229","59","0,82","--","--","0,0","--","--","--","6.008","20,0","No","01:26:02","1","28,0","01:10:17","01:26:02","-38","-23"
Other,2025-04-28 15:56:31,false,"Salibandy","0,00","348","01:04:46","102","144","2,1","--","--","--","--","--","--","--","--","--","0,0","--","--","--","--","27,0","No","01:04:46","1","29,0","00:00:00","01:04:46","-53","-47"
Walking,2025-04-27 13:23:40,false,"Rusko Walking","8,70","514","02:10:56","94","129","1,8","87","159","15:03","8:03","200","98","0,76","--","--","0,0","--","--","--","11.932","21,0","No","00:29:59","2","27,0","02:05:21","02:27:28","-30","2"
Walking,2025-04-22 06:50:39,false,"Rusko Walking","3,31","134","00:35:49","88","116","1,2","112","166","10:49","6:26","35","38","0,83","--","--","0,0","--","--","--","4.016","20,0","No","00:35:49","1","28,0","00:35:13","00:35:49","-38","-21"
Other,2025-04-21 15:44:00,false,"Salibandy","0,00","441","01:16:57","110","161","2,1","--","--","--","--","--","--","--","--","--","0,0","--","--","--","--","26,0","No","01:16:57","1","31,0","00:00:00","01:16:57","-77","-63"
Walking,2025-04-21 12:23:11,false,"Rusko Walking","3,72","170","00:53:32","82","106","1,1","87","149","14:24","8:23","23","34","0,80","--","--","0,0","--","--","--","4.878","21,0","No","00:53:32","1","25,0","00:51:39","00:53:32","-30","-13"
Walking,2025-04-20 18:39:40,false,"Rusko Walking","2,91","123","00:32:35","88","109","1,1","110","120","11:11","7:46","262","42","0,81","--","--","0,0","--","--","--","3.622","19,0","No","00:32:35","1","27,0","00:32:30","00:32:35","-14","3"
Walking,2025-04-19 08:31:40,false,"Rusko Walking","5,84","285","01:48:57","77","120","1,1","67","175","18:40","9:12","73","83","0,80","--","--","0,0","--","--","--","8.164","24,0","No","01:48:57","1","29,0","01:37:23","01:48:57","1","29"
Walking,2025-04-18 10:55:43,false,"Rusko Walking","3,13","92","00:38:10","73","120","1,1","102","123","12:12","6:51","41","44","0,81","--","--","0,0","--","--","--","3.854","23,0","No","00:38:10","1","26,0","00:37:20","00:38:10","2","16"
Walking,2025-04-15 19:09:23,false,"Rusko Walking","2,90","98","00:33:40","79","107","1,1","107","123","11:36","7:21","175","39","0,81","--","--","0,0","--","--","--","3.662","24,0","No","00:33:40","1","28,0","00:33:29","00:33:40","-10","9"
Other,2025-04-14 15:40:18,false,"Salibandy","0,00","473","01:21:50","109","159","2,7","--","--","--","--","--","--","--","--","--","0,0","--","--","--","--","26,0","No","01:21:50","1","30,0","00:00:00","01:21:50","-30","-14"
Walking,2025-04-14 06:22:51,false,"Rusko Walking","3,31","126","00:35:25","87","110","1,2","112","125","10:42","8:28","38","44","0,84","--","--","0,0","--","--","--","3.982","19,0","No","00:35:25","1","28,0","00:35:07","00:35:25","16","34"
Hiking,2025-04-13 11:05:23,false,"Pöytyä Hiking","7,81","487","01:55:07","99","163","1,8","91","155","14:44","9:12","65","61","0,75","--","--","0,0","--","--","--","10.926","17,0","No","01:55:07","1","28,0","01:52:54","02:48:01","36","55"
Walking,2025-04-10 07:28:07,false,"Rusko Walking","3,35","227","00:36:09","109","126","2,0","112","124","10:48","7:38","195","45","0,83","--","--","0,0","--","--","--","4.098","16,0","No","00:36:09","1","26,0","00:35:49","00:36:09","4","18"
Walking,2025-04-09 19:17:45,false,"Rusko Walking","2,73","150","00:32:05","97","116","1,4","106","125","11:45","8:19","36","42","0,80","--","--","0,0","--","--","--","3.456","18,0","No","00:32:05","1","26,0","00:31:11","00:32:05","6","25"
Walking,2025-04-07 17:38:17,false,"Rusko Walking","7,07","321","01:23:07","90","124","1,4","108","156","11:46","8:03","153","72","0,79","--","--","0,0","--","--","--","9.044","21,0","No","01:23:07","1","28,0","01:22:57","01:23:07","7","36"
Walking,2025-04-07 07:22:56,false,"Rusko Walking","3,32","170","00:35:13","99","124","1,4","112","122","10:37","8:01","35","42","0,84","--","--","0,0","--","--","--","3.976","15,0","No","00:35:13","1","27,0","00:35:08","00:35:13","16","34"
Walking,2025-04-06 11:47:54,false,"Rusko Walking","2,92","87","00:33:39","75","87","1,1","108","121","11:31","7:44","37","40","0,80","--","--","0,0","--","--","--","3.674","16,0","No","00:33:39","1","25,0","00:33:33","00:33:39","29","42"
Running,2025-04-03 18:16:19,false,"Rusko Running","6,14","520","00:56:31","127","146","3,7","146","236","9:12","6:00","54","52","0,74","--","--","0,0","--","--","--","8.170","22,0","No","00:12:12","4","27,0","00:54:39","00:56:31","56","81"
Other,2025-03-31 15:49:35,false,"Salibandy","0,00","447","01:11:34","111","150","2,5","--","--","--","--","--","--","--","--","--","0,0","--","--","--","--","27,0","No","01:11:34","1","30,0","00:00:00","01:11:34","4","21"
Walking,2025-03-30 12:46:45,false,"Turku Walking","2,96","224","01:11:07","81","134","1,2","50","160","24:03","4:13","53","54","0,83","--","--","0,0","--","--","--","4.146","22,0","No","01:11:07","1","31,0","00:48:42","01:49:02","9","27"
Walking,2025-03-29 18:08:14,false,"Rusko Walking","5,83","474","01:03:16","118","170","3,2","110","239","10:51","6:41","42","45","0,84","--","--","0,0","--","--","--","7.076","19,0","No","01:03:16","1","26,0","01:02:47","01:03:16","56","81"
Indoor Cycling,2025-03-27 18:01:10,false,"Indoor Cycling","0,00","317","00:55:47","100","175","3,3","--","--","--","--","--","--","--","55","71","0,0","2830","--","--","--","23,0","No","00:55:47","1","26,0","00:00:00","00:55:47","2","9"
Walking,2025-03-26 17:58:59,false,"Rusko Walking","4,98","486","00:57:14","115","167","4,0","105","146","11:30","8:01","59","72","0,83","--","--","0,0","--","--","--","5.962","18,0","No","00:57:14","1","28,0","00:55:08","00:57:14","7","29"
Other,2025-03-24 15:48:46,false,"Salibandy","0,00","528","01:12:15","108","144","3,2","--","--","--","--","--","--","--","--","--","0,0","--","--","--","--","26,0","No","01:12:15","1","30,0","00:00:00","01:12:15","3","7"
Walking,2025-03-23 11:18:24,false,"Rusko Walking","4,09","171","00:47:50","77","120","1,2","102","120","11:42","7:27","44","26","0,84","--","--","0,0","--","--","--","4.884","19,0","No","00:47:50","1","26,0","00:44:05","00:47:50","3","15"
Indoor Cycling,2025-03-20 17:57:48,false,"Indoor Cycling","0,00","229","00:46:11","93","131","2,1","--","--","--","--","--","--","--","56","70","0,0","2460","--","--","--","24,0","No","00:46:11","1","27,0","00:00:00","00:46:11","38","38"
Walking,2025-03-18 07:10:49,false,"Rusko Walking","3,35","154","00:37:22","84","98","1,2","111","127","11:10","9:12","191","42","0,81","--","--","0,0","--","--","--","4.164","23,0","No","00:37:22","1","28,0","00:37:15","00:37:22","33","51"
Other,2025-03-17 15:48:42,false,"Salibandy","0,00","521","01:11:36","109","155","3,1","--","--","--","--","--","--","--","--","--","0,0","--","--","--","--","24,0","No","01:11:36","1","30,0","00:00:00","01:11:36","-7","-0"
Walking,2025-03-16 11:06:36,false,"Rusko Walking","5,87","241","01:07:36","79","108","1,1","107","146","11:31","7:27","241","56","0,81","--","--","0,0","--","--","--","7.258","21,0","No","01:07:36","1","26,0","01:06:07","01:07:36","24","52"
Walking,2025-03-15 17:15:40,false,"Rusko Walking","3,33","275","01:02:13","87","122","1,4","73","168","18:42","7:28","62","58","0,74","--","--","0,0","--","--","--","4.554","21,0","No","01:02:13","1","27,0","00:51:16","01:02:13","37","52"
Walking,2025-03-13 07:13:38,false,"Rusko Walking","3,39","214","00:36:24","96","120","2,0","114","129","10:44","9:15","42","47","0,82","--","--","0,0","--","--","--","4.166","23,0","No","00:36:24","1","27,0","00:36:21","00:36:24","47","65"
Walking,2025-03-11 17:49:45,false,"Rusko Walking","4,55","233","00:52:55","86","122","1,5","106","242","11:37","6:43","67","73","0,81","--","--","0,0","--","--","--","5.720","21,0","No","00:52:55","1","25,0","00:51:13","00:52:55","47","75"
Other,2025-03-10 15:47:56,false,"Salibandy","0,00","647","01:12:36","118","150","4,1","--","--","--","--","--","--","--","--","--","0,0","--","--","--","--","26,0","No","01:12:36","1","31,0","00:00:00","01:12:36","28","36"
Walking,2025-03-09 10:54:39,false,"Rusko Walking","7,09","286","01:14:01","82","116","1,2","112","157","10:26","8:28","18","30","0,86","--","--","0,0","--","--","--","8.382","19,0","No","01:14:01","1","26,0","01:14:01","01:14:01","37","55"
Other,2025-03-03 15:43:07,false,"Salibandy","0,00","648","01:17:52","114","146","3,5","--","--","--","--","--","--","--","--","--","0,0","--","--","--","--","25,0","No","01:17:52","1","31,0","00:00:00","01:17:52","19","31"
Walking,2025-03-03 06:47:54,false,"Rusko Walking","3,33","182","00:35:01","90","118","1,5","113","121","10:31","7:10","39","41","0,84","--","--","0,0","--","--","--","3.976","25,0","No","00:35:01","1","29,0","00:34:58","00:35:01","52","69"
Walking,2025-03-02 14:23:34,false,"Rusko Walking","4,98","416","00:53:05","109","128","2,6","112","122","10:40","7:46","227","67","0,84","--","--","0,0","--","--","--","5.940","19,0","No","00:53:05","1","24,0","00:52:48","00:53:05","52","71"
Walking,2025-03-01 17:42:38,false,"Rusko Walking","4,95","313","00:53:17","98","131","2,0","111","123","10:46","6:55","64","71","0,84","--","--","0,0","--","--","--","5.982","17,0","No","00:53:17","1","25,0","00:52:27","00:53:17","54","73"
Indoor Cycling,2025-02-26 18:41:23,false,"Indoor Cycling","0,00","105","00:45:44","89","126","1,0","--","--","--","--","--","--","--","61","79","0,0","2569","--","--","--","24,0","No","00:45:44","1","26,0","00:00:00","00:45:44","25","25"
Other,2025-02-24 15:54:17,false,"Salibandy","0,00","549","01:07:47","113","149","3,1","--","--","--","--","--","--","--","--","--","0,0","--","--","--","--","26,0","No","01:07:47","1","29,0","00:00:00","01:07:47","-13","-4"
Walking,2025-02-23 13:24:17,false,"Rusko Walking","3,72","125","00:37:42","98","171","1,2","105","158","10:09","6:55","41","42","0,94","--","--","0,0","--","--","--","3.984","25,0","No","00:37:42","1","28,0","00:36:51","00:37:42","28","42"
Other,2025-02-23 12:57:07,false,"Rusko Luistelu","1,02","39","00:08:29,6","85","105","1,1","--","--","7,2","12,8","--","1","--","--","--","0,0","--","--","--","--","19,0","No","00:08:29,6","1","23,0","00:07:50","00:08:29,6","49","52"
Walking,2025-02-22 17:02:42,false,"Rusko Walking","3,34","168","00:39:40","84","101","1,2","107","142","11:53","9:10","15","20","0,78","--","--","0,0","--","--","--","4.288","19,0","No","00:39:40","1","26,0","00:39:35","00:39:40","-68","-60"
Other,2025-02-19 12:55:31,false,"Kuopio Luistelu","7,83","206","00:45:35","87","129","1,6","--","--","10,3","15,9","9","17","--","--","--","0,0","--","--","--","--","22,0","No","00:17:02","2","25,0","00:45:22","00:45:35","7","17"
Walking,2025-02-19 09:32:11,false,"Kuopio Tahko mäelle","3,79","490","01:08:23","108","152","2,7","77","213","18:03","4:29","319","205","0,72","--","--","0,0","--","--","--","6.094","19,0","No","01:08:23","1","24,0","01:01:45","01:36:20","40","241"
Cross Country Classic Skiing,2025-02-18 10:18:20,false,"Kuopio Tahko Cross Country Classic Skiing","17,93","365","02:38:15","129","184","1,0","75","189","6,8","33,6","586","236","1,52","--","--","0,0","--","--","--","7.656","21,0","No","00:15:42","3","28,0","02:31:07","03:14:44","66","108"
Cross Country Classic Skiing,2025-02-17 12:19:26,false,"Kuopio Tahko Cross Country Classic Skiing","14,81","859","02:24:41","106","196","3,0","76","209","6,1","27,5","70","87","1,36","--","--","0,0","--","--","--","6.460","16,0","No","01:02:29","2","24,0","02:08:00","03:06:42","86","133"
Other,2025-02-16 11:24:20,false,"Kuopio Luistelu","15,54","264","01:13:53","79","115","1,2","--","--","12,6","16,4","26","24","--","--","--","0,0","--","--","--","--","5,0","No","00:03:05,2","4","13,0","01:13:35","01:13:53","81","91"
Indoor Cycling,2025-02-13 18:03:59,false,"Indoor Cycling","0,00","182","00:41:18","103","130","2,0","--","--","--","--","--","--","--","59","71","0,0","2371","--","--","--","23,0","No","00:41:18","1","25,0","00:00:00","00:41:18","65","65"
Walking,2025-02-13 07:03:58,false,"Rusko Walking","3,24","166","00:36:52","86","120","1,2","110","120","11:22","8:30","13","18","0,80","--","--","0,0","--","--","--","4.032","20,0","No","00:36:52","1","28,0","00:36:49","00:36:52","54","63"
Other,2025-02-08 11:10:39,false,"Rusko Luistelu","10,28","203","00:43:14","100","134","2,1","--","--","14,3","23,2","8","12","--","--","--","0,0","--","--","--","--","12,0","No","00:02:37,8","14","27,0","00:43:12","00:43:14","57","62"
Indoor Cycling,2025-02-06 18:35:10,false,"Indoor Cycling","0,00","185","00:41:47","87","137","1,8","--","--","--","--","--","--","--","58","76","0,0","2370","--","--","--","22,0","No","00:41:47","1","25,0","00:00:00","00:41:47","47","47"
Indoor Cycling,2025-02-03 19:04:42,false,"Indoor Cycling","0,00","172","00:36:11","90","129","1,7","--","--","--","--","--","--","--","65","82","0,0","2280","--","--","--","22,0","No","00:36:11","1","24,0","00:00:00","00:36:11","58","58"
Walking,2025-02-03 06:50:21,false,"Rusko Walking","3,26","230","00:37:17","97","121","2,0","109","120","11:25","9:12","65","18","0,80","--","--","0,0","--","--","--","4.064","22,0","No","00:37:17","1","27,0","00:37:11","00:37:17","50","58"
Other,2025-02-02 12:36:54,false,"Rusko Luistelu","11,05","194","00:57:32","76","114","1,1","--","--","11,5","17,3","9","11","--","--","--","0,0","--","--","--","--","8,0","No","00:02:59,4","4","25,0","00:57:31","00:57:32","68","72"
Walking,2025-01-28 07:21:40,false,"Rusko Walking","2,66","164","00:32:35","90","110","1,5","104","120","12:15","8:05","4","16","0,79","--","--","0,0","--","--","--","3.564","14,0","No","00:32:35","1","27,0","00:32:35","00:32:35","60","72"
Indoor Cycling,2025-01-26 17:17:41,false,"Indoor Cycling","0,00","197","00:43:32","90","117","1,4","--","--","--","--","--","--","--","62","73","0,0","2628","--","--","--","22,0","No","00:43:32","1","26,0","00:00:00","00:43:32","69","69"
Indoor Cycling,2025-01-23 17:43:38,false,"Indoor Cycling","0,00","81","00:15:25","92","121","1,7","--","--","--","--","--","--","--","57","72","0,0","804","--","--","--","23,0","No","00:15:25","1","24,0","00:00:00","00:15:25","79","79"
Other,2025-01-21 18:27:06,false,"Rusko Muu","0,79","64","00:15:32","80","98","1,1","--","--","3,0","9,9","9","8","--","--","--","0,0","--","--","--","--","22,0","No","00:15:32","1","25,0","00:10:21","00:15:32","57","63"
Other,2025-01-20 15:45:55,false,"Salibandy","0,00","525","01:15:58","105","148","3,1","--","--","--","--","--","--","--","--","--","0,0","--","--","--","--","25,0","No","01:15:58","1","30,0","00:00:00","01:15:58","3","12"
Walking,2025-01-20 06:48:06,false,"Rusko Walking","3,28","144","00:36:15","81","101","1,2","108","123","11:03","7:56","8","18","0,83","--","--","0,0","--","--","--","3.984","11,0","No","00:36:15","1","29,0","00:36:09","00:36:15","38","51"
Other,2025-01-19 14:58:22,false,"Rusko Luistelu","5,04","117","00:33:27","76","98","1,1","--","--","9,0","38,7","116","36","--","--","--","0,0","--","--","--","--","14,0","No","00:00:03,5","2","21,0","00:21:20","00:33:27","47","73"
Other,2025-01-19 10:29:17,false,"Rusko Luistelu","8,15","134","00:41:35","74","92","1,1","--","--","11,8","24,1","10","11","--","--","--","0,0","--","--","--","--","11,0","No","00:13:49","2","24,0","00:38:47","00:41:35","67","74"
Walking,2025-01-16 06:49:35,false,"Rusko Walking","2,72","148","00:30:08","88","109","1,3","110","138","11:05","7:09","2","20","0,82","--","--","0,0","--","--","--","3.354","18,0","No","00:30:08","1","28,0","00:29:59","00:30:08","30","50"
Indoor Cycling,2025-01-15 18:48:57,false,"Indoor Cycling","0,00","397","00:45:32","122","150","3,8","--","--","--","--","--","--","--","67","79","0,0","2956","--","--","--","23,0","No","00:45:32","1","26,0","00:00:00","00:45:32","41","41"
Other,2025-01-13 15:49:18,false,"Salibandy","0,00","407","01:09:14","102","161","2,5","--","--","--","--","--","--","--","--","--","0,0","--","--","--","--","25,0","No","01:09:14","1","29,0","00:00:00","01:09:14","-28","-17"
Cross Country Classic Skiing,2025-01-12 15:17:08,false,"Rusko Cross Country Classic Skiing","5,97","262","00:42:04","123","160","2,2","81","241","8,5","31,7","59","78","1,76","--","--","0,0","--","--","--","1.498","12,0","No","00:42:04","1","24,0","00:41:21","00:42:04","-12","13"
Other,2025-01-11 09:00:26,false,"Rusko Muu","1,93","306","01:11:24","103","147","1,5","--","--","1,6","6,6","16","26","--","--","--","0,0","--","--","--","--","24,0","No","01:11:24","1","27,0","00:32:47","01:11:24","25","36"
Indoor Cycling,2025-01-09 18:06:15,false,"Indoor Cycling","0,00","299","00:58:55","108","152","2,0","--","--","--","--","--","--","--","67","82","0,0","3300","--","--","--","22,0","No","00:58:55","1","24,0","00:00:00","00:58:55","32","38"
Walking,2025-01-09 05:33:19,false,"Rusko Walking","3,23","133","00:34:25","92","132","1,2","114","120","10:39","8:12","10","20","0,83","--","--","0,0","--","--","--","3.934","13,0","No","00:34:25","1","26,0","00:34:25","00:34:25","38","49"
Other,2025-01-07 17:18:09,false,"Rusko Muu","1,54","233","01:03:31","94","113","1,2","--","--","1,5","5,4","6","12","--","--","--","0,0","--","--","--","--","25,0","No","01:03:31","1","28,0","00:32:15","01:03:31","60","67"
Other,2025-01-06 15:42:04,false,"Salibandy","0,00","527","01:16:38","122","156","2,7","--","--","--","--","--","--","--","--","--","0,0","--","--","--","--","23,0","No","01:16:38","1","31,0","00:00:00","01:18:49","8","18"
Walking,2025-01-06 12:39:35,false,"Rusko Walking","3,07","201","00:36:13","110","129","1,8","109","139","11:48","8:48","36","42","0,78","--","--","0,0","--","--","--","3.982","18,0","No","00:36:13","1","25,0","00:35:44","00:36:13","38","62"
Indoor Cycling,2025-01-05 19:31:55,false,"Indoor Cycling","0,00","163","00:38:51","98","124","1,2","--","--","--","--","--","--","--","72","86","0,0","2657","--","--","--","24,0","No","00:38:51","1","25,0","00:00:00","00:38:51","55","55"
Walking,2025-01-05 12:21:43,false,"Rusko Walking","2,93","111","00:37:22","83","108","1,1","99","120","12:46","8:01","17","20","0,79","--","--","0,0","--","--","--","3.802","10,0","No","00:37:22","1","25,0","00:35:23","00:37:22","55","69"
Other,2025-01-04 11:24:16,false,"Rusko Luistelu","8,22","242","00:45:36","100","116","1,7","--","--","10,8","15,8","14","20","--","--","--","0,0","--","--","--","--","10,0","No","00:00:16,1","6","22,0","00:45:33","00:45:36","320","325"
Indoor Cycling,2025-01-02 19:05:27,false,"Indoor Cycling","0,00","273","00:31:46","135","159","3,2","--","--","--","--","--","--","--","--","--","0,0","--","--","--","--","23,0","No","00:31:46","1","24,0","00:00:00","00:31:46","325","330"
Indoor Cycling,2025-01-01 18:32:16,false,"Indoor Cycling","0,00","302","00:49:13","113","148","2,4","--","--","--","--","--","--","--","--","--","0,0","--","--","--","--","23,0","No","00:49:13","1","27,0","00:00:00","00:49:13","323","323"
Other,2024-12-30 15:52:25,false,"Salibandy","0,00","582","01:16:13","128","184","3,0","--","--","--","--","--","--","--","--","--","0,0","--","--","--","--","25,0","No","01:16:13","1","31,0","00:00:00","01:16:13","286","298"
Other,2024-12-29 20:19:28,false,"Rusko Muu","0,16","13","00:06:14,8","70","95","1,0","--","--","1,6","3,2","1","--","--","--","--","0,0","--","--","--","--","26,0","No","00:06:14,8","1","26,0","00:00:48","00:06:14,8","348","351"
Other,2024-12-29 20:17:08,false,"Muu","0,00","5","00:01:28,7","86","114","1,0","--","--","--","--","--","--","--","--","--","0,0","--","--","--","--","25,0","No","00:01:28,7","1","25,0","00:00:00","00:01:28,7","350","351"
Walking,2024-12-29 13:25:42,false,"Rusko Walking","4,30","300","01:27:23","90","124","1,2","62","160","20:18","7:58","62","59","0,79","--","--","0,0","--","--","--","6.098","12,0","No","01:27:23","1","26,0","01:09:04","01:27:23","342","358"
Indoor Cycling,2024-12-27 18:22:18,false,"Indoor Cycling","0,00","311","00:40:01","127","157","2,9","--","--","--","--","--","--","--","--","--","0,0","--","--","--","--","23,0","No","00:40:01","1","26,0","00:00:00","00:40:01","333","333"
Indoor Cycling,2024-12-22 19:32:27,false,"Indoor Cycling","0,00","293","00:56:31","122","151","2,8","--","--","--","--","--","--","--","--","--","0,0","--","--","--","--","22,0","No","00:56:31","1","28,0","00:00:00","00:56:31","378","431"
Walking,2024-12-18 07:00:30,false,"Rusko Walking","3,44","168","00:40:26","98","116","1,2","108","120","11:44","7:28","39","48","0,79","--","--","0,0","--","--","--","4.400","22,0","No","00:40:26","1","27,0","00:40:09","00:40:26","369","391"
Other,2024-12-16 15:49:11,false,"Salibandy","0,00","251","01:12:27","90","142","1,4","--","--","--","--","--","--","--","--","--","0,0","--","--","--","--","23,0","No","01:12:27","1","29,0","00:00:00","01:12:27","361","380"
Walking,2024-12-12 06:58:36,false,"Rusko Walking","3,35","136","00:35:41","93","115","1,1","114","129","10:40","7:52","42","309","0,82","--","--","0,0","--","--","--","4.094","17,0","No","00:35:41","1","26,0","00:35:37","00:35:41","371","388"
Walking,2024-12-10 06:07:38,false,"Rusko Walking","3,38","125","00:34:32","91","117","1,1","117","232","10:13","7:02","41","43","0,84","--","--","0,0","--","--","--","4.010","12,0","No","00:34:32","1","28,0","00:34:32","00:34:32","358","374"
Other,2024-12-09 15:47:18,false,"Salibandy","0,00","314","01:16:11","99","143","1,6","--","--","--","--","--","--","--","--","--","0,0","--","--","--","--","25,0","No","01:16:11","1","30,0","00:00:00","01:16:17","309","327"
Other,2024-12-02 15:54:07,false,"Salibandy","0,00","282","01:08:10","100","144","1,4","--","--","--","--","--","--","--","--","--","0,0","--","--","--","--","25,0","No","01:08:10","1","30,0","00:00:00","01:08:10","355","361"
Walking,2024-11-29 05:55:16,false,"Rusko Walking","3,33","139","00:33:43","96","129","1,2","116","156","10:08","7:44","40","38","0,85","--","--","0,0","--","--","--","3.920","17,0","No","00:33:43","1","28,0","00:33:43","00:33:43","362","380"
Other,2024-11-25 15:54:20,false,"Salibandy","0,00","299","01:05:49","103","147","1,4","--","--","--","--","--","--","--","--","--","0,0","--","--","--","--","25,0","No","01:05:49","1","29,0","00:00:00","01:05:49","373","385"
Other,2024-11-20 18:29:36,false,"Rusko Muu","1,23","168","00:39:06","99","123","1,2","--","--","1,9","5,6","22","22","--","--","--","0,0","--","--","--","--","19,0","No","00:39:06","1","26,0","00:17:06","00:39:06","492","503"
Other,2024-11-18 15:52:17,false,"Salibandy","0,00","337","01:08:02","106","166","2,0","--","--","--","--","--","--","--","--","--","0,0","--","--","--","--","25,0","No","01:08:02","1","30,0","00:00:00","01:08:02","1","18"
Walking,2024-11-15 05:57:25,false,"Rusko Walking","3,30","165","00:34:43","101","137","1,5","113","126","10:32","7:56","38","40","0,84","--","--","0,0","--","--","--","3.968","19,0","No","00:34:43","1","28,0","00:34:43","00:34:43","39","59"
Other,2024-11-11 15:52:24,false,"Salibandy","0,00","414","00:55:52","125","153","2,6","--","--","--","--","--","--","--","--","--","0,0","--","--","--","--","25,0","No","00:55:52","1","31,0","00:00:00","01:08:23","-39","-26"
Other,2024-11-04 15:48:36,false,"Salibandy","0,00","304","01:14:56","99","158","2,0","--","--","--","--","--","--","--","--","--","0,0","--","--","--","--","25,0","No","01:14:56","1","30,0","00:00:00","01:14:56","-30","-19"
Walking,2024-11-02 12:41:28,false,"Nousiainen Walking","8,38","563","02:51:12","90","140","1,3","65","159","20:25","5:34","87","109","0,75","--","--","0,0","--","--","--","13.036","9,0","No","00:58:24","2","28,0","02:33:10","03:05:23","42","83"
Walking,2024-10-31 07:19:33,false,"Rusko Walking","3,44","112","00:38:48","82","120","1,1","113","237","11:18","7:19","64","68","0,78","--","--","0,0","--","--","--","4.396","19,0","No","00:38:48","1","28,0","00:38:09","00:38:48","55","76"
Other,2024-10-28 15:48:58,false,"Salibandy","0,00","380","01:12:00","109","151","1,9","--","--","--","--","--","--","--","--","--","0,0","--","--","--","--","26,0","No","01:12:00","1","31,0","00:00:00","01:12:00","8","8"
Other,2024-10-18 13:38:15,false,"Rusko Muu","1,32","155","01:08:48","76","118","1,1","--","--","1,1","6,3","14","19","--","--","--","0,0","--","--","--","--","26,0","No","01:08:48","1","28,0","00:26:43","01:08:48","-3","7"
Other,2024-10-18 10:47:12,false,"Rusko Muu","2,19","430","01:54:56","97","136","1,5","--","--","1,1","7,1","104","32","--","--","--","0,0","--","--","--","--","26,0","No","01:54:56","1","29,0","00:41:53","01:54:56","2","13"
Hiking,2024-10-16 10:00:08,false,"Uusikaupunki Hiking","4,55","337","01:51:30","86","156","1,2","57","160","24:28","9:27","76","82","0,72","--","--","0,0","--","--","--","6.970","17,0","No","01:51:30","1","26,0","01:28:07","01:51:30","-52","-33"
Walking,2024-10-15 11:43:21,false,"Rauma Walking","1,88","147","01:00:51","78","105","1,1","38","160","32:18","12:04","32","37","0,82","--","--","0,0","--","--","--","2.892","20,0","No","01:00:51","1","22,0","00:42:34","01:00:51","-12","14"
Other,2024-10-14 15:45:04,false,"Salibandy","0,00","418","01:16:25","111","154","2,1","--","--","--","--","--","--","--","--","--","0,0","--","--","--","--","26,0","No","01:16:25","1","30,0","00:00:00","01:16:25","-1","6"
Other,2024-10-13 11:25:37,false,"Rusko Muu","0,54","126","00:31:20","94","140","1,3","--","--","1,0","5,4","132","5","--","--","--","0,0","--","--","--","--","20,0","No","00:31:20","1","22,0","00:09:00","00:31:20","28","34"
Other,2024-10-13 09:21:53,false,"Rusko Muu","2,14","450","02:01:13","96","156","1,9","--","--","1,1","7,5","140","15","--","--","--","0,0","--","--","--","--","18,0","No","00:39:15","2","22,0","00:38:02","02:01:13","26","34"
Walking,2024-10-11 06:47:58,false,"Rusko Walking","3,47","131","00:41:28","86","120","1,1","108","249","11:58","7:36","54","73","0,77","--","--","0,0","--","--","--","4.480","19,0","No","00:41:28","1","28,0","00:40:14","00:41:28","100","128"
Other,2024-10-07 15:47:28,false,"Salibandy","0,00","327","01:12:57","102","146","1,4","--","--","--","--","--","--","--","--","--","0,0","--","--","--","--","27,0","No","01:12:57","1","31,0","00:00:00","01:15:06","5","16"
Walking,2024-10-04 06:56:18,false,"Rusko Walking","3,63","147","00:44:50","87","131","1,2","103","237","12:21","7:09","147","76","0,79","--","--","0,0","--","--","--","4.558","17,0","No","00:44:50","1","28,0","00:41:35","00:44:50","33","63"
Walking,2024-10-01 17:58:13,false,"Rusko Walking","3,98","299","01:33:30","88","139","1,2","56","176","23:30","7:54","49","52","0,77","--","--","0,0","--","--","--","5.452","19,0","No","01:33:30","1","26,0","01:11:29","01:33:30","35","46"
Other,2024-09-30 15:51:12,false,"Salibandy","0,00","296","01:10:51","99","156","1,7","--","--","--","--","--","--","--","--","--","0,0","--","--","--","--","27,0","No","01:10:51","1","29,0","00:00:00","01:10:51","-21","-16"
Open Water Swimming,2024-09-29 19:07:49,false,"Rusko Open Water Swimming","50","10","00:07:27,6","100","100","1,0","--","--","14:53","0:52","--","--","--","--","--","0,0","208","327","27","--","14,0","No","00:07:27,6","1","25,0","00:03:45","00:07:27,6","--","--"
Walking,2024-09-27 06:45:15,false,"Rusko Walking","3,43","141","00:41:06","88","136","1,2","108","249","11:59","6:15","60","60","0,77","--","--","0,0","--","--","--","4.434","22,0","No","00:41:06","1","29,0","00:39:19","00:41:06","7","25"
Other,2024-09-23 15:54:36,false,"Salibandy","0,00","254","01:07:17","94","142","1,3","--","--","--","--","--","--","--","--","--","0,0","--","--","--","--","28,0","No","01:07:17","1","30,0","00:00:00","01:07:17","-43","-36"
Open Water Swimming,2024-09-20 18:23:22,false,"Rusko Open Water Swimming","100","2","00:03:25,0","--","--","--","--","--","3:25","2:20","--","--","--","--","--","0,0","117","675","34","--","19,0","No","00:03:25,0","1","28,0","00:00:38","00:03:25,0","--","--"
Open Water Swimming,2024-09-19 17:00:49,false,"Rusko Open Water Swimming","300","78","00:10:00","--","--","--","--","--","3:20","--","--","--","--","--","--","0,0","--","--","--","--","--","No","00:00:00","1","--","--:--:--","00:10:00","--","--"
Open Water Swimming,2024-09-17 19:04:50,false,"Rusko Open Water Swimming","250","5","00:08:46,2","--","--","--","--","--","3:30","0:48","--","--","--","--","--","0,0","246","641","27","--","17,0","No","00:08:46,2","1","24,0","00:02:40","00:08:46,2","--","--"
Other,2024-09-16 15:48:51,false,"Salibandy","0,00","330","01:13:09","103","153","1,7","--","--","--","--","--","--","--","--","--","0,0","--","--","--","--","27,0","No","01:13:09","1","31,0","00:00:00","01:13:09","-32","-20"
Walking,2024-09-16 06:52:04,false,"Rusko Walking","3,42","177","00:40:06","99","169","1,7","110","246","11:43","6:19","95","69","0,78","--","--","0,0","--","--","--","4.378","19,0","No","00:40:06","1","28,0","00:39:13","00:40:06","7","34"
Open Water Swimming,2024-09-15 17:18:57,false,"Rusko Open Water Swimming","200","1","00:07:16,9","--","--","--","--","--","3:38","2:31","--","--","--","--","--","0,0","256","--","35","--","17,0","No","00:07:16,9","1","25,0","00:00:00","00:07:16,9","--","--"
Open Water Swimming,2024-09-13 18:09:16,false,"Rusko Open Water Swimming","200","9","00:07:22,2","--","--","--","--","--","3:41","1:40","--","--","--","--","--","0,0","68","228","9","--","19,0","No","00:07:22,2","1","27,0","00:01:03","00:07:22,2","--","--"
Open Water Swimming,2024-09-11 19:43:07,false,"Rusko Open Water Swimming","200","4","00:06:33,0","--","--","--","--","--","3:16","1:41","--","--","--","--","--","0,0","201","786","30","--","18,0","No","00:06:33,0","1","28,0","00:03:31","00:06:33,0","--","--"
Open Water Swimming,2024-09-10 20:16:37,false,"Rusko Open Water Swimming","200","11","00:05:22,9","--","--","--","--","--","2:41","0:34","--","--","--","--","--","0,0","120","207","22","--","18,0","No","00:05:22,9","1","19,0","00:03:40","00:06:34,6","--","--"
Other,2024-09-09 15:52:00,false,"Salibandy","0,00","351","01:10:44","108","148","1,7","--","--","--","--","--","--","--","--","--","0,0","--","--","--","--","27,0","No","01:10:44","1","31,0","00:00:00","01:10:44","4","8"
Open Water Swimming,2024-09-08 18:56:58,false,"Rusko Open Water Swimming","500","1","00:16:25","--","--","--","--","--","3:17","1:01","--","--","--","--","--","0,0","541","--","32","--","20,0","No","00:16:25","1","28,0","00:13:11","00:16:25","--","--"
Open Water Swimming,2024-09-07 20:40:16,false,"Rusko Open Water Swimming","200","1","00:06:55,3","--","--","--","--","--","3:28","3:27","--","--","--","--","--","0,0","192","--","27","--","20,0","No","00:06:55,3","1","23,0","00:01:22","00:06:55,3","--","--"
Open Water Swimming,2024-09-06 19:18:24,false,"Rusko Open Water Swimming","250","2","00:08:21,7","--","--","--","--","--","3:21","2:30","--","--","--","--","--","0,0","255","--","30","--","21,0","No","00:08:21,7","1","28,0","00:00:46","00:08:21,7","--","--"
Cycling,2024-09-06 15:55:34,false,"Turku Cycling","23,79","433","01:11:05","119","143","2,3","--","--","20,1","42,8","118","93","--","--","--","0,0","--","--","--","--","26,0","No","00:20:14","3","30,0","01:06:25","01:11:05","70","116"
Cycling,2024-09-06 06:36:03,false,"Rusko Cycling","23,70","323","01:04:27","110","136","2,0","--","--","22,1","34,1","90","124","--","--","--","0,0","--","--","--","--","15,0","No","00:21:15","3","26,0","01:04:06","01:04:27","-24","30"
Open Water Swimming,2024-09-05 17:08:00,false,"Rusko Open Water Swimming","400","1","00:12:38","97","97","1,0","--","--","3:10","4:36","--","--","--","--","--","0,0","373","--","29","--","21,0","No","00:12:38","1","31,0","00:00:00","00:12:38","--","--"
Open Water Swimming,2024-09-04 17:42:16,false,"Rusko Open Water Swimming","400","6","00:12:06","92","92","1,0","--","--","3:02","1:09","--","--","--","--","--","0,0","389","973","32","--","21,0","No","00:12:06","1","29,0","00:00:43","00:12:06","--","--"
Open Water Swimming,2024-09-03 18:12:45,false,"Rusko Open Water Swimming","300","5","00:11:49","90","90","1,0","--","--","3:56","1:00","--","--","--","--","--","0,0","367","901","31","--","19,0","No","00:11:49","1","27,0","00:03:49","00:11:49","--","--"
Other,2024-09-02 15:51:46,false,"Salibandy","0,00","357","01:10:42","107","141","1,8","--","--","--","--","--","--","--","--","--","0,0","--","--","--","--","26,0","No","01:10:42","1","31,0","00:00:00","01:10:42","7","16"
Open Water Swimming,2024-09-01 11:10:03,false,"Rusko Open Water Swimming","550","5","00:20:03","70","70","1,0","--","--","3:39","1:44","--","--","--","--","--","0,0","640","--","31","--","18,0","No","00:20:03","1","25,0","00:00:27","00:20:03","--","--"
Open Water Swimming,2024-08-31 13:55:44,false,"Rusko Open Water Swimming","400","1","00:12:27","--","--","--","--","--","3:07","1:39","--","--","--","--","--","0,0","388","--","31","--","19,0","No","00:12:27","1","24,0","00:09:44","00:12:27","--","--"
Open Water Swimming,2024-08-30 19:47:12,false,"Rusko Open Water Swimming","200","47","00:05:59,7","--","--","--","--","--","3:00","1:26","--","--","--","--","--","0,0","212","--","35","--","20,0","No","00:05:59,7","1","26,0","00:00:00","00:05:59,7","--","--"
Walking,2024-08-30 07:09:04,false,"Rusko Walking","1,47","83","00:17:17","100","121","1,3","111","126","11:47","9:42","24","23","0,76","--","--","0,0","--","--","--","1.900","27,0","No","00:17:17","1","29,0","00:17:14","00:17:17","59","75"
Open Water Swimming,2024-08-29 20:02:58,false,"Rusko Open Water Swimming","450","1","00:16:17","85","85","1,0","--","--","3:37","1:13","--","--","--","--","--","0,0","554","--","33","--","20,0","No","00:16:17","1","27,0","00:09:55","00:16:17","--","--"
Open Water Swimming,2024-08-28 18:57:29,false,"Rusko Open Water Swimming","200","3","00:06:46,0","89","89","1,0","--","--","3:23","1:28","--","--","--","--","--","0,0","224","925","32","--","19,0","No","00:06:46,0","1","28,0","00:00:23","00:06:46,0","--","--"
Open Water Swimming,2024-08-27 18:53:12,false,"Rusko Open Water Swimming","450","2","00:14:29","--","--","--","--","--","3:13","1:45","--","--","--","--","--","0,0","460","--","31","--","19,0","No","00:14:29","1","25,0","00:10:13","00:14:29","--","--"
Open Water Swimming,2024-08-26 17:52:08,false,"Rusko Open Water Swimming","500","35","00:18:46","79","79","1,0","--","--","3:45","0:20","--","--","--","--","--","0,0","585","283","31","--","19,0","No","00:18:46","1","28,0","00:11:02","00:18:46","--","--"
Cycling,2024-08-26 14:29:27,false,"Turku Cycling","8,50","326","00:35:00","119","140","2,2","--","--","14,6","71,9","62","49","--","--","--","0,0","--","--","--","--","24,0","No","00:19:20","2","27,0","00:38:35","00:50:33","-1","29"
Cycling,2024-08-26 08:03:23,false,"Raisio Cycling","8,44","234","00:30:51","124","142","2,3","--","--","16,4","26,8","43","64","--","--","--","0,0","--","--","--","--","20,0","No","00:01:21,6","2","24,0","00:29:40","00:30:51","-2","35"
Open Water Swimming,2024-08-25 14:52:48,false,"Rusko Open Water Swimming","450","2","00:16:05","86","86","1,0","--","--","3:34","1:32","--","--","--","--","--","0,0","477","--","29","--","19,0","No","00:16:05","1","27,0","00:09:59","00:16:05","--","--"
Walking,2024-08-23 06:16:37,false,"Rusko Walking","3,42","135","00:40:21","87","128","1,2","108","249","11:49","6:47","61","66","0,79","--","--","0,0","--","--","--","4.336","18,0","No","00:40:21","1","28,0","00:38:17","00:40:21","71","89"
Open Water Swimming,2024-08-20 18:34:05,false,"Rusko Open Water Swimming","150","7","00:06:07,3","--","--","--","--","--","4:05","1:31","--","--","--","--","--","0,0","134","300","21","--","20,0","No","00:06:07,3","1","27,0","00:00:37","00:06:07,3","--","--"
Open Water Swimming,2024-08-17 10:23:09,false,"Rusko Open Water Swimming","450","2","00:14:02","--","--","--","--","--","3:07","0:15","--","--","--","--","--","0,0","378","--","26","--","20,0","No","00:14:02","1","27,0","00:00:00","00:14:02","--","--"
Walking,2024-08-17 08:39:19,false,"Rusko Walking","3,82","225","00:58:34","94","147","1,5","83","249","15:21","4:21","65","69","0,78","--","--","0,0","--","--","--","4.848","22,0","No","00:58:34","1","27,0","00:46:59","00:58:34","57","72"
Open Water Swimming,2024-08-16 18:16:48,false,"Rusko Water Swimming","200","--","00:09:00","--","--","--","--","--","4:30","--","--","--","--","--","--","0,0","150","--","33","--","21,0","No","00:04:27,3","1","21,0","00:00:00","00:04:27,3","--","--"
Walking,2024-08-16 07:37:29,false,"Rusko frisbeegolf ","4,50","258","00:57:29","102","145","1,4","97","244","12:46","4:38","207","74","0,81","--","--","0,0","--","--","--","5.912","20,0","No","00:57:29","1","28,0","00:54:23","00:57:29","63","77"
Walking,2024-08-15 18:43:49,false,"Rusko Walking","3,17","232","00:40:06","113","154","2,2","101","244","12:38","4:29","64","59","0,79","--","--","0,0","--","--","--","4.134","24,0","No","00:40:06","1","29,0","00:37:31","00:40:06","62","75"
Open Water Swimming,2024-08-14 20:28:30,false,"Rusko Water Swimming","250","77","00:10:00","--","--","--","--","--","4:00","--","--","--","--","--","--","0,0","213","--","34","--","22,0","No","00:06:14,0","1","22,0","00:00:00","00:06:14,0","--","--"
Open Water Swimming,2024-08-13 17:23:40,false,"Rusko Water Swimming","300","--","00:12:00","108","108","1,0","--","--","4:00","--","--","--","--","--","--","0,0","247","--","34","--","22,0","No","00:07:13,5","1","22,0","00:00:00","00:07:13,5","--","--"
Open Water Swimming,2024-08-12 18:36:18,false,"Rusko Open Water Swimming","400","1","00:14:45","--","--","--","--","--","3:41","3:02","--","--","--","--","--","0,0","498","--","33","--","20,0","No","00:14:45","1","24,0","00:00:00","00:14:45","--","--"
Open Water Swimming,2024-08-11 10:11:39,false,"Rusko uinti","450","131","00:17:00","--","--","--","--","--","3:47","--","--","--","--","--","--","0,0","--","--","--","--","--","No","00:00:00","1","--","--:--:--","00:16:00","--","--"
Open Water Swimming,2024-08-10 19:11:03,false,"Rusko uinti","400","116","00:15:00","--","--","--","--","--","3:45","--","--","--","--","--","--","0,0","--","--","--","--","--","No","00:00:00","1","--","--:--:--","00:16:00","--","--"
Open Water Swimming,2024-08-10 09:57:27,false,"Rusko Open Water Swimming","300","38","00:11:34","--","--","--","--","--","3:51","0:31","--","--","--","--","--","0,0","19","88","1","--","22,0","No","00:11:34","1","23,0","00:08:55","00:11:34","--","--"
Walking,2024-08-09 07:00:44,false,"Rusko Walking","3,47","175","00:43:05","95","139","1,4","105","239","12:24","7:56","68","69","0,77","--","--","0,0","--","--","--","4.498","20,0","No","00:43:05","1","29,0","00:40:25","00:43:05","53","73"
Open Water Swimming,2024-08-08 16:01:43,false,"Rusko Open Water Swimming","400","5","00:16:26","84","84","1,0","--","--","4:06","1:08","--","--","--","--","--","0,0","449","--","27","--","23,0","No","00:16:26","1","30,0","00:00:10","00:16:26","--","--"
Walking,2024-08-08 07:50:59,false,"Rusko Walking","4,65","298","01:11:24","100","144","1,5","87","243","15:22","5:14","240","81","0,75","--","--","0,0","--","--","--","6.432","23,0","No","00:03:44,4","2","29,0","01:05:39","01:11:24","-22","-3"
Walking,2024-08-07 07:55:31,false,"Rusko Walking","4,11","211","01:09:43","85","140","1,7","74","211","16:57","5:20","39","45","0,80","--","--","0,0","--","--","--","5.364","20,0","No","01:09:43","1","29,0","01:02:20","01:09:43","-11","2"
Walking,2024-08-05 08:28:49,false,"Rusko frisbeegolf ","4,02","241","01:01:15","97","137","1,2","85","230","15:15","4:02","220","51","0,77","--","--","0,0","--","--","--","5.532","20,0","No","01:01:15","1","27,0","00:59:26","01:01:15","2","18"
Open Water Swimming,2024-08-04 11:34:39,false,"Rusko Open Water Swimming","400","10","00:17:10","73","73","1,0","--","--","4:18","0:51","--","--","--","--","--","0,0","608","797","35","--","22,0","No","00:17:10","1","28,0","00:00:02","00:17:16","--","--"
Open Water Swimming,2024-08-03 19:49:24,false,"Rusko Open Water Swimming","400","4","00:18:17","--","--","--","--","--","4:34","1:53","--","--","--","--","--","0,0","684","--","37","--","22,0","No","00:18:17","1","28,0","00:00:42","00:18:17","--","--"
Cycling,2024-08-03 13:39:25,false,"Nousiainen Cycling","4,39","53","00:13:40","91","110","1,1","--","--","19,3","31,7","12","23","--","--","--","0,0","--","--","--","--","25,0","No","00:13:40","1","27,0","00:13:25","00:13:40","43","61"
Hiking,2024-08-03 11:25:23,false,"Nousiainen Hiking","1,25","153","01:03:40","78","117","1,1","28","150","50:49","9:59","19","20","0,71","--","--","0,0","--","--","--","826","25,0","No","01:03:40","1","27,0","00:24:10","02:13:29","174","185"
Open Water Swimming,2024-08-01 11:01:13,false,"Rusko Open Water Swimming","400","47","00:14:41","--","--","--","--","--","3:40","0:12","--","--","--","--","--","0,0","517","172","35","--","22,0","No","00:14:41","1","25,0","00:12:06","00:14:41","--","--"
Open Water Swimming,2024-07-31 11:39:00,false,"Rusko Open Water Swimming","300","24","00:12:19","--","--","--","--","--","4:06","0:32","--","--","--","--","--","0,0","405","271","32","--","22,0","No","00:12:19","1","29,0","00:07:44","00:12:19","--","--"
Open Water Swimming,2024-07-30 10:55:25,false,"Rusko Open Water Swimming","500","59","00:19:20","79","79","1,0","--","--","3:52","0:22","--","--","--","--","--","0,0","530","160","27","--","21,0","No","00:19:20","1","26,0","00:14:23","00:19:20","--","--"
Open Water Swimming,2024-07-29 17:42:30,false,"Rusko Swim","400","129","00:05:43,6","--","--","--","--","--","1:23","0:49","--","--","--","--","--","0,0","168","63","30","--","--","No","00:05:43,6","1","--","00:05:33,1","00:05:49,1","--","--"
Open Water Swimming,2024-07-28 12:30:48,false,"Rusko Swim","200","26","00:03:22,9","--","--","--","--","--","1:40","3:08","--","--","--","--","--","0,0","122","161","37","--","--","No","00:00:02,9","2","--","00:03:20,0","00:03:40,7","--","--"
Open Water Swimming,2024-07-28 12:18:33,false,"Rusko Swim","400","133","00:07:03,0","--","--","--","--","--","1:41","0:43","--","--","--","--","--","0,0","240","80","36","--","--","No","00:07:03,0","1","--","00:06:42,8","00:07:08,7","--","--"
Open Water Swimming,2024-07-27 17:30:53,false,"Rusko Open Water Swimming","250","4","00:07:52,3","--","--","--","--","--","3:09","1:03","--","--","--","--","--","0,0","279","868","35","--","24,0","No","00:07:52,3","1","28,0","00:00:00","00:07:52,3","--","--"
Hiking,2024-07-21 15:06:16,false,"Sastamala Hiking","6,80","534","02:23:50","96","143","1,3","63","160","21:09","7:50","126","126","0,76","--","--","0,0","--","--","--","10.462","25,0","No","02:23:50","1","30,0","02:10:07","02:49:53","115","133"
Cycling,2024-07-20 11:57:34,false,"Rusko Cycling","17,62","188","00:51:26","93","118","1,1","--","--","20,5","35,4","75","94","--","--","--","0,0","--","--","--","--","25,0","No","00:04:09,0","3","30,0","00:51:07","00:51:26","30","71"
Hiking,2024-07-17 07:51:08,false,"Kokkola Hiking","8,01","510","02:36:20","90","129","1,3","65","160","19:31","8:16","557","63","0,79","--","--","0,0","--","--","--","10.838","23,0","No","02:36:20","1","28,0","02:03:46","02:42:35","-160","-145"
Hiking,2024-07-16 09:05:29,false,"Utajärvi Hiking","9,00","525","03:03:59","84","152","1,4","60","160","20:27","0:50","223","267","2,50","--","--","0,0","--","--","--","12.280","25,0","No","00:00:03,4","3","31,0","02:35:07","03:39:27","-57","26"
Hiking,2024-07-15 09:07:45,false,"Lieksa Hiking","1,50","106","00:35:05","84","118","1,1","53","159","23:21","9:27","365","100","0,80","--","--","0,0","--","--","--","1.754","19,0","No","00:35:05","1","25,0","00:25:01","00:35:05","81","164"
Hiking,2024-07-09 18:55:30,false,"Nousiainen Hiking","5,43","418","01:53:25","95","151","1,3","71","159","20:53","9:49","52","59","0,67","--","--","0,0","--","--","--","8.088","23,0","No","01:53:25","1","26,0","01:35:10","01:53:25","-119","-99"
Running,2024-07-01 21:03:39,false,"Rusko Running","0,46","76","00:10:39","107","153","1,7","69","194","22:56","5:07","17","29","0,63","--","--","0,0","--","--","--","742","20,0","No","00:10:39","1","21,0","00:06:50","00:10:39","23","37"
Cycling,2024-06-25 10:02:17,false,"Rusko Cycling","10,48","189","00:34:34","109","139","1,7","--","--","18,2","44,2","51","34","--","--","--","0,0","--","--","--","--","23,0","No","00:08:59,5","2","25,0","00:34:12","00:34:34","32","60"
Cycling,2024-06-25 09:21:42,false,"Rusko Cycling","10,46","195","00:31:37","113","140","1,8","--","--","19,9","35,0","33","52","--","--","--","0,0","--","--","--","--","25,0","No","00:07:15,4","2","27,0","00:31:28","00:31:37","-57","-29"
Walking,2024-06-14 06:26:44,false,"Rusko Walking","3,45","155","00:38:39","93","163","1,7","114","238","11:13","3:55","62","66","0,78","--","--","0,0","--","--","--","4.344","21,0","No","00:38:39","1","29,0","00:38:20","00:38:39","56","74"
Other,2024-06-08 16:00:52,false,"Rusko klapitvarastoon","2,39","266","01:13:54","93","113","1,1","--","--","1,9","9,8","158","7","--","--","--","0,0","--","--","--","--","24,0","No","01:13:54","1","27,0","00:35:21","01:13:54","40","49"
Other,2024-06-07 14:58:59,false,"Rusko klapitvarastoon","1,58","261","01:00:35","103","121","1,2","--","--","1,6","6,6","5","6","--","--","--","0,0","--","--","--","--","26,0","No","01:00:35","1","28,0","00:34:44","01:00:35","41","46"
Walking,2024-06-04 06:58:37,false,"Rusko Walking","2,64","186","00:29:49","113","156","2,0","112","179","11:18","6:33","225","41","0,79","--","--","0,0","--","--","--","3.284","23,0","No","00:29:49","1","30,0","00:29:42","00:29:49","56","71"
Cycling,2024-06-03 14:39:34,false,"Turku Cycling","23,68","369","01:04:03","114","140","2,2","--","--","22,2","37,7","119","94","--","--","--","0,0","--","--","--","--","27,0","No","00:19:16","3","31,0","01:02:52","01:04:03","19","69"
Cycling,2024-06-03 06:22:00,false,"Rusko Cycling","23,75","356","01:00:41","116","143","2,2","--","--","23,5","34,1","89","120","--","--","--","0,0","--","--","--","--","19,0","No","00:19:57","3","28,0","01:00:11","01:00:45","16","68"
Cycling,2024-05-31 16:39:26,false,"Turku Cycling","23,73","411","01:06:12","118","142","2,4","--","--","21,5","42,1","125","104","--","--","--","0,0","--","--","--","--","21,0","No","00:20:28","3","26,0","01:04:02","01:06:12","51","96"
Cycling,2024-05-31 06:58:35,false,"Rusko Cycling","23,67","344","01:04:23","110","147","2,0","--","--","22,1","34,9","83","108","--","--","--","0,0","--","--","--","--","21,0","No","00:20:01","3","28,0","01:01:09","01:04:23","57","108"
Cycling,2024-05-28 16:40:35,false,"Turku Cycling","23,72","408","01:04:17","116","151","2,4","--","--","22,1","42,7","115","89","--","--","--","0,0","--","--","--","--","26,0","No","00:18:05","3","32,0","01:00:36","01:04:17","69","116"
Cycling,2024-05-28 07:20:48,false,"Rusko Cycling","23,65","379","01:02:02","115","141","2,3","--","--","22,9","33,6","88","114","--","--","--","0,0","--","--","--","--","22,0","No","00:20:27","3","28,0","01:02:00","01:02:02","3","53"
Walking,2024-05-23 06:45:31,false,"Rusko Walking","3,26","116","00:33:35","88","119","1,1","116","131","10:18","7:05","41","41","0,84","--","--","0,0","--","--","--","3.880","19,0","No","00:33:35","1","29,0","00:33:08","00:33:35","59","74"
Cycling,2024-05-22 16:25:06,false,"Turku Cycling","23,72","422","01:10:00","115","148","2,2","--","--","20,3","38,7","120","98","--","--","--","0,0","--","--","--","--","26,0","No","00:20:14","3","28,0","01:05:23","01:10:00","68","114"
Cycling,2024-05-22 07:06:42,false,"Rusko Cycling","23,68","442","01:02:38","123","150","2,5","--","--","22,7","35,0","87","114","--","--","--","0,0","--","--","--","--","18,0","No","00:20:07","3","25,0","01:01:04","01:02:38","18","71"
Other,2024-05-20 15:47:24,false,"Salibandy","0,00","400","01:18:50","108","150","1,7","--","--","--","--","--","--","--","--","--","0,0","--","--","--","--","28,0","No","01:18:50","1","30,0","00:00:00","01:18:50","22","32"
Walking,2024-05-20 06:53:01,false,"Rusko Walking","3,26","106","00:35:32","83","113","1,1","114","208","10:53","6:46","35","39","0,81","--","--","0,0","--","--","--","4.034","19,0","No","00:35:32","1","30,0","00:35:31","00:35:32","55","73"
Walking,2024-05-18 07:48:24,false,"Rusko Walking","4,67","301","01:19:43","93","145","1,4","79","228","17:04","5:24","127","95","0,75","--","--","0,0","--","--","--","6.718","24,0","No","01:19:43","1","29,0","01:09:22","01:19:43","57","75"
Walking,2024-05-17 05:32:53,false,"Rusko Walking","3,37","125","00:34:48","89","121","1,1","114","126","10:20","1:07","37","43","0,85","--","--","0,0","--","--","--","3.972","20,0","No","00:34:48","1","30,0","00:34:24","00:34:48","60","80"
Cycling,2024-05-16 15:44:56,false,"Turku Cycling","23,55","369","01:07:52","113","138","2,0","--","--","20,8","42,7","119","95","--","--","--","0,0","--","--","--","--","26,0","No","00:20:30","3","29,0","01:05:32","01:07:52","27","73"
Cycling,2024-05-16 06:49:39,false,"Rusko Cycling","23,70","479","01:07:13","126","141","2,6","--","--","21,2","32,3","100","132","--","--","--","0,0","--","--","--","--","16,0","No","00:21:28","3","29,0","01:04:38","01:07:13","15","68"
Cycling,2024-05-14 16:32:31,false,"Turku Cycling","22,11","384","01:02:10","118","142","2,2","--","--","21,3","40,9","92","79","--","--","--","0,0","--","--","--","--","25,0","No","00:15:26","3","27,0","01:00:25","01:02:10","68","111"
Cycling,2024-05-14 07:10:58,false,"Rusko Cycling","23,68","438","01:04:00","121","145","2,4","--","--","22,2","33,4","134","125","--","--","--","0,0","--","--","--","--","16,0","No","00:20:26","3","28,0","01:02:14","01:04:00","9","65"
Other,2024-05-13 15:49:29,false,"Salibandy","0,00","432","01:11:11","115","150","2,2","--","--","--","--","--","--","--","--","--","0,0","--","--","--","--","27,0","No","01:11:11","1","30,0","00:00:00","01:11:11","15","27"
Walking,2024-05-13 07:18:14,false,"Rusko Walking","3,59","209","00:42:04","101","152","2,1","112","224","11:43","6:49","84","85","0,76","--","--","0,0","--","--","--","4.728","23,0","No","00:42:04","1","29,0","00:41:22","00:42:04","47","75"
Walking,2024-05-10 07:21:31,false,"Rusko Walking","4,15","242","01:00:27","96","140","1,5","86","192","14:33","5:22","51","64","0,80","--","--","0,0","--","--","--","5.576","18,0","No","01:00:27","1","28,0","00:59:14","01:00:27","46","69"
Cycling,2024-05-07 16:37:33,false,"Turku Cycling","23,71","432","01:17:48","115","145","2,1","--","--","18,3","36,4","125","112","--","--","--","0,0","--","--","--","--","14,0","No","00:23:50","3","25,0","01:15:04","01:17:48","68","109"
Cycling,2024-05-07 07:08:39,false,"Rusko Cycling","23,69","506","01:05:05","128","148","2,7","--","--","21,8","33,0","92","125","--","--","--","0,0","--","--","--","--","11,0","No","00:20:35","3","28,0","01:03:38","01:05:05","12","70"
Other,2024-05-06 15:53:55,false,"Salibandy","0,00","328","01:07:07","103","143","1,7","--","--","--","--","--","--","--","--","--","0,0","--","--","--","--","27,0","No","01:07:07","1","30,0","00:00:00","01:07:07","31","46"
Walking,2024-05-03 06:49:13,false,"Rusko Walking","3,62","144","00:43:01","86","128","1,2","111","227","11:54","8:19","78","81","0,76","--","--","0,0","--","--","--","4.754","22,0","No","00:43:01","1","29,0","00:42:30","00:43:01","60","78"
Hiking,2024-05-01 09:14:45,false,"Pöytyä Hiking","7,37","396","02:17:19","83","118","1,1","72","159","18:37","8:51","63","61","0,75","--","--","0,0","--","--","--","10.208","18,0","No","02:17:19","1","29,0","01:48:30","02:17:19","64","82"
Other,2024-04-29 15:48:29,false,"Salibandy","0,00","516","01:19:12","118","165","2,5","--","--","--","--","--","--","--","--","--","0,0","--","--","--","--","27,0","No","01:19:12","1","30,0","00:00:00","01:19:12","38","48"
Other,2024-04-27 12:14:24,false,"Loimaa halonhakkuu","0,56","155","00:34:32","100","130","1,2","--","--","1,0","4,0","2","5","--","--","--","0,0","--","--","--","--","25,0","No","00:34:32","1","28,0","00:02:41","00:34:32","84","88"
Other,2024-04-27 09:08:59,false,"Loimaa halonhakku","2,44","574","02:26:59","98","126","1,3","--","--","1,0","5,2","2","22","--","--","--","0,0","--","--","--","--","22,0","No","02:26:59","1","26,0","00:36:33","02:26:59","82","88"
Walking,2024-04-26 06:48:40,false,"Rusko Walking","3,54","165","00:42:50","91","137","1,4","111","180","12:06","8:01","85","88","0,75","--","--","0,0","--","--","--","4.748","19,0","No","00:42:50","1","28,0","00:42:00","00:42:50","54","75"
Indoor Cycling,2024-04-25 18:29:23,false,"Indoor Cycling","0,00","254","01:00:36","105","129","1,5","--","--","--","--","--","--","--","66","73","0,0","4022","--","--","--","26,0","No","01:00:36","1","29,0","00:00:00","01:00:36","160","160"
Other,2024-04-22 15:51:05,false,"Salibandy","0,00","364","01:10:42","108","150","1,7","--","--","--","--","--","--","--","--","--","0,0","--","--","--","--","25,0","No","01:10:42","1","29,0","00:00:00","01:10:42","94","104"
Walking,2024-04-18 07:05:45,false,"Rusko Walking","3,36","134","00:37:31","90","111","1,1","111","122","11:11","8:40","38","43","0,81","--","--","0,0","--","--","--","4.200","18,0","No","00:37:31","1","28,0","00:37:31","00:37:31","117","136"
Walking,2024-04-16 17:32:16,false,"Rusko Walking","3,05","142","00:36:00","94","132","1,2","107","125","11:48","7:07","48","53","0,80","--","--","0,0","--","--","--","3.914","22,0","No","00:36:00","1","28,0","00:35:35","00:36:00","134","153"
Walking,2024-04-16 07:50:58,false,"Rusko Walking","3,27","137","00:35:43","92","144","1,2","112","120","10:55","8:14","34","41","0,82","--","--","0,0","--","--","--","4.028","22,0","No","00:35:43","1","29,0","00:35:41","00:35:43","141","162"
Walking,2024-04-15 17:34:26,false,"Rusko Walking","2,84","156","00:39:48","94","120","1,2","93","125","14:02","9:07","44","53","0,76","--","--","0,0","--","--","--","3.762","24,0","No","00:39:48","1","27,0","00:37:36","00:39:48","148","165"
Walking,2024-04-15 07:21:22,false,"Rusko Walking","3,30","133","00:38:28","88","124","1,1","106","120","11:40","9:27","187","41","0,81","--","--","0,0","--","--","--","4.164","23,0","No","00:38:28","1","28,0","00:38:05","00:38:28","149","167"
Walking,2024-04-14 10:56:36,false,"Rusko Walking","3,42","248","01:00:01","100","125","1,4","74","157","17:32","8:35","228","53","0,78","--","--","0,0","--","--","--","4.900","21,0","No","01:00:01","1","27,0","00:54:23","01:00:01","144","159"
Walking,2024-04-11 06:52:50,false,"Rusko Walking","3,42","190","00:42:29","102","120","1,4","103","120","12:25","8:30","37","50","0,78","--","--","0,0","--","--","--","4.394","17,0","No","00:42:29","1","29,0","00:41:08","00:42:29","112","135"
Walking,2024-04-09 07:17:18,false,"Rusko Walking","3,30","147","00:39:03","92","117","1,1","107","120","11:51","8:40","38","41","0,79","--","--","0,0","--","--","--","4.186","25,0","No","00:39:03","1","29,0","00:39:02","00:39:03","101","117"
Walking,2024-04-08 06:51:21,false,"Rusko Walking","3,27","129","00:37:57","88","106","1,1","107","120","11:35","8:56","7","12","0,81","--","--","0,0","--","--","--","4.070","25,0","No","00:37:57","1","28,0","00:37:47","00:37:57","107","115"
Walking,2024-04-04 17:35:39,false,"Rusko Walking","3,09","169","00:41:24","95","128","1,2","96","125","13:25","7:21","25","23","0,78","--","--","0,0","--","--","--","4.194","22,0","No","00:41:24","1","27,0","00:40:51","20:29:45","104","119"
Walking,2024-04-02 19:07:27,false,"Rusko Walking","1,53","158","00:22:07","122","169","2,2","98","221","14:28","8:16","54","61","0,70","--","--","0,0","--","--","--","2.230","13,0","No","00:22:07","1","23,0","00:19:13","00:22:07","134","169"
Walking,2024-04-01 18:28:03,false,"Rusko Walking","6,52","238","01:18:34","85","114","1,1","96","234","12:03","6:49","128","40","0,86","--","--","0,0","--","--","--","7.516","19,0","No","01:18:34","1","28,0","01:15:20","01:18:34","148","181"
Walking,2024-03-30 12:20:33,false,"Rusko Walking","4,65","372","01:55:44","88","120","1,1","49","244","24:53","7:19","123","72","0,82","--","--","0,0","--","--","--","5.804","22,0","No","01:55:44","1","28,0","01:16:16","01:55:44","158","180"
Walking,2024-03-29 13:15:57,false,"Rusko Walking","4,57","271","01:41:18","80","141","1,2","48","249","22:12","6:30","81","91","0,94","--","--","0,0","--","--","--","5.224","22,0","No","01:41:18","1","29,0","01:00:11","01:41:18","183","229"
Other,2024-03-25 15:55:24,false,"Salibandy","0,00","314","01:05:53","104","147","1,5","--","--","--","--","--","--","--","--","--","0,0","--","--","--","--","26,0","No","01:05:53","1","29,0","00:00:00","01:06:02","156","172"
Walking,2024-03-25 07:13:14,false,"Rusko Walking","3,21","101","00:34:30","82","100","1,1","113","120","10:45","2:11","10","12","0,82","--","--","0,0","--","--","--","3.912","25,0","No","00:34:30","1","28,0","00:34:30","00:34:30","204","213"
Other,2024-03-23 14:52:43,false,"Salibandy","0,00","539","01:14:22","130","174","2,7","--","--","--","--","--","--","--","--","--","0,0","--","--","--","--","27,0","No","01:14:22","1","29,0","00:00:00","01:14:22","181","181"
Other,2024-03-23 12:48:29,false,"Salibandy","0,00","602","01:14:09","133","171","3,2","--","--","--","--","--","--","--","--","--","0,0","--","--","--","--","28,0","No","01:14:09","1","31,0","00:00:00","01:14:09","180","181"
Other,2024-03-23 12:29:34,false,"Salibandy","0,00","54","00:08:50,4","110","147","1,4","--","--","--","--","--","--","--","--","--","0,0","--","--","--","--","28,0","No","00:08:50,4","1","28,0","00:00:00","00:08:50,4","181","184"
Walking,2024-03-19 07:23:02,false,"Rusko Walking","4,39","299","01:20:47","92","128","1,8","54","128","18:25","8:43","16","16","1,01","--","--","0,0","--","--","--","4.238","22,0","No","01:20:47","1","29,0","00:39:42","01:20:47","185","194"
Other,2024-03-18 15:49:51,false,"Salibandy","0,00","339","01:10:10","104","159","1,7","--","--","--","--","--","--","--","--","--","0,0","--","--","--","--","26,0","No","01:10:10","1","30,0","00:00:00","01:10:10","148","161"
Other,2024-03-17 08:38:35,false,"Rusko Lumityö ","2,19","276","01:08:37","99","120","1,2","--","--","1,9","23,1","22","104","--","--","--","0,0","--","--","--","--","25,0","No","01:08:37","1","29,0","00:42:45","01:08:37","194","211"
Walking,2024-03-15 06:47:25,false,"Rusko Walking","3,29","155","00:33:59","100","134","1,4","114","123","10:20","7:56","14","19","0,85","--","--","0,0","--","--","--","3.904","25,0","No","00:33:59","1","28,0","00:33:40","00:33:59","222","230"
Walking,2024-03-12 06:49:49,false,"Rusko Walking","3,25","152","00:34:40","99","117","1,2","113","123","10:41","8:14","12","125","0,83","--","--","0,0","--","--","--","3.950","22,0","No","00:34:40","1","27,0","00:34:27","00:34:40","186","195"
Other,2024-03-11 15:47:01,false,"Salibandy","0,00","466","01:13:55","119","166","2,4","--","--","--","--","--","--","--","--","--","0,0","--","--","--","--","26,0","No","01:13:55","1","29,0","00:00:00","01:13:55","148","158"
Walking,2024-03-11 06:59:21,false,"Rusko Walking","3,25","123","00:34:28","90","105","1,1","114","122","10:37","7:12","14","133","0,83","--","--","0,0","--","--","--","3.900","21,0","No","00:34:28","1","28,0","00:34:23","00:34:28","163","172"
Walking,2024-03-05 16:58:31,false,"Rusko Walking","3,48","167","00:45:17","92","108","1,1","95","122","13:02","6:05","21","19","0,81","--","--","0,0","--","--","--","4.456","22,0","No","00:45:17","1","28,0","00:41:58","00:45:17","157","166"
Other,2024-03-04 15:45:10,false,"Salibandy","0,00","480","01:16:37","118","172","2,6","--","--","--","--","--","--","--","--","--","0,0","--","--","--","--","25,0","No","01:16:37","1","30,0","00:00:00","01:16:37","112","127"
Walking,2024-03-04 07:29:58,false,"Rusko Walking","3,30","121","00:35:25","88","99","1,1","113","120","10:44","8:53","14","15","0,83","--","--","0,0","--","--","--","4.024","23,0","No","00:35:25","1","27,0","00:35:23","00:35:25","145","154"
Walking,2024-03-03 11:10:47,false,"Rusko Walking","2,77","159","00:30:32","104","125","1,5","110","123","11:01","8:07","10","93","0,82","--","--","0,0","--","--","--","3.400","23,0","No","00:30:32","1","26,0","00:30:32","00:30:32","148","156"
Walking,2024-02-26 07:25:49,false,"Rusko Walking","2,63","101","00:30:13","86","104","1,1","110","123","11:29","7:48","17","11","0,79","--","--","0,0","--","--","--","3.370","25,0","No","00:30:13","1","29,0","00:30:10","00:30:13","154","163"
Other,2024-02-25 09:45:02,false,"Rusko Lumityö ","1,08","190","00:35:02","108","137","1,7","--","--","1,9","5,0","9","16","--","--","--","0,0","--","--","--","--","26,0","No","00:35:02","1","27,0","00:18:52","00:35:02","155","164"
Cross Country Classic Skiing,2024-02-22 15:54:11,false,"Nousiainen Cross Country Classic Skiing","1,45","88","00:24:48","89","113","1,1","53","159","3,5","15,5","197","52","1,10","--","--","0,0","--","--","--","302","21,0","No","00:24:48","1","23,0","00:21:29","00:24:48","130","180"
Skating,2024-02-21 12:45:59,false,"Tampere Luistelu","9,00","146","01:05:34","75","97","1,1","--","--","8,2","17,1","9","6","--","--","--","0,0","--","--","--","--","9,0","No","00:25:47","2","22,0","00:51:13","01:05:34","151","160"
Cross Country Classic Skiing,2024-02-21 08:42:22,false,"Jyvaskyla Cross Country Classic Skiing","9,17","324","01:17:41","101","152","1,5","77","199","7,1","25,3","126","134","1,53","--","--","0,0","--","--","--","4.108","19,0","No","00:10:53","2","22,0","01:13:09","01:17:41","235","285"
Skating,2024-02-20 08:52:14,false,"Kuopio Luistelu","14,70","243","01:09:20","91","110","1,1","--","--","12,7","18,9","13","17","--","--","--","0,0","--","--","--","--","16,0","No","00:21:40","3","27,0","01:06:17","01:09:20","130","141"
Walking,2024-02-19 19:07:17,false,"Kuopio Walking","3,70","233","00:46:34","105","129","2,0","84","125","12:36","7:58","21","39","0,94","--","--","0,0","--","--","--","3.910","25,0","No","00:46:34","1","31,0","00:45:06","00:46:34","135","164"
Walking,2024-02-19 17:18:16,false,"Kuopio Walking","6,65","235","01:14:28","87","126","1,5","45","149","11:12","6:16","66","17","1,96","--","--","0,0","--","--","--","3.412","20,0","No","01:14:28","1","31,0","01:14:09","01:14:28","132","182"
Skating,2024-02-19 14:37:38,false,"Kuopio Luistelu","11,67","149","01:00:03","78","121","1,1","--","--","11,7","21,0","22","17","--","--","--","0,0","--","--","--","--","5,0","No","00:08:34,4","3","25,0","00:57:35","01:00:03","129","139"
Skating,2024-02-19 09:39:31,false,"Kuopio Luistelu","7,78","157","00:45:39","89","105","1,1","--","--","10,2","17,8","5","8","--","--","--","0,0","--","--","--","--","19,0","No","00:13:41","2","26,0","00:39:56","00:45:39","123","129"
Other,2024-02-12 15:45:13,false,"Salibandy","0,00","389","01:14:52","109","155","1,8","--","--","--","--","--","--","--","--","--","0,0","--","--","--","--","23,0","No","00:34:15","2","30,0","00:00:00","01:17:00","26","41"
Walking,2024-02-12 06:58:26,false,"Rusko Walking","3,27","131","00:35:10","92","125","1,1","113","122","10:46","8:35","14","13","0,82","--","--","0,0","--","--","--","3.996","17,0","No","00:35:10","1","26,0","00:35:00","00:35:10","56","66"
Skating,2024-02-11 12:17:58,false,"Naantali Luistelu","10,42","244","01:01:44","97","131","1,5","--","--","10,1","17,9","205","20","--","--","--","0,0","--","--","--","--","--","No","00:02:27,5","3","20,0","00:58:21","01:26:17","-47","-27"
Skating,2024-02-10 15:08:55,false,"Säkylä Luistelu","8,52","216","00:57:31","94","127","1,2","--","--","8,9","17,6","26","23","--","--","--","0,0","--","--","--","--","2,0","No","00:23:29","2","16,0","00:49:22","00:57:31","-10","1"
Cross Country Classic Skiing,2024-02-06 16:29:07,false,"Rusko Cross Country Classic Skiing","1,87","55","00:15:33","88","117","1,1","69","159","7,2","26,3","279","24","1,75","--","--","0,0","--","--","--","514","20,0","No","00:15:33","1","23,0","00:14:25","00:15:33","37","48"
Other,2024-02-05 15:49:09,false,"Salibandy","0,00","318","01:13:28","100","144","1,5","--","--","--","--","--","--","--","--","--","0,0","--","--","--","--","25,0","No","01:13:28","1","29,0","00:00:00","01:13:28","-10","11"
Cross Country Skate Skiing,2024-02-03 16:44:24,false,"Rusko Cross Country Classic Skiing","1,85","107","00:14:10","135","177","2,1","83","244","7,8","28,0","27","25","1,57","--","--","0,0","--","--","--","554","21,0","No","00:14:10","1","22,0","00:13:17","00:14:10","53","63"
Cross Country Skate Skiing,2024-02-03 15:58:04,false,"Nousiainen Cross Country Classic Skiing","4,33","187","00:29:45","118","141","2,0","74","180","8,7","30,3","364","98","1,97","--","--","0,0","--","--","--","1.288","22,0","No","00:29:45","1","25,0","00:28:16","00:29:45","101","134"
Other,2024-02-03 08:18:46,false,"Rusko Lumityö","1,47","205","00:50:18","98","123","1,2","--","--","1,8","5,7","315","16","--","--","--","0,0","--","--","--","--","25,0","No","00:50:18","1","28,0","00:28:28","00:50:18","88","99"
Other,2024-01-29 15:42:21,false,"Salibandy","0,00","335","01:19:29","100","144","1,8","--","--","--","--","--","--","--","--","--","0,0","--","--","--","--","25,0","No","01:19:29","1","29,0","00:00:00","01:19:29","18","32"
Walking,2024-01-28 14:48:02,false,"Rusko Walking","7,16","327","01:27:50","93","126","1,6","101","126","12:16","7:12","41","34","0,81","--","--","0,0","--","--","--","8.916","13,0","No","01:27:50","1","28,0","01:22:34","01:36:54","51","74"
Other,2024-01-22 19:05:13,false,"Rusko Lumityö ","0,65","109","00:21:58","103","125","1,3","--","--","1,8","6,6","287","10","--","--","--","0,0","--","--","--","--","23,0","No","00:21:58","1","26,0","00:10:06","00:21:58","118","132"
Other,2024-01-22 15:51:02,false,"Salibandy","0,00","384","01:11:56","110","160","1,8","--","--","--","--","--","--","--","--","--","0,0","--","--","--","--","24,0","No","01:11:56","1","29,0","00:00:00","01:11:56","70","78"
Walking,2024-01-22 07:09:49,false,"Rusko Walking","3,23","210","00:34:15","114","129","1,8","116","125","10:37","7:19","234","16","0,81","--","--","0,0","--","--","--","3.992","21,0","No","00:34:15","1","27,0","00:34:06","00:34:15","32","39"
Other,2024-01-18 17:14:30,false,"Rusko Lumityö ","1,82","481","01:07:26","129","172","2,9","--","--","1,6","9,3","6","20","--","--","--","0,0","--","--","--","--","21,0","No","01:07:26","1","27,0","00:36:38","01:07:26","89","99"
Other,2024-01-15 19:21:29,false,"Rusko Muu","0,01","2","00:01:47,8","105","130","1,0","--","--","0,4","--","--","--","--","--","--","0,0","--","--","--","--","25,0","No","00:01:47,8","1","25,0","00:00:00","00:01:47,8","49","50"
Other,2024-01-15 15:49:09,false,"Salibandy","0,00","521","01:11:19","126","173","2,7","--","--","--","--","--","--","--","--","--","0,0","--","--","--","--","24,0","No","01:11:19","1","29,0","00:00:00","01:11:19","3","22"
Walking,2024-01-15 07:55:09,false,"Rusko Walking","0,71","53","00:12:02","96","108","1,1","78","120","16:52","10:57","--","11","0,76","--","--","0,0","--","--","--","968","20,0","No","00:12:02","1","21,0","00:11:40","00:12:02","45","57"
Cross Country Skate Skiing,2024-01-15 07:24:48,false,"Rusko Cross Country Classic Skiing","3,84","91","00:29:49","83","100","1,1","60","159","7,7","28,4","47","56","2,14","--","--","0,0","--","--","--","1.450","21,0","No","00:29:49","1","25,0","00:28:49","00:29:49","40","59"
Other,2024-01-13 15:39:08,false,"Rusko Muu","0,05","6","00:02:37,2","77","109","1,0","--","--","1,1","2,4","1","--","--","--","--","0,0","--","--","--","--","26,0","No","00:02:37,2","1","26,0","00:00:18","00:02:37,2","30","32"
Cross Country Classic Skiing,2024-01-13 11:32:00,false,"Nousiainen Cross Country Classic Skiing","7,79","302","01:14:32","99","124","1,2","66","159","6,3","20,9","86","82","1,59","--","--","0,0","--","--","--","3.000","19,0","No","01:14:32","1","24,0","01:12:05","01:14:32","23","59"
Cross Country Skate Skiing,2024-01-11 19:23:00,false,"Rusko Cross Country Classic Skiing","3,76","155","00:27:06","110","141","1,7","60","204","8,3","31,1","53","59","2,31","--","--","0,0","--","--","--","878","17,0","No","00:27:06","1","22,0","00:24:11","00:27:06","17","32"
Cross Country Skate Skiing,2024-01-10 17:27:16,false,"Rusko Cross Country Classic Skiing","8,37","443","00:48:32","137","156","3,4","80","206","10,3","32,5","99","104","2,16","--","--","0,0","--","--","--","2.910","17,0","No","00:02:21,8","2","22,0","00:47:46","00:48:32","47","60"
Other,2024-01-08 15:56:39,false,"Salibandy","0,00","405","01:03:54","118","158","2,2","--","--","--","--","--","--","--","--","--","0,0","--","--","--","--","24,0","No","01:03:54","1","30,0","00:00:00","01:03:54","-115","-101"
Skating,2024-01-07 13:27:48,false,"Naantali Luistelu","11,59","207","00:52:32","96","140","1,2","--","--","13,2","21,6","5","103","--","--","--","0,0","--","--","--","--","13,0","No","00:09:27,8","3","18,0","00:48:14","00:52:42","-145","25"
Cross Country Classic Skiing,2024-01-01 14:13:40,false,"Rusko Cross Country Classic Skiing","5,98","185","00:44:29","96","138","1,2","78","176","8,1","31,2","74","85","1,74","--","--","0,0","--","--","--","2.488","18,0","No","00:44:29","1","25,0","00:43:15","00:44:29","23","44"
Cross Country Skate Skiing,2023-12-30 16:43:48,false,"Rusko Cross Country Classic Skiing","9,90","534","01:09:07","129","154","2,7","76","236","8,6","28,9","120","141","1,89","--","--","0,0","--","--","--","3.398","20,0","No","00:12:56","2","23,0","01:08:15","01:09:07","34","62"
Walking,2023-12-30 07:10:21,false,"Rusko Walking","2,44","165","00:43:40","92","108","1,1","71","125","17:53","6:46","21","31","0,79","--","--","0,0","--","--","--","3.370","24,0","No","00:43:40","1","29,0","00:37:34","00:43:40","57","71"
Other,2023-12-29 14:19:57,false,"Rusko Muu","1,64","168","00:42:18","96","124","1,2","--","--","2,3","5,7","9","17","--","--","--","0,0","--","--","--","--","22,0","No","00:42:18","1","27,0","00:30:52","00:42:18","105","118"
Cross Country Skate Skiing,2023-12-28 14:40:46,false,"Rusko Cross Country Classic Skiing","8,12","480","00:57:25","129","154","3,2","75","243","8,5","30,2","110","112","1,88","--","--","0,0","--","--","--","2.554","22,0","No","00:00:53,9","2","24,0","00:55:49","00:57:25","94","107"
Walking,2023-12-21 07:12:08,false,"Rusko Walking","3,22","117","00:33:16","90","100","1,1","117","126","10:20","7:28","305","15","0,83","--","--","0,0","--","--","--","3.856","22,0","No","00:33:16","1","28,0","00:33:05","00:33:16","105","118"
Walking,2023-12-20 06:58:08,false,"Rusko Walking","3,22","123","00:33:44","91","121","1,1","117","126","10:29","8:14","12","15","0,81","--","--","0,0","--","--","--","3.944","23,0","No","00:33:44","1","28,0","00:33:35","00:33:44","113","123"
Other,2023-12-18 15:56:05,false,"Salibandy","0,00","392","01:04:44","117","170","2,1","--","--","--","--","--","--","--","--","--","0,0","--","--","--","--","25,0","No","01:04:44","1","30,0","00:00:00","01:04:44","74","86"
Walking,2023-12-18 07:46:47,false,"Rusko Walking","3,27","316","00:35:30","135","151","3,0","115","122","10:52","7:38","111","18","0,80","--","--","0,0","--","--","--","4.050","24,0","No","00:35:30","1","26,0","00:35:24","00:35:30","108","118"
Cross Country Skate Skiing,2023-12-16 10:55:14,false,"Rusko Cross Country Classic Skiing","5,93","187","00:42:47","98","135","1,5","64","159","8,3","31,3","69","77","2,18","--","--","0,0","--","--","--","2.464","23,0","No","00:42:47","1","25,0","00:40:22","00:42:47","66","85"
Other,2023-12-16 09:19:24,false,"Rusko Muu","1,41","170","00:40:26","99","117","1,2","--","--","2,1","7,3","19","14","--","--","--","0,0","--","--","--","--","21,0","No","00:40:26","1","25,0","00:24:06","00:40:26","62","74"
Other,2023-12-11 15:55:53,false,"Salibandy","0,00","366","01:05:29","113","165","2,0","--","--","--","--","--","--","--","--","--","0,0","--","--","--","--","25,0","No","01:05:29","1","29,0","00:00:00","01:05:29","9","22"
Cross Country Classic Skiing,2023-12-10 16:15:02,false,"Rusko Cross Country Classic Skiing","5,98","205","00:41:33","106","148","1,5","78","159","8,6","30,4","74","89","1,84","--","--","0,0","--","--","--","2.340","10,0","No","00:41:33","1","17,0","00:40:22","00:41:33","37","64"
Walking,2023-12-10 16:06:44,false,"Rusko Walking","0,61","38","00:07:44,3","101","111","1,1","105","123","12:40","8:21","13","4","0,75","--","--","0,0","--","--","--","814","18,0","No","00:07:44,3","1","27,0","00:07:36","00:07:44,3","62","73"
Walking,2023-12-06 15:51:16,false,"Rusko Walking","0,62","57","00:08:33,2","113","122","1,4","102","125","13:42","10:05","5","8","0,72","--","--","0,0","--","--","--","836","24,0","No","00:08:33,2","1","25,0","00:08:02","00:08:33,2","51","58"
Cross Country Classic Skiing,2023-12-06 15:10:35,false,"Rusko Cross Country Classic Skiing","4,46","249","00:40:09","114","152","2,4","70","149","6,7","28,1","49","59","1,59","--","--","0,0","--","--","--","1.680","21,0","No","00:40:09","1","24,0","00:34:23","00:40:09","35","51"
Other,2023-12-06 09:10:13,false,"Rusko lumityöt","1,90","256","01:09:02","94","127","1,2","--","--","1,7","6,5","20","31","--","--","--","0,0","--","--","--","--","15,0","No","01:09:02","1","25,0","00:31:17","01:09:02","28","39"
Other,2023-12-04 15:47:47,false,"Salibandy","0,00","290","01:14:55","97","146","1,5","--","--","--","--","--","--","--","--","--","0,0","--","--","--","--","24,0","No","01:14:55","1","28,0","00:00:00","01:14:55","-7","10"
Walking,2023-12-04 06:50:30,false,"Rusko Walking","3,35","200","00:35:49","110","127","1,8","111","124","10:41","8:35","126","14","0,85","--","--","0,0","--","--","--","3.930","20,0","No","00:35:49","1","27,0","00:34:49","00:35:49","27","37"
Walking,2023-12-03 11:38:42,false,"Rusko Walking","2,65","111","00:29:45","92","100","1,1","111","120","11:13","5:07","12","9","0,80","--","--","0,0","--","--","--","3.358","19,0","No","00:29:45","1","25,0","00:29:45","00:29:45","29","40"
Walking,2023-12-01 06:12:47,false,"Rusko Walking","3,38","106","00:36:46","82","98","1,1","114","173","10:53","5:12","202","15","0,80","--","--","0,0","--","--","--","4.244","22,0","No","00:36:46","1","26,0","00:36:46","00:36:46","34","43"
Other,2023-11-27 15:47:09,false,"Salibandy","0,00","298","01:14:59","97","156","2,0","--","--","--","--","--","--","--","--","--","0,0","--","--","--","--","21,0","No","01:14:59","1","28,0","00:00:00","01:14:59","-12","-2"
Other,2023-11-26 16:02:19,false,"Salibandy","1,92","596","01:08:26","138","172","3,4","--","--","1,7","11,7","4","9","--","--","--","0,0","--","--","--","--","28,0","No","01:08:26","1","32,0","00:15:57","01:08:26","-6","2"
Other,2023-11-26 13:55:10,false,"Salibandy","0,00","510","01:03:47","131","173","3,5","--","--","--","--","--","--","--","--","--","0,0","--","--","--","--","28,0","No","01:03:47","1","32,0","00:00:00","01:03:47","-6","6"
Walking,2023-11-24 06:16:47,false,"Rusko Walking","3,26","89","00:35:01","79","93","1,0","116","126","10:44","7:10","12","11","0,80","--","--","0,0","--","--","--","4.086","11,0","No","00:35:01","1","27,0","00:34:27","00:35:01","57","68"
Other,2023-11-20 15:51:36,false,"Salibandy","0,00","386","01:10:23","111","159","2,1","--","--","--","--","--","--","--","--","--","0,0","--","--","--","--","25,0","No","01:10:23","1","30,0","00:00:00","01:10:23","183","197"
Walking,2023-11-19 11:27:23,false,"Rusko Walking","4,02","135","00:49:32","81","100","1,1","100","157","12:20","7:19","34","115","0,81","--","--","0,0","--","--","--","5.182","19,0","No","00:49:32","1","25,0","00:47:42","00:49:32","213","237"
Walking,2023-11-17 06:21:31,false,"Rusko Walking","3,36","111","00:35:50","85","95","1,1","113","123","10:41","8:51","41","187","0,83","--","--","0,0","--","--","--","4.098","13,0","No","00:35:50","1","26,0","00:35:50","00:35:50","220","240"
Other,2023-11-13 15:45:23,false,"Salibandy","0,00","414","01:16:22","111","156","2,1","--","--","--","--","--","--","--","--","--","0,0","--","--","--","--","26,0","No","01:16:22","1","31,0","00:00:00","01:16:22","220","233"
Walking,2023-11-10 07:20:37,false,"Rusko Walking","3,37","110","00:39:30","81","98","1,1","108","120","11:43","8:45","42","44","0,79","--","--","0,0","--","--","--","4.308","17,0","No","00:39:30","1","26,0","00:39:30","00:39:30","251","269"
Other,2023-11-06 15:47:57,false,"Salibandy","0,00","478","01:14:30","120","159","2,4","--","--","--","--","--","--","--","--","--","0,0","--","--","--","--","26,0","No","01:14:30","1","30,0","00:00:00","01:14:30","224","243"
Other,2023-10-30 15:51:55,false,"Salibandy","0,00","273","01:10:40","96","153","2,0","--","--","--","--","--","--","--","--","--","0,0","--","--","--","--","26,0","No","01:10:40","1","29,0","00:00:00","01:10:40","193","213"
Other,2023-10-28 09:35:14,false,"Salibandy","0,00","645","01:20:51","135","169","3,2","--","--","--","--","--","--","--","--","--","0,0","--","--","--","--","28,0","No","01:20:51","1","31,0","00:00:00","01:20:51","224","232"
Other,2023-10-23 15:50:52,false,"Salibandy","0,00","391","01:10:28","113","151","1,9","--","--","--","--","--","--","--","--","--","0,0","--","--","--","--","25,0","No","01:10:28","1","29,0","00:00:00","01:10:28","164","182"
Walking,2023-10-23 07:09:35,false,"Rusko Walking","3,35","184","00:36:09","104","124","1,5","113","123","10:48","6:12","40","41","0,82","--","--","0,0","--","--","--","4.096","12,0","No","00:36:09","1","27,0","00:36:09","00:36:09","207","227"
Walking,2023-10-12 17:41:37,false,"Rusko Kävely","2,90","167","00:36:09","103","141","1,4","99","223","12:28","5:38","75","36","0,81","--","--","0,0","--","--","--","3.688","19,0","No","00:36:09","1","27,0","00:35:49","00:36:09","294","310"
Walking,2023-10-12 06:16:51,false,"Rusko Kävely","3,36","180","00:36:13","103","124","1,5","113","125","10:46","6:44","418","40","0,82","--","--","0,0","--","--","--","4.116","19,0","No","00:36:13","1","28,0","00:36:07","00:36:13","40","320"
Other,2023-10-09 15:46:32,false,"Salibandy","0,00","337","01:18:04","100","147","1,7","--","--","--","--","--","--","--","--","--","0,0","--","--","--","--","25,0","No","01:18:04","1","30,0","00:00:00","01:18:04","40","40"
Walking,2023-10-05 06:12:05,false,"Rusko Kävely","3,36","136","00:35:21","93","126","1,2","113","131","10:32","6:10","156","39","0,84","--","--","0,0","--","--","--","4.000","17,0","No","00:35:21","1","28,0","00:34:40","00:35:21","100","119"
Other,2023-10-02 15:48:20,false,"Salibandy","0,00","382","01:14:14","108","160","2,1","--","--","--","--","--","--","--","--","--","0,0","--","--","--","--","26,0","No","01:14:14","1","31,0","00:00:00","01:14:14","57","62"
Walking,2023-09-28 06:49:42,false,"Rusko Kävely","3,31","157","00:35:45","99","127","1,3","113","127","10:48","7:27","38","43","0,82","--","--","0,0","--","--","--","3.986","22,0","No","00:35:45","1","28,0","00:35:22","00:35:45","98","118"
Cycling,2023-09-27 16:47:17,false,"Turku Pyöräily","23,72","437","01:02:30","122","146","2,5","--","--","22,8","40,3","119","97","--","--","--","0,0","--","--","--","--","20,0","No","00:19:05","3","26,0","01:01:37","01:02:30","71","114"
Cycling,2023-09-27 06:46:59,false,"Rusko Pyöräily","23,66","372","01:05:41","114","145","2,2","--","--","21,6","33,0","87","111","--","--","--","0,0","--","--","--","--","18,0","No","00:21:16","3","28,0","01:04:14","01:05:41","23","74"
Other,2023-09-25 15:47:52,false,"Salibandy","0,00","493","01:14:22","118","170","3,1","--","--","--","--","--","--","--","--","--","0,0","--","--","--","--","27,0","No","01:14:22","1","32,0","00:00:00","01:14:22","-14","-0"
Walking,2023-09-23 19:15:45,false,"Rusko Kävely","3,14","212","00:38:24","110","140","1,9","101","150","12:14","6:30","36","40","0,81","--","--","0,0","--","--","--","3.836","22,0","No","00:38:24","1","29,0","00:34:57","00:38:24","54","72"
Cycling,2023-09-22 16:47:51,false,"Turku Pyöräily","23,75","458","01:02:03","125","157","3,0","--","--","23,0","39,1","122","101","--","--","--","0,0","--","--","--","--","23,0","No","00:19:29","3","27,0","01:01:32","01:02:03","24","69"
Cycling,2023-09-22 06:53:28,false,"Rusko Pyöräily","23,66","508","01:05:13","130","154","3,0","--","--","21,8","32,7","104","129","--","--","--","0,0","--","--","--","--","17,0","No","00:20:50","3","28,0","01:03:43","01:05:13","20","69"
Walking,2023-09-21 06:46:05,false,"Rusko Kävely","3,22","133","00:37:24","91","116","1,1","106","123","11:36","7:38","34","38","0,81","--","--","0,0","--","--","--","3.952","21,0","No","00:37:24","1","26,0","00:36:40","00:37:24","105","122"
Other,2023-09-18 15:52:30,false,"Salibandy","0,00","306","01:10:39","101","139","1,4","--","--","--","--","--","--","--","--","--","0,0","--","--","--","--","26,0","No","01:10:39","1","30,0","00:00:00","01:10:39","58","64"
Walking,2023-09-16 18:21:45,false,"Rusko Kävely","2,67","170","00:45:30","92","133","1,4","63","249","17:04","3:32","33","36","0,93","--","--","0,0","--","--","--","3.132","21,0","No","00:45:30","1","25,0","00:32:44","00:45:30","95","115"
Other,2023-09-11 15:46:16,false,"Salibandy","0,00","392","01:16:46","107","155","2,1","--","--","--","--","--","--","--","--","--","0,0","--","--","--","--","27,0","No","01:16:46","1","32,0","00:00:00","01:16:46","46","58"
Cycling,2023-09-08 16:30:53,false,"Turku Pyöräily","23,74","417","01:12:38","117","138","2,3","--","--","19,6","38,3","112","95","--","--","--","0,0","--","--","--","--","24,0","No","00:23:14","3","28,0","01:10:19","01:12:38","69","109"
Cycling,2023-09-08 06:55:36,false,"Rusko Pyöräily","23,70","487","01:07:06","136","185","5,0","--","--","21,2","31,9","85","117","--","--","--","0,0","--","--","--","--","19,0","No","00:21:19","3","27,0","01:05:04","01:07:06","-218","-162"
Cycling,2023-09-07 07:11:33,false,"Rusko Pyöräily","21,24","258","01:00:55","93","119","1,4","--","--","20,9","38,8","281","100","--","--","--","0,0","--","--","--","--","13,0","No","00:14:47","3","27,0","01:00:13","01:15:34","-201","-165"
Other,2023-09-04 15:47:04,false,"Salibandy","0,00","397","01:14:41","104","152","2,0","--","--","--","--","--","--","--","--","--","0,0","--","--","--","--","28,0","No","01:14:41","1","31,0","00:00:00","01:14:41","-188","-182"
Other,2023-08-28 15:49:22,false,"Salibandy","0,00","543","01:14:11","118","171","3,2","--","--","--","--","--","--","--","--","--","0,0","--","--","--","--","26,0","No","01:14:11","1","32,0","00:00:00","01:14:11","-134","-125"
Hiking,2023-08-26 17:33:07,false,"Pöytyä Savonranta lenkki auto n 10 km lopussa aika ja matka poistettu","10,00","566","02:15:19","91","157","1,8","84","120","13:32","0:43","356","113","1,64","--","--","0,0","--","--","--","12.678","22,0","No","00:00:07,3","3","29,0","02:15:19","03:49:46","-91","-72"
Walking,2023-08-24 07:24:52,false,"Rusko Kävely","3,34","145","00:40:11","85","111","1,1","106","120","12:02","7:16","39","37","0,78","--","--","0,0","--","--","--","4.310","22,0","No","00:40:11","1","29,0","00:39:34","00:40:11","-102","-85"
Other,2023-08-21 15:50:59,false,"Salibandy","0,00","575","01:13:03","122","158","3,4","--","--","--","--","--","--","--","--","--","0,0","--","--","--","--","28,0","No","01:13:03","1","32,0","00:00:00","01:13:03","-167","-167"
Cycling,2023-08-18 16:23:05,false,"Turku Pyöräily","23,74","501","01:11:07","118","137","2,7","--","--","20,0","38,2","282","106","--","--","--","0,0","--","--","--","--","21,0","No","00:22:15","3","26,0","01:09:26","01:11:07","-192","-149"
Cycling,2023-08-18 06:57:59,false,"Rusko Pyöräily","23,64","531","01:03:30","124","153","3,0","--","--","22,3","33,9","95","125","--","--","--","0,0","--","--","--","--","16,0","No","00:20:51","3","26,0","01:02:46","01:03:30","-203","-148"
Walking,2023-08-15 07:47:53,false,"Rusko Kävely","3,41","138","00:41:38","81","111","1,1","103","126","12:13","8:33","37","42","0,80","--","--","0,0","--","--","--","4.270","22,0","No","00:41:38","1","28,0","00:40:22","00:41:38","-115","-99"
Other,2023-08-14 16:21:55,false,"Salibandy","0,00","335","00:41:02","121","160","3,0","--","--","--","--","--","--","--","--","--","0,0","--","--","--","--","28,0","No","00:41:02","1","31,0","00:00:00","00:41:02","-135","-125"
Walking,2023-08-13 17:59:40,false,"Rusko Kävely","3,91","240","01:03:24","87","124","1,2","82","161","16:12","7:02","275","49","0,76","--","--","0,0","--","--","--","5.486","22,0","No","01:03:24","1","27,0","01:02:07","01:03:24","-92","-77"
Other,2023-08-07 15:48:19,false,"Salibandy","0,00","527","01:16:12","118","165","2,7","--","--","--","--","--","--","--","--","--","0,0","--","--","--","--","29,0","No","01:16:12","1","33,0","00:00:00","01:16:12","-11","-1"
Other,2023-08-07 14:11:34,false,"Rusko Muu","0,56","189","00:34:10","102","126","1,7","--","--","1,0","4,3","235","1","--","--","--","0,0","--","--","--","--","31,0","No","00:34:10","1","33,0","00:03:04","00:39:20","11","22"
Other,2023-08-07 08:54:59,false,"Rusko Muu","1,20","196","00:50:20","89","109","1,1","--","--","1,4","5,7","225","1","--","--","--","0,0","--","--","--","--","28,0","No","00:50:20","1","30,0","00:13:14","00:50:20","4","11"
Other,2023-08-04 15:43:37,false,"Rusko Muu","3,16","728","01:38:55","123","167","3,0","--","--","1,9","7,1","243","44","--","--","--","0,0","--","--","--","--","28,0","No","01:38:55","1","33,0","00:56:01","01:38:55","36","51"
Cycling,2023-08-02 16:47:06,false,"Nousiainen Pyöräily","4,42","60","00:14:42","87","110","1,1","--","--","18,0","31,1","8","23","--","--","--","0,0","--","--","--","--","22,0","No","00:14:42","1","24,0","00:14:33","00:14:42","41","59"
Hiking,2023-08-02 12:48:21,false,"Nousiainen Patikointi","9,11","721","03:29:01","85","140","1,5","58","159","22:57","9:59","86","103","0,75","--","--","0,0","--","--","--","12.674","21,0","No","00:24:48","2","26,0","02:55:51","03:55:14","32","57"
Cycling,2023-08-02 12:29:46,false,"Rusko Pyöräily","4,40","142","00:18:05","115","125","2,0","--","--","14,6","27,0","289","11","--","--","--","0,0","--","--","--","--","24,0","No","00:18:05","1","28,0","00:14:58","00:18:05","2","20"
Other,2023-07-31 15:46:47,false,"Salibandy","0,00","556","01:11:35","121","167","3,1","--","--","--","--","--","--","--","--","--","0,0","--","--","--","--","26,0","No","01:11:35","1","32,0","00:00:00","01:11:35","-40","-27"
Indoor Cycling,2023-07-30 20:27:45,false,"Sisäpyöräily","0,00","157","00:15:02","137","151","3,0","--","--","--","--","--","--","--","83","108","0,0","1233","--","--","--","29,0","No","00:15:02","1","30,0","00:00:00","00:15:02","1","6"
Indoor Cycling,2023-07-30 20:17:59,false,"Sisäpyöräily","0,00","48","00:07:16,2","104","135","1,4","--","--","--","--","--","--","--","80","109","0,0","150","--","--","--","30,0","No","00:07:16,2","1","31,0","00:00:00","00:07:16,2","6","6"
Walking,2023-07-29 18:58:22,false,"Rusko Kävely","7,58","398","01:37:23","91","133","1,4","94","177","12:52","4:25","255","48","0,83","--","--","0,0","--","--","--","9.226","19,0","No","01:37:23","1","28,0","01:28:52","01:52:37","4","42"
Walking,2023-07-23 19:07:12,false,"Rusko Kävely","3,46","357","01:07:59","105","159","2,1","66","241","19:41","7:19","46","47","0,77","--","--","0,0","--","--","--","4.716","22,0","No","01:07:59","1","30,0","00:55:50","01:07:59","37","50"
Cycling,2023-07-21 15:34:29,false,"Nousiainen Pyöräily","4,40","46","00:13:43","80","92","1,1","--","--","19,2","31,1","12","24","--","--","--","0,0","--","--","--","--","25,0","No","00:13:43","1","28,0","00:13:26","00:13:43","44","60"
Hiking,2023-07-21 13:04:05,false,"Nousiainen Patikointi","2,41","340","02:29:57","72","97","1,1","22","153","--","9:52","29","31","0,74","--","--","0,0","--","--","--","1.022","25,0","No","02:29:57","1","30,0","00:45:25","02:29:57","55","65"
Cycling,2023-07-21 12:43:19,false,"Rusko Pyöräily","4,47","78","00:20:05","86","104","1,1","--","--","13,3","28,6","22","11","--","--","--","0,0","--","--","--","--","26,0","No","00:20:05","1","28,0","00:14:43","00:20:05","44","61"
Hiking,2023-07-19 09:15:28,false,"Rautalampi Patikointi","7,29","723","02:55:42","95","155","1,6","37","160","24:07","4:29","258","229","1,13","--","--","0,0","--","--","--","4.338","25,0","No","02:55:42","1","27,0","02:23:33","03:20:35","137","212"
Hiking,2023-07-18 14:31:07,false,"Rautalampi Patikointi","12,34","1.406","05:43:28","98","136","2,0","35","160","27:49","10:27","348","389","1,04","--","--","0,0","--","--","--","7.264","21,0","No","02:28:25","2","31,0","04:02:15","05:43:28","142","221"
Hiking,2023-07-18 07:29:49,false,"Kouvola Patikointi","1,85","147","00:40:04","85","118","1,4","47","132","21:40","2:52","164","35","0,99","--","--","0,0","--","--","--","1.838","24,0","No","00:40:04","1","26,0","00:28:48","00:40:04","101","119"
Cycling,2023-07-13 18:41:28,false,"Rusko Pyöräily","8,04","292","01:08:31","93","117","1,3","--","--","7,0","26,6","377","268","--","--","--","0,0","--","--","--","--","21,0","No","01:08:31","1","28,0","00:39:06","01:27:44","-139","105"
Cycling,2023-07-11 09:57:11,false,"Lieto Pyöräily","50,00","750","02:54:19","97","144","1,6","--","--","17,2","44,3","298","267","--","--","--","0,0","--","--","--","--","23,0","No","00:05:08,9","7","33,0","02:33:39","06:13:58","46","106"
Cycling,2023-07-09 13:44:30,false,"Rusko Pyöräily","13,63","187","00:39:28","96","126","1,4","--","--","20,7","29,9","63","59","--","--","--","0,0","--","--","--","--","22,0","No","00:15:04","2","31,0","00:38:00","01:25:58","60","78"
Cycling,2023-07-09 12:16:54,false,"Rusko Pyöräily","10,00","267","01:09:58","87","144","1,9","--","--","8,6","29,5","42","214","--","--","--","0,0","--","--","--","--","21,0","No","00:08:11,3","2","27,0","00:40:49","01:09:58","-9","232"
Walking,2023-07-01 20:03:28,false,"Tammela Kävely","3,74","336","01:11:33","100","124","2,0","72","159","19:08","10:38","39","42","0,73","--","--","0,0","--","--","--","5.362","21,0","No","01:11:33","1","24,0","01:00:25","01:11:33","290","305"
Walking,2023-06-28 09:45:19,false,"Virrat Kävely","7,22","475","02:11:13","88","126","1,2","70","160","18:11","4:56","155","156","0,78","--","--","0,0","--","--","--","9.900","25,0","No","02:11:13","1","29,0","01:57:05","02:11:13","258","305"
Other,2023-06-16 08:51:04,false,"Rusko Muu","2,47","413","01:53:39","90","111","1,1","--","--","1,3","6,2","3","164","--","--","--","0,0","--","--","--","--","27,0","No","01:53:39","1","31,0","00:44:39","01:53:39","236","244"
Other,2023-06-14 11:48:11,false,"Rusko Muu","2,10","522","01:56:59","97","142","1,7","--","--","1,1","7,3","10","225","--","--","--","0,0","--","--","--","--","31,0","No","01:56:59","1","32,0","00:29:01","02:42:12","253","262"
Cycling,2023-06-12 16:17:26,false,"Turku Pyöräily","23,73","507","01:04:33","121","145","3,0","--","--","22,1","40,0","115","89","--","--","--","0,0","--","--","--","--","24,0","No","00:19:13","3","28,0","01:01:50","01:04:33","227","276"
Cycling,2023-06-12 07:09:49,false,"Rusko Pyöräily","23,72","462","01:06:39","117","146","2,6","--","--","21,4","31,7","85","114","--","--","--","0,0","--","--","--","--","19,0","No","00:21:27","3","27,0","01:05:26","01:06:39","19","69"
Walking,2023-06-11 19:24:30,false,"Rusko Kävely","0,64","55","00:17:34","78","98","1,1","66","126","27:19","6:37","6","3","0,56","--","--","0,0","--","--","--","1.270","20,0","No","00:17:34","1","22,0","00:15:33","00:17:34","196","200"
Cycling,2023-06-11 18:31:23,false,"Rusko Pyöräily","15,22","217","00:46:51","96","112","1,3","--","--","19,5","33,2","82","86","--","--","--","0,0","--","--","--","--","19,0","No","00:19:13","2","25,0","00:46:51","00:46:51","196","239"
Open Water Swimming,2023-06-11 18:20:30,false,"Rusko Avovesiuinti","15","2","00:02:08,4","61","61","1,0","--","--","14:15","3:27","--","--","--","--","--","0,0","35","272","16","--","20,0","No","00:02:08,4","1","23,0","00:00:11","00:02:08,4","--","--"
Other,2023-06-10 13:57:50,false,"Rusko Muu","0,16","31","00:06:07,3","94","111","1,1","--","--","1,6","4,4","--","73","--","--","--","0,0","--","--","--","--","29,0","No","00:06:07,3","1","30,0","00:03:05","00:06:07,3","50","54"
Other,2023-06-10 13:18:35,false,"Rusko Muu","0,81","142","00:34:39","89","108","1,2","--","--","1,4","3,5","--","70","--","--","--","0,0","--","--","--","--","28,0","No","00:34:39","1","29,0","00:03:42","00:34:39","54","55"
Other,2023-06-10 11:26:53,false,"Rusko Muu","1,36","222","00:53:57","92","128","1,2","--","--","1,5","3,2","5","6","--","--","--","0,0","--","--","--","--","27,0","No","00:53:57","1","28,0","00:09:37","00:53:57","47","52"
Walking,2023-06-10 09:19:32,false,"Rusko Kävely","4,90","221","01:24:21","75","112","1,1","71","214","17:14","5:03","65","63","0,81","--","--","0,0","--","--","--","6.558","22,0","No","01:24:21","1","27,0","01:17:26","01:24:21","46","61"
Walking,2023-06-05 06:25:03,false,"Rusko Kävely","3,30","135","00:36:45","84","113","1,1","111","122","11:08","6:17","38","37","0,81","--","--","0,0","--","--","--","4.104","21,0","No","00:36:45","1","28,0","00:36:26","00:36:45","42","58"
Other,2023-06-03 10:42:34,false,"Pihatyöt","3,33","644","02:21:40","100","142","1,6","--","--","1,4","5,6","55","43","--","--","--","0,0","--","--","--","--","26,0","No","02:21:40","1","30,0","00:52:57","02:21:40","58","69"
Cycling,2023-05-31 16:13:41,false,"Turku Pyöräily","23,73","520","01:07:01","120","145","2,6","--","--","21,2","40,4","154","130","--","--","--","0,0","--","--","--","--","17,0","No","00:19:48","3","26,0","01:04:53","01:07:01","24","73"
Cycling,2023-05-31 07:03:18,false,"Rusko Pyöräily","23,66","455","01:02:42","120","166","3,1","--","--","22,6","32,5","83","115","--","--","--","0,0","--","--","--","--","18,0","No","00:19:49","3","26,0","01:00:43","01:02:42","18","73"
Walking,2023-05-30 06:46:29,false,"Rusko Kävely","3,59","129","00:40:18","80","109","1,0","108","127","11:13","6:28","41","43","0,82","--","--","0,0","--","--","--","4.398","20,0","No","00:40:18","1","29,0","00:39:33","00:40:18","60","77"
Other,2023-05-29 15:52:36,false,"Salibandy","0,00","498","01:12:33","113","162","2,8","--","--","--","--","--","--","--","--","--","0,0","--","--","--","--","25,0","No","01:12:33","1","31,0","00:00:00","01:12:33","34","50"
Walking,2023-05-27 10:42:43,false,"Rusko Kävely","4,04","288","01:24:02","85","122","1,1","65","238","20:47","5:40","59","108","0,75","--","--","0,0","--","--","--","5.518","24,0","No","01:24:02","1","29,0","01:06:45","01:24:02","74","89"
Cycling,2023-05-24 16:36:41,false,"Turku Pyöräily","23,75","501","01:03:09","119","155","3,1","--","--","22,6","39,9","116","93","--","--","--","0,0","--","--","--","--","24,0","No","00:17:33","3","28,0","01:00:11","01:03:09","67","114"
Cycling,2023-05-24 06:27:23,false,"Rusko Pyöräily","23,50","501","01:02:37","120","152","2,8","--","--","22,5","33,3","63","90","--","--","--","0,0","--","--","--","--","15,0","No","00:19:03","3","28,0","00:49:13","01:02:37","105","157"
Walking,2023-05-23 06:46:17,false,"Rusko Kävely","3,30","124","00:35:54","83","114","1,1","110","122","10:54","5:37","39","99","0,83","--","--","0,0","--","--","--","3.928","19,0","No","00:35:54","1","29,0","00:35:23","00:35:54","154","173"
Other,2023-05-22 15:51:30,false,"Salibandy","0,00","501","01:10:26","116","158","3,0","--","--","--","--","--","--","--","--","--","0,0","--","--","--","--","26,0","No","01:10:26","1","31,0","00:00:00","01:10:26","104","116"
Cycling,2023-05-21 14:20:35,false,"Rusko Pyöräily","12,89","267","01:09:42","89","127","1,3","--","--","11,1","31,5","62","80","--","--","--","0,0","--","--","--","--","26,0","No","00:17:26","2","31,0","00:50:54","01:09:42","131","175"
Cycling,2023-05-19 15:34:44,false,"Turku Pyöräily","23,74","551","01:02:34","129","151","3,1","--","--","22,8","43,0","122","99","--","--","--","0,0","--","--","--","--","21,0","No","00:19:15","3","25,0","01:02:10","01:02:34","68","114"
Cycling,2023-05-19 07:12:32,false,"Rusko Pyöräily","23,48","630","01:05:29","134","175","4,2","--","--","21,5","31,8","87","120","--","--","--","0,0","--","--","--","--","15,0","No","00:21:19","3","28,0","01:03:10","01:05:29","110","169"
Walking,2023-05-16 06:46:57,false,"Rusko Kävely","3,26","151","00:35:48","86","118","1,5","112","227","10:59","7:16","37","40","0,82","--","--","0,0","--","--","--","4.038","24,0","No","00:35:48","1","29,0","00:35:42","00:35:48","154","170"
Other,2023-05-15 15:53:16,false,"Salibandy","0,00","391","01:09:12","104","156","2,2","--","--","--","--","--","--","--","--","--","0,0","--","--","--","--","27,0","No","01:09:12","1","30,0","00:00:00","01:09:18","119","128"
Other,2023-05-13 10:08:27,false,"Rusko Muu","1,29","388","01:23:23","97","134","1,8","--","--","0,9","4,8","1","8","--","--","--","0,0","--","--","--","--","25,0","No","00:41:20","2","28,0","00:05:31","01:23:23","102","114"
Walking,2023-05-12 06:11:05,false,"Rusko Kävely","3,27","179","00:36:16","94","130","1,5","107","199","11:06","5:02","34","36","0,84","--","--","0,0","--","--","--","3.922","18,0","No","00:36:16","1","29,0","00:34:20","00:36:16","104","123"
Cycling,2023-05-11 16:30:54,false,"Turku Pyöräily","24,27","543","01:11:47","117","140","2,7","--","--","20,3","44,9","109","92","--","--","--","0,0","--","--","--","--","25,0","No","00:00:34,0","4","27,0","01:05:19","01:11:47","70","111"
Cycling,2023-05-11 07:09:27,false,"Rusko Pyöräily","23,67","591","01:02:34","126","149","4,1","--","--","22,7","33,9","92","119","--","--","--","0,0","--","--","--","--","15,0","No","00:20:40","3","27,0","01:02:21","01:02:34","75","128"
Cycling,2023-05-09 16:09:44,false,"Turku Pyöräily","23,70","499","01:05:06","115","150","3,1","--","--","21,8","44,2","109","86","--","--","--","0,0","--","--","--","--","22,0","No","00:18:22","3","26,0","01:03:02","01:05:06","70","114"
Cycling,2023-05-09 06:53:52,false,"Rusko Pyöräily","23,87","593","01:08:46","127","165","3,5","--","--","20,8","31,2","89","195","--","--","--","0,0","--","--","--","--","15,0","No","00:22:05","3","26,0","01:06:53","01:08:46","38","96"
Other,2023-05-08 15:49:53,false,"Salibandy","0,00","488","01:11:07","109","152","3,0","--","--","--","--","--","--","--","--","--","0,0","--","--","--","--","26,0","No","01:11:07","1","30,0","00:00:00","01:11:07","37","52"
Cycling,2023-05-06 15:57:24,false,"Rusko Pyöräily","10,93","172","00:35:03","93","117","1,4","--","--","18,7","38,7","62","43","--","--","--","0,0","--","--","--","--","16,0","No","00:10:56","2","20,0","00:33:15","00:35:03","30","60"
Cycling,2023-05-06 14:55:55,false,"Rusko Pyöräily","12,21","324","00:58:35","103","136","2,2","--","--","12,5","31,4","43","140","--","--","--","0,0","--","--","--","--","18,0","No","00:25:24","2","27,0","00:43:44","00:58:35","29","63"
Cycling,2023-05-04 10:40:39,false,"Rusko Pyöräily","10,68","256","00:32:10","114","138","2,6","--","--","19,9","39,0","60","45","--","--","--","0,0","--","--","--","--","19,0","No","00:08:00,4","2","21,0","00:31:45","00:32:10","28","55"
Cycling,2023-05-04 09:50:46,false,"Rusko Pyöräily","10,64","225","00:32:08","109","126","2,1","--","--","19,9","31,1","42","62","--","--","--","0,0","--","--","--","--","16,0","No","00:09:49,7","2","26,0","00:29:41","00:32:08","108","142"
Walking,2023-05-04 06:50:33,false,"Rusko Kävely","3,44","154","00:38:08","86","116","1,2","108","122","11:06","8:23","43","158","0,83","--","--","0,0","--","--","--","4.138","18,0","No","00:38:08","1","28,0","00:37:55","00:38:08","125","144"
Cycling,2023-05-01 10:11:56,false,"Rusko Pyöräily","34,68","557","01:40:35","102","139","2,4","--","--","20,7","41,0","143","193","--","--","--","0,0","--","--","--","--","20,0","No","00:07:01,9","5","28,0","01:37:50","03:43:58","134","176"
Indoor Cycling,2023-04-27 18:36:36,false,"Sisäpyöräily","0,00","314","00:50:05","103","126","2,2","--","--","--","--","--","--","--","60","70","0,0","3047","--","--","--","25,0","No","00:50:05","1","29,0","00:00:00","00:50:05","173","173"
Other,2023-04-24 15:50:22,false,"Salibandy","0,00","367","01:11:25","97","146","1,8","--","--","--","--","--","--","--","--","--","0,0","--","--","--","--","26,0","No","01:11:25","1","30,0","00:00:00","01:11:25","156","171"
Walking,2023-04-24 06:47:31,false,"Rusko Kävely","3,33","143","00:36:59","83","115","1,1","109","130","11:06","6:44","38","43","0,83","--","--","0,0","--","--","--","4.014","20,0","No","00:36:59","1","28,0","00:35:58","00:36:59","202","222"
Indoor Cycling,2023-04-23 17:54:30,false,"Sisäpyöräily","0,00","338","00:50:26","107","119","2,3","--","--","--","--","--","--","--","64","72","0,0","3234","--","--","--","28,0","No","00:50:26","1","31,0","00:00:00","00:50:26","207","207"
Other,2023-04-17 15:51:31,false,"Salibandy","0,00","433","01:07:41","109","158","2,3","--","--","--","--","--","--","--","--","--","0,0","--","--","--","--","28,0","No","01:07:41","1","30,0","00:00:00","01:09:48","133","141"
Walking,2023-04-17 06:47:33,false,"Rusko Kävely","3,29","180","00:37:15","90","117","1,5","107","120","11:18","7:00","43","43","0,82","--","--","0,0","--","--","--","4.024","16,0","No","00:37:15","1","28,0","00:36:09","00:37:15","164","183"
Indoor Cycling,2023-04-13 17:42:48,false,"Sisäpyöräily","0,00","410","00:46:03","120","141","3,6","--","--","--","--","--","--","--","66","75","0,0","3069","--","--","--","29,0","No","00:46:03","1","30,0","00:00:00","00:46:03","182","182"
Walking,2023-04-13 06:49:24,false,"Rusko Kävely","3,34","154","00:36:35","88","109","1,2","111","128","10:58","7:02","42","44","0,82","--","--","0,0","--","--","--","4.094","20,0","No","00:36:35","1","28,0","00:35:44","00:36:35","181","198"
Walking,2023-04-09 09:41:57,false,"Rusko Kävely","3,91","187","00:57:13","78","100","1,1","82","126","14:38","8:35","21","206","0,83","--","--","0,0","--","--","--","4.630","19,0","No","00:57:13","1","27,0","00:43:46","00:57:13","154","172"
Hiking,2023-04-07 10:22:58,false,"Pöytyä Patikointi","6,84","486","02:16:53","84","121","1,2","64","160","20:00","9:24","45","196","0,79","--","--","0,0","--","--","--","10.060","23,0","No","02:16:53","1","28,0","01:56:30","02:33:24","177","191"
Other,2023-04-03 15:50:24,false,"Salibandy","0,00","430","01:12:03","103","139","2,0","--","--","--","--","--","--","--","--","--","0,0","--","--","--","--","25,0","No","01:12:03","1","30,0","00:00:00","01:12:03","99","108"
Cross Country Classic Skiing,2023-04-02 10:24:27,false,"Rusko Perinteinen hiihto","6,20","375","00:44:01","120","166","3,4","69","233","8,4","34,0","71","82","2,04","--","--","0,0","--","--","--","2.366","23,0","No","00:44:01","1","25,0","00:38:44","00:44:01","138","159"
Cross Country Classic Skiing,2023-04-01 13:02:48,false,"Rusko Perinteinen hiihto","1,85","126","00:16:36","110","134","2,0","76","159","6,7","28,9","19","26","1,47","--","--","0,0","--","--","--","694","25,0","No","00:16:36","1","27,0","00:14:42","00:16:36","159","170"
Walking,2023-03-28 17:50:09,false,"Rusko Kävely","1,65","289","00:51:23","100","133","1,9","41","157","31:09","9:55","13","22","0,79","--","--","0,0","--","--","--","1.320","21,0","No","00:51:23","1","27,0","00:36:32","00:51:23","138","147"
Other,2023-03-27 15:46:13,false,"Salibandy","0,00","666","01:17:17","123","156","3,4","--","--","--","--","--","--","--","--","--","0,0","--","--","--","--","24,0","No","01:17:17","1","30,0","00:00:00","01:17:17","127","146"
Walking,2023-03-27 13:21:57,false,"Rusko Kävely","1,65","146","00:27:09","96","111","1,5","45","133","16:29","9:18","8","14","1,36","--","--","0,0","--","--","--","578","22,0","No","00:27:09","1","24,0","00:24:23","00:27:09","163","170"
Walking,2023-03-27 07:04:15,false,"Rusko Kävely","2,01","222","00:42:48","96","120","1,7","42","130","21:16","6:55","8","16","1,13","--","--","0,0","--","--","--","1.812","26,0","No","00:42:48","1","27,0","00:35:29","00:42:48","159","168"
Indoor Cycling,2023-03-26 17:42:49,false,"Sisäpyöräily","0,00","307","00:42:01","109","128","2,3","--","--","--","--","--","--","--","63","71","0,0","2689","--","--","--","26,0","No","00:42:01","1","28,0","00:00:00","00:42:01","163","163"
Walking,2023-03-25 16:26:22,false,"Rusko Kävely","5,10","226","01:00:58","84","104","1,2","97","130","11:58","6:30","124","34","0,86","--","--","0,0","--","--","--","6.058","18,0","No","01:00:58","1","26,0","00:56:46","01:00:58","162","181"
Walking,2023-03-23 07:49:48,false,"Rusko Kävely","3,47","226","00:42:30","97","115","1,4","99","120","12:16","7:40","118","19","0,82","--","--","0,0","--","--","--","4.176","18,0","No","00:42:30","1","26,0","00:39:35","00:42:30","196","205"
Other,2023-03-20 15:49:58,false,"Salibandy","0,00","451","01:12:23","107","145","2,1","--","--","--","--","--","--","--","--","--","0,0","--","--","--","--","24,0","No","01:12:23","1","31,0","00:00:00","01:12:23","144","155"
Indoor Cycling,2023-03-19 14:53:08,false,"Sisäpyöräily","0,00","472","01:01:04","114","132","2,8","--","--","--","--","--","--","--","57","68","0,0","3470","--","--","--","26,0","No","01:01:04","1","29,0","00:00:00","01:01:04","168","168"
Other,2023-03-13 15:50:49,false,"Salibandy","0,00","488","01:11:55","110","145","2,4","--","--","--","--","--","--","--","--","--","0,0","--","--","--","--","25,0","No","01:11:55","1","29,0","00:00:00","01:11:55","142","158"
Walking,2023-03-13 07:04:49,false,"Rusko Kävely","3,26","170","00:36:17","92","101","1,4","110","120","11:08","9:04","15","16","0,82","--","--","0,0","--","--","--","4.020","19,0","No","00:36:17","1","28,0","00:35:51","00:36:17","161","171"
Cross Country Classic Skiing,2023-03-12 14:29:10,false,"Rusko Perinteinen hiihto","8,48","308","01:26:02","83","115","1,2","69","173","5,9","11,7","17","22","1,43","--","--","0,0","--","--","--","3.300","22,0","No","00:04:53,4","2","24,0","01:23:52","01:26:02","160","173"
Cross Country Classic Skiing,2023-03-12 10:30:27,false,"Rusko Perinteinen hiihto","11,53","869","01:38:53","128","156","4,3","84","159","7,0","13,3","17","27","1,39","--","--","0,0","--","--","--","5.584","22,0","No","00:32:57","2","29,0","01:33:27","01:38:53","164","179"
Cross Country Classic Skiing,2023-03-11 13:06:16,false,"Rusko Perinteinen hiihto","12,52","767","01:50:23","115","127","3,0","87","160","6,8","12,9","21","20","1,30","--","--","0,0","--","--","--","3.418","21,0","No","00:39:12","2","25,0","01:48:16","01:50:23","172","185"
Cross Country Classic Skiing,2023-03-09 17:18:26,false,"Rusko Perinteinen hiihto","6,11","310","01:02:36","96","137","1,5","77","159","5,9","13,4","11","20","1,27","--","--","0,0","--","--","--","2.718","17,0","No","01:02:36","1","26,0","00:59:41","01:02:36","123","141"
Other,2023-03-06 15:48:37,false,"Salibandy","0,00","644","01:14:39","122","169","4,1","--","--","--","--","--","--","--","--","--","0,0","--","--","--","--","24,0","No","01:14:39","1","30,0","00:00:00","01:14:39","94","112"
Indoor Cycling,2023-03-05 17:56:41,false,"Sisäpyöräily","0,00","214","00:35:03","101","113","2,0","--","--","--","--","--","--","--","59","72","0,0","2084","--","--","--","25,0","No","00:35:03","1","26,0","00:00:00","00:35:03","136","136"
Cross Country Classic Skiing,2023-03-04 15:45:24,false,"Nousiainen Perinteinen hiihto","7,73","455","01:06:07","107","137","2,9","80","187","7,0","24,1","74","88","1,45","--","--","0,0","--","--","--","2.212","21,0","No","01:06:07","1","26,0","01:03:19","01:06:07","124","175"
Other,2023-03-04 09:19:55,false,"Rusko Muu","1,88","291","01:11:46","88","113","1,5","--","--","1,6","5,5","12","24","--","--","--","0,0","--","--","--","--","22,0","No","01:11:46","1","28,0","00:26:54","01:11:46","135","147"
Indoor Cycling,2023-03-02 19:20:46,false,"Sisäpyöräily","0,00","408","00:48:01","117","145","3,3","--","--","--","--","--","--","--","64","74","0,0","3092","--","--","--","26,0","No","00:48:01","1","28,0","00:00:00","00:48:01","121","121"
Hiking,2023-02-28 22:03:21,false,"Kaarina Patikointi","0,54","28","00:06:42,3","83","133","1,1","25","149","12:23","3:16","126","176","3,25","--","--","0,0","--","--","--","132","15,0","No","00:06:42,3","1","28,0","00:05:12","00:07:20,3","-149","45"
Other,2023-02-27 15:52:53,false,"Salibandy","0,00","487","01:08:35","112","158","2,7","--","--","--","--","--","--","--","--","--","0,0","--","--","--","--","25,0","No","01:08:35","1","30,0","00:00:00","01:08:35","43","56"
Cross Country Classic Skiing,2023-02-26 17:51:06,false,"Rusko Perinteinen hiihto","6,27","284","00:45:36","103","175","2,7","64","199","8,3","30,7","69","83","2,16","--","--","0,0","--","--","--","1.936","15,0","No","00:45:36","1","22,0","00:43:03","00:45:36","81","100"
Cross Country Classic Skiing,2023-02-24 11:07:04,false,"Nousiainen Perinteinen hiihto","5,69","248","00:51:59","95","136","1,5","64","230","6,6","33,5","104","109","1,72","--","--","0,0","--","--","--","1.994","19,0","No","00:51:59","1","24,0","00:48:35","00:51:59","116","145"
Other,2023-02-23 18:23:23,false,"Rusko Muu","2,54","378","01:08:26","102","134","2,1","--","--","2,2","16,5","28","31","--","--","--","0,0","--","--","--","--","22,0","No","01:08:26","1","28,0","00:39:19","01:08:26","88","99"
Skating,2023-02-23 08:49:26,false,"Jyväskylä Luistelu","2,52","90","00:18:31","92","110","1,2","--","--","8,2","22,2","4","5","--","--","--","0,0","--","--","--","--","16,0","No","00:18:31","1","23,0","00:17:27","00:18:31","90","96"
Skating,2023-02-22 14:12:34,false,"Kuopio Luistelu","10,00","178","00:49:41","82","110","1,1","--","--","12,1","18,7","18","19","--","--","--","0,0","--","--","--","--","12,0","No","00:00:00,5","3","23,0","00:49:32","00:49:41","71","81"
Cross Country Classic Skiing,2023-02-21 10:35:42,false,"Pudasjärvi Perinteinen hiihto","19,07","881","02:56:33","103","133","2,4","71","249","6,5","28,0","215","448","1,54","--","--","0,0","--","--","--","9.278","15,0","No","00:25:54","3","27,0","02:41:55","03:32:09","384","492"
Walking,2023-02-20 18:35:28,false,"Pudasjärvi Kävely","5,16","475","01:31:14","102","142","2,4","72","176","17:40","4:03","221","226","0,79","--","--","0,0","--","--","--","7.620","21,0","No","01:31:14","1","27,0","01:20:24","01:31:14","447","651"
Cross Country Classic Skiing,2023-02-20 10:14:07,false,"Pudasjärvi Perinteinen hiihto","23,29","1.433","03:37:06","117","151","3,6","76","243","6,4","35,2","323","320","1,41","--","--","0,0","--","--","--","14.390","13,0","No","01:08:10","3","26,0","03:20:46","04:20:21","416","589"
Cross Country Classic Skiing,2023-02-19 15:55:12,false,"Pudasjärvi Perinteinen hiihto","6,14","375","01:10:34","101","134","2,1","55","159","5,2","23,2","66","73","1,59","--","--","0,0","--","--","--","2.428","20,0","No","01:10:34","1","27,0","01:00:50","01:10:34","434","468"
Skating,2023-02-19 07:38:26,false,"Kuopio Luistelu","3,42","76","00:18:43","84","99","1,1","--","--","11,0","29,3","4","5","--","--","--","0,0","--","--","--","--","20,0","No","00:18:43","1","24,0","00:18:09","00:18:43","327","332"
Skating,2023-02-18 14:25:41,false,"Kuopio Luistelu","8,74","244","00:46:40","97","126","1,9","--","--","11,2","24,9","6","13","--","--","--","0,0","--","--","--","--","17,0","No","00:18:20","2","23,0","00:43:32","01:06:54","328","336"
Walking,2023-02-17 06:46:44,false,"Rusko Kävely","3,39","188","00:37:12","96","112","1,5","108","142","10:59","5:15","15","15","0,84","--","--","0,0","--","--","--","4.122","22,0","No","00:37:12","1","26,0","00:37:12","00:37:12","343","353"
Other,2023-02-13 15:50:09,false,"Salibandy","0,00","566","01:12:31","118","170","3,2","--","--","--","--","--","--","--","--","--","0,0","--","--","--","--","24,0","No","01:12:31","1","31,0","00:00:00","01:12:31","285","304"
Walking,2023-02-12 11:06:23,false,"Rusko Kävely","4,00","186","00:44:51","88","113","1,3","109","138","11:13","8:30","29","304","0,82","--","--","0,0","--","--","--","4.988","20,0","No","00:44:51","1","24,0","00:44:42","00:44:51","325","344"
Indoor Cycling,2023-02-09 17:57:06,false,"Sisäpyöräily","0,00","411","01:05:57","107","129","2,3","--","--","--","--","--","--","--","59","66","0,0","3834","--","--","--","25,0","No","01:05:57","1","27,0","00:00:00","01:05:57","398","398"
Other,2023-02-06 15:51:11,false,"Salibandy","0,00","319","01:11:28","92","142","1,8","--","--","--","--","--","--","--","--","--","0,0","--","--","--","--","24,0","No","01:11:28","1","29,0","00:00:00","01:12:20","306","322"
Indoor Cycling,2023-02-05 17:50:17,false,"Sisäpyöräily","0,00","335","01:01:27","99","120","2,1","--","--","--","--","--","--","--","64","75","0,0","3960","--","--","--","25,0","No","01:01:27","1","29,0","00:00:00","01:01:27","367","367"
Skating,2023-02-04 12:29:31,false,"Rusko Luistelu","10,03","218","00:54:22","87","133","1,7","--","--","11,1","19,1","9","20","--","--","--","0,0","--","--","--","--","19,0","No","00:00:12,4","3","26,0","00:49:30","01:03:29","388","398"
Indoor Cycling,2023-02-02 18:20:32,false,"Sisäpyöräily","0,00","310","00:43:15","108","128","2,5","--","--","--","--","--","--","--","64","76","0,0","2775","--","--","--","25,0","No","00:43:15","1","27,0","00:00:00","00:43:15","389","389"
Other,2023-01-30 15:53:30,false,"Salibandy","0,00","428","01:09:15","121","163","2,4","--","--","--","--","--","--","--","--","--","0,0","--","--","--","--","24,0","No","01:09:15","1","31,0","00:00:00","01:09:15","406","425"
Walking,2023-01-30 07:08:11,false,"Rusko Kävely","3,40","112","00:39:45","85","128","1,1","102","120","11:41","7:50","12","13","0,84","--","--","0,0","--","--","--","4.020","20,0","No","00:39:45","1","28,0","00:36:40","00:39:45","447","456"
Indoor Cycling,2023-01-29 17:54:06,false,"Sisäpyöräily","0,00","322","01:00:33","114","136","2,1","--","--","--","--","--","--","--","61","78","0,0","3729","--","--","--","26,0","No","01:00:33","1","29,0","00:00:00","01:00:33","-70","-70"
Walking,2023-01-27 06:46:36,false,"Rusko Kävely","3,37","118","00:36:32","90","114","1,1","108","125","10:51","7:27","13","15","0,86","--","--","0,0","--","--","--","3.930","18,0","No","00:36:32","1","27,0","00:36:15","00:36:32","-102","-95"
Indoor Cycling,2023-01-26 18:40:48,false,"Sisäpyöräily","0,00","258","00:50:06","112","132","1,9","--","--","--","--","--","--","--","65","76","0,0","3293","--","--","--","26,0","No","00:50:06","1","28,0","00:00:00","00:50:06","-103","-91"
Other,2023-01-23 16:07:22,false,"Salibandy","0,00","341","00:55:37","120","168","2,2","--","--","--","--","--","--","--","--","--","0,0","--","--","--","--","26,0","No","00:55:37","1","30,0","00:00:00","00:55:37","-143","-136"
Indoor Cycling,2023-01-21 16:36:24,false,"Sisäpyöräily","0,00","351","00:45:11","132","148","2,6","--","--","--","--","--","--","--","66","85","0,0","2973","--","--","--","24,0","No","00:45:11","1","27,0","00:00:00","00:45:11","-113","-113"
Walking,2023-01-21 09:21:19,false,"Rusko Kävely","4,16","226","00:40:47","114","142","2,0","119","153","9:48","7:09","64","18","0,85","--","--","0,0","--","--","--","4.866","12,0","No","00:40:47","1","25,0","00:40:46","00:40:47","-113","-101"
Walking,2023-01-20 07:06:30,false,"Rusko Kävely","3,22","96","00:33:17","86","104","1,1","114","120","10:20","8:23","14","13","0,85","--","--","0,0","--","--","--","3.822","17,0","No","00:33:17","1","27,0","00:33:14","00:33:17","-86","-77"
Other,2023-01-16 15:51:42,false,"Salibandy","0,00","288","01:10:49","102","151","1,5","--","--","--","--","--","--","--","--","--","0,0","--","--","--","--","24,0","No","01:10:49","1","29,0","00:00:00","01:10:49","20","44"
Walking,2023-01-16 06:56:52,false,"Rusko Kävely","2,68","82","00:28:33","85","92","1,1","110","153","10:39","4:17","13","11","0,85","--","--","0,0","--","--","--","3.206","17,0","No","00:28:33","1","27,0","00:28:28","00:28:33","88","96"
Indoor Cycling,2023-01-13 17:26:26,false,"Sisäpyöräily","0,00","253","00:40:06","119","138","2,0","--","--","--","--","--","--","--","75","84","0,0","3031","--","--","--","24,0","No","00:40:06","1","28,0","00:00:00","00:40:06","71","71"
Walking,2023-01-13 06:47:33,false,"Rusko Kävely","3,27","143","00:33:32","101","121","1,2","113","120","10:16","7:52","193","12","0,86","--","--","0,0","--","--","--","3.822","18,0","No","00:33:32","1","25,0","00:33:32","00:33:32","58","67"
Other,2023-01-09 15:53:27,false,"Salibandy","0,00","444","01:10:10","125","166","2,3","--","--","--","--","--","--","--","--","--","0,0","--","--","--","--","24,0","No","01:10:10","1","30,0","00:00:00","01:10:10","6","17"
Walking,2023-01-07 12:19:51,false,"Rusko Kävely","6,71","370","01:12:39","114","135","2,1","113","153","10:50","8:40","53","50","0,81","--","--","0,0","--","--","--","8.276","18,0","No","01:12:39","1","25,0","01:12:39","01:12:39","17","48"
Other,2023-01-02 15:51:30,false,"Salibandy","0,00","317","01:05:00","110","141","1,5","--","--","--","--","--","--","--","--","--","0,0","--","--","--","--","24,0","No","01:05:00","1","30,0","00:00:00","01:08:08","4","10"
Walking,2023-01-01 20:11:55,false,"Rusko Kävely","2,14","59","00:22:36","82","106","1,0","112","122","10:33","8:51","9","10","0,84","--","--","0,0","--","--","--","2.536","17,0","No","00:22:36","1","26,0","00:22:27","00:22:36","40","47"
Walking,2023-01-01 11:52:28,true,"Rusko Kävely","7,24","388","01:26:04","107","131","1,7","100","195","11:53","8:07","168","31","0,84","--","--","0,0","--","--","--","8.634","12,0","No","01:26:04","1","25,0","01:18:33","01:41:42","47","71"
Walking,2022-12-30 11:34:26,false,"Rusko Kävely","7,27","407","01:38:06","105","151","1,4","97","159","13:29","7:56","171","59","0,76","--","--","0,0","--","--","--","10.056","18,0","No","01:38:06","1","26,0","01:36:01","01:38:06","118","146"
Indoor Cycling,2022-12-29 17:06:44,false,"Sisäpyöräily","0,00","282","00:52:04","116","134","2,0","--","--","--","--","--","--","--","68","78","0,0","3545","--","--","--","25,0","No","00:52:04","1","27,0","00:00:00","00:52:04","121","121"
Walking,2022-12-26 11:20:52,false,"Rusko Kävely","6,66","294","01:09:40","104","171","1,7","112","172","10:27","5:30","32","66","0,85","--","--","0,0","--","--","--","7.880","17,0","No","01:09:40","1","27,0","01:08:17","01:09:40","103","123"
Walking,2022-12-20 07:29:18,false,"Rusko Kävely","3,21","117","00:33:13","94","119","1,1","116","122","10:21","7:52","10","13","0,84","--","--","0,0","--","--","--","3.842","19,0","No","00:33:13","1","28,0","00:33:08","00:33:13","101","109"
Other,2022-12-19 15:55:41,false,"Salibandy","0,00","299","01:04:51","110","145","1,5","--","--","--","--","--","--","--","--","--","0,0","--","--","--","--","25,0","No","01:04:51","1","31,0","00:00:00","01:04:51","51","61"
Walking,2022-12-19 06:49:22,false,"Rusko Kävely","3,24","161","00:34:39","105","126","1,4","113","122","10:42","8:38","13","18","0,83","--","--","0,0","--","--","--","3.924","17,0","No","00:34:39","1","28,0","00:34:30","00:34:39","57","66"
Other,2022-12-12 16:02:05,false,"Salibandy","0,00","291","01:00:06","111","156","1,5","--","--","--","--","--","--","--","--","--","0,0","--","--","--","--","24,0","No","01:00:06","1","29,0","00:00:00","01:00:06","107","118"
Other,2022-12-05 15:53:32,false,"Salibandy","0,00","418","01:07:29","124","178","2,3","--","--","--","--","--","--","--","--","--","0,0","--","--","--","--","24,0","No","01:07:29","1","30,0","00:00:00","01:07:29","63","70"
Walking,2022-12-03 17:12:17,false,"Turku Kävely","7,32","425","01:44:02","104","141","1,4","83","126","14:13","7:10","39","27","0,85","--","--","0,0","--","--","--","8.826","7,0","No","01:44:02","1","18,0","01:34:09","01:44:02","46","67"
Walking,2022-12-01 07:05:23,false,"Rusko Kävely","3,37","145","00:37:24","99","115","1,2","113","124","11:06","8:35","44","216","0,80","--","--","0,0","--","--","--","4.220","17,0","No","00:37:24","1","28,0","00:37:24","00:37:24","72","91"
Other,2022-11-28 15:53:04,false,"Salibandy","0,00","246","01:08:18","97","151","1,7","--","--","--","--","--","--","--","--","--","0,0","--","--","--","--","25,0","No","01:08:18","1","28,0","00:00:00","01:08:18","34","48"
Walking,2022-11-25 06:52:01,false,"Rusko Kävely","3,37","98","00:37:36","83","100","1,0","112","125","11:10","6:52","40","38","0,80","--","--","0,0","--","--","--","4.232","13,0","No","00:37:36","1","28,0","00:37:35","00:37:36","60","79"
Walking,2022-11-24 06:50:12,false,"Rusko Kävely","3,33","137","00:37:38","95","123","1,1","112","249","11:17","3:36","38","39","0,79","--","--","0,0","--","--","--","4.244","15,0","No","00:37:38","1","27,0","00:36:58","00:37:38","60","79"
Other,2022-11-21 15:58:25,false,"Salibandy","1,47","418","01:04:15","122","160","2,6","--","--","1,4","4,7","3","10","--","--","--","0,0","--","--","--","--","25,0","No","01:04:15","1","32,0","00:06:37","01:04:15","23","28"
Indoor Cycling,2022-11-20 19:18:00,false,"Sisäpyöräily","0,00","190","00:41:32","95","194","1,8","--","--","--","--","--","--","--","57","71","0,0","2401","--","--","--","25,0","No","00:41:32","1","26,0","00:00:00","00:41:32","46","46"
Walking,2022-11-16 06:53:55,false,"Rusko Kävely","3,44","147","00:39:55","86","95","1,1","104","122","11:36","7:58","44","107","0,83","--","--","0,0","--","--","--","4.170","16,0","No","00:39:55","1","28,0","00:39:42","00:39:55","15","93"
Other,2022-11-07 15:57:30,false,"Salibandy","0,00","546","01:04:55","124","157","3,7","--","--","--","--","--","--","--","--","--","0,0","--","--","--","--","26,0","No","01:04:55","1","32,0","00:00:00","01:04:55","63","63"
Walking,2022-11-07 07:09:15,false,"Rusko Kävely","3,32","145","00:37:02","87","111","1,2","109","120","11:08","7:58","118","39","0,83","--","--","0,0","--","--","--","4.078","21,0","No","00:37:02","1","29,0","00:36:49","00:37:02","76","95"
Indoor Cycling,2022-11-06 16:52:57,false,"Sisäpyöräily","0,00","172","00:31:19","101","126","1,7","--","--","--","--","--","--","--","66","83","0,0","1996","--","--","--","27,0","No","00:31:19","1","28,0","00:00:00","00:31:19","83","83"
Walking,2022-11-06 12:10:47,false,"Rusko Kävely","4,46","196","00:58:38","83","107","1,1","93","159","13:08","8:30","35","34","0,82","--","--","0,0","--","--","--","5.400","18,0","No","00:58:38","1","27,0","00:49:49","00:58:38","79","97"
Indoor Cycling,2022-11-03 18:30:21,false,"Sisäpyöräily","0,00","431","00:51:11","121","140","3,3","--","--","--","--","--","--","--","70","77","0,0","3602","--","--","--","27,0","No","00:51:11","1","30,0","00:00:00","00:51:11","67","67"
Walking,2022-11-02 07:14:00,false,"Rusko Kävely","3,73","209","00:46:07","95","111","1,4","94","126","12:21","8:01","41","42","0,87","--","--","0,0","--","--","--","4.214","19,0","No","00:46:07","1","28,0","00:41:59","00:46:07","58","76"
Other,2022-10-31 15:49:04,false,"Salibandy","0,00","461","01:15:22","114","158","2,3","--","--","--","--","--","--","--","--","--","0,0","--","--","--","--","26,0","No","01:15:22","1","31,0","00:00:00","01:15:22","18","26"
Indoor Cycling,2022-10-30 17:45:29,false,"Sisäpyöräily","0,00","619","01:14:06","123","140","3,3","--","--","--","--","--","--","--","69","83","0,0","5064","--","--","--","27,0","No","01:14:06","1","31,0","00:00:00","01:14:06","43","43"
Walking,2022-10-28 17:30:46,false,"Rusko Kävely","2,97","172","00:35:42","96","112","1,3","105","120","12:00","8:26","42","37","0,80","--","--","0,0","--","--","--","3.746","22,0","No","00:35:42","1","26,0","00:35:42","00:35:42","47","62"
Other,2022-10-24 15:52:19,false,"Salibandy","0,00","616","01:08:40","129","165","4,0","--","--","--","--","--","--","--","--","--","0,0","--","--","--","--","26,0","No","01:08:40","1","31,0","00:00:00","01:08:40","-2","8"
Hiking,2022-10-20 12:19:07,false,"Kaarina Patikointi","3,50","317","01:39:35","81","119","1,1","46","159","28:29","9:30","91","83","0,76","--","--","0,0","--","--","--","5.280","20,0","No","01:39:35","1","27,0","01:10:45","01:51:56","-5","56"
Other,2022-10-17 15:50:37,false,"Salibandy","0,00","333","01:09:32","100","148","2,0","--","--","--","--","--","--","--","--","--","0,0","--","--","--","--","26,0","No","01:09:32","1","30,0","00:00:00","01:09:32","-8","8"
Indoor Cycling,2022-10-16 19:18:39,false,"Sisäpyöräily","0,00","321","00:31:38","136","154","3,8","--","--","--","--","--","--","--","73","89","0,0","2315","--","--","--","28,0","No","00:31:38","1","30,0","00:00:00","00:31:38","51","51"
Other,2022-10-10 15:44:30,false,"Salibandy","0,00","464","01:19:44","109","154","2,4","--","--","--","--","--","--","--","--","--","0,0","--","--","--","--","26,0","No","01:19:44","1","30,0","00:00:00","01:19:44","26","32"
Other,2022-10-03 15:51:40,false,"Salibandy","0,00","540","01:16:22","118","161","3,0","--","--","--","--","--","--","--","--","--","0,0","--","--","--","--","26,0","No","01:16:22","1","31,0","00:00:00","01:16:22","26","31"
Trail Running,2022-10-02 11:21:53,false,"Polkujuoksu frisbeegolf","4,35","376","00:58:16","117","157","2,7","91","240","13:25","4:21","71","83","0,82","--","--","0,0","--","--","--","5.672","16,0","No","00:17:15","3","24,0","00:55:27","00:59:01","47","60"
Walking,2022-09-29 17:27:20,false,"Kajaani Kävely","2,18","127","00:26:44","96","132","1,3","96","128","12:15","6:54","30","24","0,85","--","--","0,0","--","--","--","2.602","18,0","No","00:26:44","1","22,0","00:26:26","00:26:44","428","441"
Running,2022-09-29 17:24:16,false,"Kajaani Juoksu","0,34","27","00:02:40,6","137","145","1,6","152","163","7:59","6:34","2","--","0,82","--","--","0,0","--","--","--","416","23,0","No","00:02:40,6","1","26,0","00:02:39","00:02:40,6","428","432"
Walking,2022-09-29 17:20:11,false,"Kajaani Kävely","0,29","24","00:03:33,4","106","110","1,1","104","228","12:12","4:58","--","3","0,79","--","--","0,0","--","--","--","370","26,0","No","00:03:33,4","1","27,0","00:03:10","00:03:33,4","428","433"
Other,2022-09-26 15:53:46,false,"Salibandy","0,00","414","01:11:01","110","158","2,1","--","--","--","--","--","--","--","--","--","0,0","--","--","--","--","26,0","No","01:11:01","1","30,0","00:00:00","01:11:01","272","272"
Cycling,2022-09-23 16:47:30,false,"Turku Pyöräily","23,84","606","01:10:00","130","167","3,6","--","--","20,4","32,7","114","92","--","--","--","0,0","--","--","--","--","17,0","No","00:21:44","3","26,0","01:07:40","01:13:50","230","274"
Cycling,2022-09-23 06:58:21,false,"Rusko Pyöräily","23,63","548","01:08:16","125","143","3,0","--","--","20,8","31,3","91","117","--","--","--","0,0","--","--","--","--","11,0","No","00:21:28","3","26,0","01:06:24","01:10:33","44","95"
Walking,2022-09-21 06:51:40,false,"Rusko Kävely","3,41","210","00:39:20","101","169","2,2","104","125","11:32","6:15","38","38","0,83","--","--","0,0","--","--","--","4.164","17,0","No","00:39:20","1","28,0","00:37:57","00:39:20","59","77"
Other,2022-09-19 15:54:12,false,"Salibandy","0,00","392","01:09:41","104","145","2,3","--","--","--","--","--","--","--","--","--","0,0","--","--","--","--","27,0","No","01:09:41","1","30,0","00:00:00","01:09:41","54","71"
Walking,2022-09-15 06:51:02,false,"Rusko Kävely","3,33","110","00:39:26","76","101","1,1","106","120","11:51","8:01","39","36","0,80","--","--","0,0","--","--","--","4.202","22,0","No","00:39:26","1","28,0","00:38:34","00:39:26","98","115"
Other,2022-09-12 15:49:42,false,"Salibandy","0,00","504","01:13:56","117","158","2,4","--","--","--","--","--","--","--","--","--","0,0","--","--","--","--","27,0","No","01:13:56","1","31,0","00:00:00","01:13:56","17","27"
Cycling,2022-09-11 18:46:03,false,"Nousiainen Pyöräily","7,39","97","00:21:25","93","113","1,2","--","--","20,7","31,3","17","80","--","--","--","0,0","--","--","--","--","18,0","No","00:21:25","1","24,0","00:21:11","00:21:25","43","131"
Hiking,2022-09-11 16:11:35,false,"Nousiainen frisbeegolf","5,06","507","02:21:22","90","134","1,6","47","160","27:58","10:02","83","79","0,77","--","--","0,0","--","--","--","6.764","23,0","No","02:21:22","1","27,0","01:37:33","02:29:08","128","152"
Cycling,2022-09-11 15:39:52,false,"Rusko Pyöräily","7,48","129","00:31:07","90","110","1,2","--","--","14,4","24,7","41","69","--","--","--","0,0","--","--","--","--","22,0","No","00:31:07","1","29,0","00:23:48","00:31:07","107","129"
Hiking,2022-09-10 18:47:20,false,"Pöytyä Patikointi","6,40","395","01:38:50","92","123","1,4","88","208","15:27","6:54","39","103","0,74","--","--","0,0","--","--","--","8.772","19,0","No","01:38:50","1","29,0","01:29:23","02:00:32","136","150"
Cycling,2022-09-09 17:08:45,false,"Turku Pyöräily","23,54","426","01:07:26","112","143","2,3","--","--","20,9","40,5","117","94","--","--","--","0,0","--","--","--","--","16,0","No","00:19:51","3","26,0","01:04:35","01:07:26","69","116"
Cycling,2022-09-09 07:09:47,false,"Rusko Pyöräily","23,54","559","01:05:03","128","155","3,4","--","--","21,7","32,2","90","115","--","--","--","0,0","--","--","--","--","13,0","No","00:21:12","3","28,0","01:04:01","01:05:03","23","75"
Walking,2022-09-05 06:56:01,false,"Rusko Kävely","3,34","171","00:37:50","94","137","1,5","107","230","11:19","6:41","42","141","0,83","--","--","0,0","--","--","--","4.066","17,0","No","00:37:50","1","28,0","00:36:51","00:37:50","41","60"
Walking,2022-09-04 17:34:53,false,"Rusko Kävely","3,04","195","00:38:45","100","119","1,6","96","244","12:45","6:47","40","42","0,82","--","--","0,0","--","--","--","3.740","24,0","No","00:38:45","1","26,0","00:36:43","00:38:45","47","62"
Other,2022-08-29 16:11:54,false,"Salibandy ","1,42","466","00:50:40","133","157","3,4","--","--","1,7","4,6","--","5","--","--","--","0,0","--","--","--","--","29,0","No","00:50:40","1","33,0","00:07:07","00:50:40","22","28"
Cycling,2022-08-25 17:04:39,false,"Turku Pyöräily","23,59","512","01:13:26","119","147","2,8","--","--","19,3","39,0","131","108","--","--","--","0,0","--","--","--","--","23,0","No","00:22:03","3","29,0","01:11:33","01:13:26","31","78"
Cycling,2022-08-25 07:07:26,false,"Rusko Pyöräily","23,84","517","01:02:56","123","152","3,3","--","--","22,7","34,1","97","125","--","--","--","0,0","--","--","--","--","14,0","No","00:20:15","3","28,0","01:01:54","01:02:56","20","73"
Other,2022-08-22 15:52:47,false,"Salibandy","0,00","494","01:10:04","116","159","3,2","--","--","--","--","--","--","--","--","--","0,0","--","--","--","--","29,0","No","01:10:04","1","32,0","00:00:00","01:10:04","22","37"
Other,2022-08-20 12:42:21,false,"Rusko Muu","3,22","311","01:24:51","88","121","1,2","--","--","2,3","7,8","54","55","--","--","--","0,0","--","--","--","--","28,0","No","01:24:51","1","31,0","00:54:30","01:24:51","71","84"
Walking,2022-08-19 06:59:21,false,"Rusko Kävely","3,57","164","00:45:06","86","117","1,2","100","121","12:38","7:00","46","42","0,79","--","--","0,0","--","--","--","4.528","22,0","No","00:45:06","1","29,0","00:43:12","00:45:06","65","80"
Cycling,2022-08-18 15:22:19,false,"Turku Pyöräily","23,59","543","01:06:38","124","169","3,2","--","--","21,2","40,1","118","94","--","--","--","0,0","--","--","--","--","27,0","No","00:20:21","3","31,0","01:03:47","01:06:38","29","74"
Cycling,2022-08-18 07:07:06,false,"Rusko Pyöräily","23,77","607","01:03:16","143","166","4,7","--","--","22,5","35,3","95","119","--","--","--","0,0","--","--","--","--","19,0","No","00:20:27","3","28,0","01:02:18","01:03:16","23","72"
Cycling,2022-08-16 16:30:30,false,"Turku Pyöräily","23,50","473","01:08:35","114","149","3,1","--","--","20,6","41,5","114","92","--","--","--","0,0","--","--","--","--","27,0","No","00:19:04","3","34,0","01:04:55","01:08:35","67","114"
Cycling,2022-08-16 06:52:44,false,"Rusko Pyöräily","23,74","437","01:06:43","116","136","2,7","--","--","21,4","34,1","93","119","--","--","--","0,0","--","--","--","--","21,0","No","00:20:41","3","28,0","01:04:24","01:06:43","23","72"
Other,2022-08-15 16:02:10,false,"Salibandy","0,00","455","01:00:56","119","158","2,9","--","--","--","--","--","--","--","--","--","0,0","--","--","--","--","29,0","No","01:00:56","1","32,0","00:00:00","01:00:56","7","13"
Walking,2022-08-10 17:53:02,false,"Rusko Kävely","4,17","303","01:18:36","90","119","1,2","64","153","18:50","1:12","52","52","0,83","--","--","0,0","--","--","--","5.408","23,0","No","01:18:36","1","30,0","01:07:13","01:18:36","55","71"
Cycling,2022-08-04 14:39:09,false,"Nousiainen Pyöräily","4,39","130","00:14:00","125","145","2,5","--","--","18,8","31,8","11","25","--","--","--","0,0","--","--","--","--","26,0","No","00:14:00","1","28,0","00:13:55","00:14:00","43","60"
Hiking,2022-08-04 10:57:41,false,"Rusko Patikointi","6,85","893","03:33:26","96","147","1,7","51","160","31:09","8:33","64","72","0,62","--","--","0,0","--","--","--","8.310","27,0","No","03:33:26","1","32,0","02:13:38","03:35:35","47","69"
Cycling,2022-08-04 10:17:50,false,"Rusko Pyöräily","4,53","328","00:39:19","120","141","3,0","--","--","6,9","26,4","28","15","--","--","--","0,0","--","--","--","--","25,0","No","00:39:19","1","29,0","00:16:32","00:39:19","60","79"
Rowing,2022-08-02 09:27:25,false,"Kolovesi Soutu","3.303","104","45:47.6","75","104","1,2","--","--","6:56","5:06","--","--","--","--","--","0,0","--","--","--","--","24,0","No","00:45:48","1","25,0","00:41:49","00:45:52","--","--"
Rowing,2022-08-01 12:17:11,false,"Kolovesi Soutu","18.958","1.086","05:06:39.1","87","141","2,7","--","--","8:05","3:14","--","--","--","--","--","0,0","--","--","--","--","24,0","No","05:06:39","1","37,0","04:39:56","06:38:28","--","--"
Hiking,2022-07-25 11:57:34,false,"Rusko Patikointi","7,68","817","03:25:36","92","139","1,5","51","160","26:48","4:29","90","85","0,73","--","--","0,0","--","--","--","10.462","25,0","No","03:25:36","1","34,0","02:30:48","04:01:34","68","90"
Hiking,2022-07-21 18:31:26,false,"Lieto Patikointi","0,28","33","00:05:30,2","101","129","1,2","65","152","19:20","10:54","31","--","0,80","--","--","0,0","--","--","--","454","31,0","No","00:05:30,2","1","32,0","00:04:47","00:05:30,2","66","96"
Hiking,2022-07-12 10:57:55,false,"Kökar Patikointi","5,50","327","01:44:37","81","113","1,2","69","160","19:02","9:49","104","105","0,76","--","--","0,0","--","--","--","8.022","24,0","No","01:44:37","1","31,0","01:33:55","02:07:00","3","40"
Hiking,2022-07-12 09:55:27,false,"Kökar Patikointi","2,18","152","00:45:56","81","129","1,4","32","160","21:03","1:33","42","34","1,50","--","--","0,0","--","--","--","1.930","25,0","No","00:45:56","1","29,0","00:27:04","00:45:56","14","33"
Hiking,2022-06-28 10:43:44,false,"Mustasaari Patikointi","3,70","235","01:21:15","77","109","1,1","58","187","21:58","8:53","43","44","0,78","--","--","0,0","--","--","--","5.288","28,0","No","01:21:15","1","35,0","00:58:31","01:21:15","14","37"
Hiking,2022-06-26 09:14:57,false,"Enontekiö Patikointi","6,00","501","02:01:16","93","129","1,6","40","157","20:14","10:09","42","153","1,22","--","--","0,0","--","--","--","4.306","25,0","No","02:01:16","1","29,0","01:32:52","02:01:16","297","402"
Hiking,2022-06-25 21:11:49,false,"Enontekiö Patikointi","1,87","201","00:31:42","108","146","2,0","78","160","16:58","8:30","41","6","0,76","--","--","0,0","--","--","--","2.626","27,0","No","00:31:42","1","30,0","00:30:41","00:31:42","376","401"
Hiking,2022-06-25 10:10:52,false,"Enontekiö Patikointi","16,55","1.693","06:10:42","103","144","2,7","53","160","22:24","6:55","565","586","0,83","--","--","0,0","--","--","--","17.644","24,0","No","00:07:09,8","3","34,0","03:51:02","07:54:27","387","712"
Hiking,2022-06-24 17:39:09,false,"Enontekiö Patikointi","1,54","175","00:26:44","108","139","1,8","46","154","17:25","11:18","42","2","1,24","--","--","0,0","--","--","--","1.022","27,0","No","00:26:44","1","29,0","00:25:21","00:26:44","380","421"
Hiking,2022-06-24 10:15:53,false,"Muonio Patikointi","13,63","1.302","05:33:01","93","130","2,0","32","177","24:26","5:25","530","682","1,30","--","--","0,0","--","--","--","7.708","17,0","No","02:22:27","2","32,0","04:16:13","06:46:39","321","637"
Hiking,2022-06-23 17:44:56,false,"Muonio Patikointi","11,91","1.184","04:06:45","105","152","3,0","49","160","20:42","10:16","420","387","0,99","--","--","0,0","--","--","--","10.542","21,0","No","01:30:18","2","29,0","03:27:33","04:15:41","462","792"
Hiking,2022-06-21 17:45:54,false,"Ikaalinen Patikointi","6,10","305","01:30:51","83","114","1,4","93","160","14:54","8:09","94","89","0,72","--","--","0,0","--","--","--","8.670","24,0","No","01:30:51","1","27,0","01:28:10","01:30:51","164","191"
Hiking,2022-06-19 17:40:06,false,"Rusko Patikointi","4,05","300","01:06:57","94","133","1,5","62","160","16:32","9:30","57","58","0,98","--","--","0,0","--","--","--","3.860","22,0","No","00:24:35","2","27,0","00:59:46","01:06:57","53","78"
Cycling,2022-06-15 06:53:55,false,"Rusko Pyöräily","16,04","301","00:42:55","111","145","2,5","--","--","22,4","40,5","73","79","--","--","--","0,0","--","--","--","--","20,0","No","00:21:18","2","28,0","00:42:41","00:42:55","55","82"
Running,2022-06-13 15:43:59,false,"Turku Juoksu","3,16","556","01:16:37","119","163","2,6","73","245","24:16","5:20","78","23","0,57","--","--","0,0","--","--","--","6.790","25,0","No","00:37:40","2","27,0","00:51:10","01:16:37","36","49"
Walking,2022-06-10 06:21:25,false,"Rusko Kävely","3,38","169","00:36:03","93","122","1,5","108","233","10:39","7:12","52","37","0,87","--","--","0,0","--","--","--","3.910","24,0","No","00:36:03","1","30,0","00:35:07","00:36:03","40","56"
Cycling,2022-06-09 17:03:58,false,"Turku Pyöräily","23,73","519","01:12:48","118","155","2,9","--","--","19,6","42,5","111","94","--","--","--","0,0","--","--","--","--","22,0","No","00:19:43","3","26,0","01:05:51","01:12:48","22","63"
Cycling,2022-06-09 07:18:00,false,"Rusko Pyöräily","23,77","563","01:06:52","123","162","3,1","--","--","21,3","32,5","90","118","--","--","--","0,0","--","--","--","--","16,0","No","00:21:03","3","27,0","01:04:31","01:06:52","18","69"
Cycling,2022-06-07 16:43:27,false,"Turku Pyöräily","23,69","434","01:06:47","112","135","2,3","--","--","21,3","42,6","139","93","--","--","--","0,0","--","--","--","--","24,0","No","00:19:59","3","27,0","01:03:53","01:06:47","15","63"
Cycling,2022-06-07 07:24:15,false,"Rusko Pyöräily","23,78","542","01:02:38","124","151","3,3","--","--","22,8","33,1","88","117","--","--","--","0,0","--","--","--","--","21,0","No","00:20:24","3","28,0","01:02:10","01:02:38","15","61"
Other,2022-06-06 15:51:04,false,"Salibandy","0,00","291","01:11:20","90","140","1,6","--","--","--","--","--","--","--","--","--","0,0","--","--","--","--","26,0","No","01:11:20","1","29,0","00:00:00","01:11:20","19","26"
Walking,2022-06-05 12:11:44,false,"Rusko Kävely","8,58","367","01:56:24","80","156","1,6","91","158","13:34","4:56","75","71","0,81","--","--","0,0","--","--","--","10.828","22,0","No","00:07:54,8","2","30,0","01:47:05","02:37:23","58","82"
Other,2022-05-30 15:54:54,false,"Salibandy","0,00","287","01:02:26","95","145","1,6","--","--","--","--","--","--","--","--","--","0,0","--","--","--","--","26,0","No","01:02:26","1","29,0","00:00:00","01:02:30","51","56"
Walking,2022-05-28 20:03:07,false,"Rusko Kävely","3,85","311","01:25:04","88","124","1,2","57","239","22:06","7:42","145","54","0,80","--","--","0,0","--","--","--","4.992","19,0","No","01:25:04","1","24,0","01:06:41","01:25:04","84","100"
Walking,2022-05-27 07:25:47,false,"Rusko Kävely","3,27","185","00:39:29","95","131","1,5","101","122","12:04","8:40","170","39","0,82","--","--","0,0","--","--","--","3.974","16,0","No","00:39:29","1","29,0","00:37:54","00:39:29","90","109"
Walking,2022-05-26 17:08:28,false,"Rusko Kävely","2,20","202","00:45:36","88","124","1,5","61","204","20:44","6:54","22","32","0,79","--","--","0,0","--","--","--","2.788","14,0","No","00:45:36","1","27,0","00:30:27","00:45:36","90","107"
Cycling,2022-05-24 16:53:49,false,"Turku Pyöräily","23,71","414","01:10:15","107","132","2,2","--","--","20,3","40,6","126","95","--","--","--","0,0","--","--","--","--","23,0","No","00:20:15","3","28,0","01:06:24","01:10:15","44","92"
Cycling,2022-05-24 07:19:18,false,"Rusko Pyöräily","23,42","499","01:06:06","116","141","2,9","--","--","21,3","32,8","91","120","--","--","--","0,0","--","--","--","--","19,0","No","00:21:01","3","28,0","01:03:07","01:06:06","31","86"
Walking,2022-05-20 06:57:12,false,"Rusko Kävely","3,40","150","00:38:32","86","124","1,2","108","120","11:21","8:09","41","47","0,82","--","--","0,0","--","--","--","4.170","22,0","No","00:38:32","1","29,0","00:37:04","00:38:32","52","68"
Other,2022-05-16 15:54:24,false,"Salibandy","0,00","346","01:05:11","99","147","1,8","--","--","--","--","--","--","--","--","--","0,0","--","--","--","--","26,0","No","00:29:57","2","28,0","00:00:00","01:05:11","17","28"
Walking,2022-05-16 06:48:33,false,"Rusko Kävely","3,32","125","00:38:04","79","107","1,1","107","120","11:28","7:02","44","41","0,82","--","--","0,0","--","--","--","4.050","17,0","No","00:38:04","1","29,0","00:37:04","00:38:04","45","63"
Cycling,2022-05-13 15:44:10,false,"Turku Pyöräily","23,76","460","01:09:34","112","137","2,3","--","--","20,5","40,7","127","104","--","--","--","0,0","--","--","--","--","19,0","No","00:20:13","3","26,0","01:06:32","01:09:34","19","63"
Cycling,2022-05-13 06:20:08,false,"Rusko Pyöräily","24,28","477","01:06:44","117","153","2,6","--","--","21,8","31,8","87","117","--","--","--","0,0","--","--","--","--","15,0","No","00:00:28,4","4","27,0","01:05:20","01:06:44","16","69"
Cycling,2022-05-10 16:47:52,false,"Turku Pyöräily","23,86","582","01:02:13","129","154","3,6","--","--","23,0","42,1","125","85","--","--","--","0,0","--","--","--","--","25,0","No","00:18:31","3","27,0","01:00:11","01:02:13","20","75"
Cycling,2022-05-10 06:57:19,false,"Rusko Pyöräily","23,76","533","01:11:08","119","152","3,0","--","--","20,0","31,6","89","117","--","--","--","0,0","--","--","--","--","19,0","No","00:22:36","3","27,0","01:08:46","01:11:08","5","56"
Other,2022-05-09 15:51:58,false,"Salibandy","0,00","487","01:08:33","114","146","2,6","--","--","--","--","--","--","--","--","--","0,0","--","--","--","--","28,0","No","01:08:33","1","29,0","00:00:00","01:08:33","5","14"
Walking,2022-05-09 07:01:43,false,"Rusko Kävely","4,41","281","01:54:44","72","115","1,1","39","149","26:03","5:52","53","49","0,98","--","--","0,0","--","--","--","4.392","17,0","No","01:54:44","1","29,0","00:45:41","01:54:44","23","41"
Cycling,2022-05-08 07:53:17,false,"Rusko Pyöräily","7,98","213","00:27:42","114","143","2,3","--","--","17,3","26,5","25","44","--","--","--","0,0","--","--","--","--","15,0","No","00:27:42","1","27,0","00:25:24","00:27:42","28","40"
Cycling,2022-05-06 06:54:58,false,"Rusko Pyöräily","16,08","316","00:43:28","114","142","2,2","--","--","22,2","41,1","79","83","--","--","--","0,0","--","--","--","--","19,0","No","00:21:27","2","28,0","00:43:12","00:43:28","35","63"
Trail Running,2022-05-04 18:50:33,false,"Rusko Polkujuoksu","3,36","191","00:43:49","92","113","1,2","95","127","13:02","9:04","23","25","0,81","--","--","0,0","--","--","--","4.292","21,0","No","00:02:27,9","3","25,0","00:41:05","00:43:49","41","61"
Cycling,2022-05-03 06:56:42,false,"Rusko Pyöräily","16,03","337","00:43:55","115","141","2,6","--","--","21,9","41,2","85","89","--","--","--","0,0","--","--","--","--","15,0","No","00:21:53","2","28,0","00:43:49","00:43:55","43","72"
Other,2022-05-02 15:55:30,false,"Salibandy","0,00","396","01:05:25","106","148","2,4","--","--","--","--","--","--","--","--","--","0,0","--","--","--","--","27,0","No","01:05:25","1","28,0","00:00:00","01:05:25","67","71"
Cycling,2022-04-29 07:01:19,false,"Rusko Pyöräily","16,05","357","00:44:39","117","141","3,0","--","--","21,6","41,3","82","85","--","--","--","0,0","--","--","--","--","13,0","No","00:22:00","2","28,0","00:43:30","00:44:39","48","75"
Cycling,2022-04-25 16:53:05,false,"Turku Pyöräily","23,89","528","01:20:31","113","132","2,6","--","--","17,8","40,1","121","104","--","--","--","0,0","--","--","--","--","18,0","No","00:22:45","3","27,0","01:13:16","01:20:31","27","69"
Cycling,2022-04-25 06:54:14,false,"Rusko Pyöräily","23,83","439","01:08:46","111","140","2,3","--","--","20,8","32,6","91","117","--","--","--","0,0","--","--","--","--","17,0","No","00:20:54","3","27,0","01:05:03","01:08:46","21","70"
Cycling,2022-04-24 11:37:04,false,"Rusko Pyöräily","20,58","394","01:24:05","96","128","1,5","--","--","14,7","35,7","99","102","--","--","--","0,0","--","--","--","--","20,0","No","00:13:37","3","27,0","01:09:12","01:24:05","56","74"
Cycling,2022-04-21 17:25:56,false,"Turku Pyöräily","26,45","726","01:26:59","127","148","3,3","--","--","18,2","36,1","152","131","--","--","--","0,0","--","--","--","--","18,0","No","00:08:33,3","4","26,0","01:24:05","01:44:31","75","118"
Cycling,2022-04-21 07:10:02,false,"Rusko Pyöräily","23,68","607","01:03:32","129","153","3,9","--","--","22,4","35,4","87","255","--","--","--","0,0","--","--","--","--","17,0","No","00:19:54","3","28,0","01:00:42","01:03:38","68","121"
Cycling,2022-04-19 17:22:44,false,"Turku Pyöräily","23,69","604","01:14:09","123","147","3,0","--","--","19,2","35,6","122","99","--","--","--","0,0","--","--","--","--","19,0","No","00:23:23","3","26,0","01:12:20","01:14:09","72","116"
Cycling,2022-04-19 07:10:26,false,"Rusko Pyöräily","23,67","531","01:15:04","117","145","2,9","--","--","18,9","33,2","88","122","--","--","--","0,0","--","--","--","--","14,0","No","00:21:26","3","26,0","01:05:55","01:15:04","14","69"
Walking,2022-04-15 09:16:03,false,"Rusko Kävely","4,43","406","01:34:17","94","129","1,3","62","159","21:17","8:33","59","62","0,76","--","--","0,0","--","--","--","6.274","21,0","No","01:34:17","1","27,0","01:17:15","01:34:17","59","74"
Walking,2022-04-14 07:19:30,false,"Rusko Kävely","2,83","218","00:33:20","107","128","2,0","109","149","11:47","7:17","32","27","0,78","--","--","0,0","--","--","--","3.684","14,0","No","00:33:20","1","28,0","00:32:39","00:33:20","45","65"
Other,2022-04-09 08:17:31,false,"Rusko Muu","0,90","161","00:32:35","95","118","1,4","--","--","1,7","4,3","5","12","--","--","--","0,0","--","--","--","--","22,0","No","00:32:35","1","25,0","00:09:51","00:32:35","83","91"
Other,2022-04-05 06:52:19,false,"Rusko Muu","1,73","269","00:58:11","96","121","1,5","--","--","1,8","5,2","20","20","--","--","--","0,0","--","--","--","--","24,0","No","00:58:11","1","28,0","00:32:50","00:58:11","103","115"
Other,2022-04-04 15:56:12,false,"Salibandy","0,00","561","01:06:05","124","158","3,2","--","--","--","--","--","--","--","--","--","0,0","--","--","--","--","25,0","No","01:06:05","1","30,0","00:00:00","01:06:05","73","78"
Walking,2022-04-03 09:48:12,false,"Rusko Kävely","4,26","265","01:18:48","82","119","1,1","72","187","18:29","6:52","47","52","0,76","--","--","0,0","--","--","--","6.010","17,0","No","01:18:48","1","25,0","01:10:19","01:19:00","77","93"
Walking,2022-03-31 05:50:58,false,"Rusko Kävely","3,22","135","00:32:00","90","98","1,2","117","126","9:56","8:19","12","15","0,86","--","--","0,0","--","--","--","3.750","20,0","No","00:32:00","1","27,0","00:32:00","00:32:00","49","58"
Other,2022-03-28 15:52:53,false,"Salibandy","0,00","532","01:09:30","117","163","3,2","--","--","--","--","--","--","--","--","--","0,0","--","--","--","--","26,0","No","01:09:30","1","30,0","00:00:00","01:09:30","9","24"
Walking,2022-03-23 07:20:32,false,"Rusko Kävely","3,23","141","00:32:32","90","120","1,2","115","123","10:05","8:23","13","12","0,86","--","--","0,0","--","--","--","3.792","13,0","No","00:32:32","1","27,0","00:32:01","00:32:32","52","60"
Walking,2022-03-22 16:03:26,false,"Rusko Kävely","2,15","148","00:29:08","96","117","1,5","87","128","13:34","8:38","10","5","0,85","--","--","0,0","--","--","--","2.524","18,0","No","00:29:08","1","26,0","00:22:53","00:29:08","48","56"
Walking,2022-03-22 06:53:38,false,"Rusko Kävely","3,24","185","00:32:22","102","116","1,6","116","123","10:00","7:25","14","13","0,86","--","--","0,0","--","--","--","3.772","11,0","No","00:32:22","1","28,0","00:32:18","00:32:22","45","56"
Walking,2022-03-21 17:12:17,false,"Rusko Kävely","4,02","320","01:05:40","99","131","1,7","77","160","16:21","6:49","50","48","0,79","--","--","0,0","--","--","--","5.746","19,0","No","01:05:40","1","28,0","01:00:02","01:05:40","49","61"
Walking,2022-03-21 07:55:53,false,"Rusko Kävely","1,47","87","00:17:43","92","142","1,2","108","123","12:04","9:10","11","225","0,77","--","--","0,0","--","--","--","1.920","18,0","No","00:17:43","1","28,0","00:17:43","00:17:43","35","70"
Walking,2022-03-18 06:51:54,false,"Rusko Kävely","3,25","175","00:33:20","96","121","1,8","116","127","10:15","8:21","11","179","0,84","--","--","0,0","--","--","--","3.892","23,0","No","00:33:20","1","27,0","00:33:20","00:33:20","60","69"
Walking,2022-03-17 07:52:19,false,"Rusko Kävely","3,27","233","00:34:11","109","123","2,0","114","130","10:27","8:30","9","11","0,84","--","--","0,0","--","--","--","3.886","19,0","No","00:34:11","1","28,0","00:34:09","00:34:11","57","65"
Walking,2022-03-16 05:54:47,false,"Rusko Kävely","3,26","137","00:33:27","88","102","1,1","114","129","10:16","7:56","8","13","0,85","--","--","0,0","--","--","--","3.802","22,0","No","00:33:27","1","28,0","00:32:13","00:33:27","62","69"
Other,2022-03-14 15:50:50,false,"Salibandy","0,00","369","01:10:01","101","155","1,8","--","--","--","--","--","--","--","--","--","0,0","--","--","--","--","26,0","No","01:10:01","1","29,0","00:00:00","01:10:01","20","30"
Walking,2022-03-13 15:43:55,false,"Rusko Kävely","6,85","350","01:19:11","95","149","1,6","107","134","11:33","6:35","29","37","0,81","--","--","0,0","--","--","--","8.530","21,0","No","01:19:11","1","28,0","01:14:21","01:19:11","49","66"
Walking,2022-03-12 17:06:12,false,"Rusko Kävely","6,59","245","01:16:54","80","110","1,1","108","179","11:40","8:16","22","22","0,80","--","--","0,0","--","--","--","8.464","19,0","No","01:16:54","1","27,0","01:16:31","01:16:54","70","87"
Walking,2022-03-08 07:05:23,false,"Rusko Kävely","3,27","147","00:34:53","90","117","1,2","114","126","10:41","7:28","11","16","0,82","--","--","0,0","--","--","--","3.994","23,0","No","00:34:53","1","29,0","00:34:38","00:34:53","80","89"
Other,2022-03-07 15:51:32,false,"Salibandy","1,60","377","01:06:35","104","145","2,0","--","--","1,4","3,5","6","11","--","--","--","0,0","--","--","--","--","26,0","No","01:06:35","1","30,0","00:05:11","01:06:35","56","64"
Cross Country Classic Skiing,2022-03-05 10:50:14,false,"Nousiainen Perinteinen hiihto","7,67","270","01:02:49","93","147","1,5","60","242","7,3","27,7","63","84","2,03","--","--","0,0","--","--","--","1.584","21,0","No","01:02:49","1","24,0","00:58:39","01:07:02","79","120"
Walking,2022-03-01 06:54:05,false,"Rusko Kävely","3,30","151","00:37:07","88","101","1,1","108","178","11:14","7:27","10","9","0,82","--","--","0,0","--","--","--","4.026","21,0","No","00:37:07","1","27,0","00:34:50","00:37:07","58","67"
Other,2022-02-28 15:47:04,false,"Salibandy","1,59","504","01:14:27","113","151","2,2","--","--","1,3","6,1","7","10","--","--","--","0,0","--","--","--","--","27,0","No","01:14:27","1","31,0","00:13:38","01:14:27","-77","-67"
Cross Country Classic Skiing,2022-02-27 11:32:30,false,"Nousiainen Perinteinen hiihto","15,50","711","02:08:18","104","127","2,4","63","227","7,2","15,2","38","40","1,91","--","--","0,0","--","--","--","2.056","23,0","No","00:59:44","2","27,0","02:01:02","02:17:16","-30","-13"
Cross Country Skate Skiing,2022-02-26 11:24:39,false,"Rusko Rehtsuo","11,83","779","01:45:12","118","145","3,1","59","207","6,8","14,6","12","35","1,90","--","--","0,0","--","--","--","3.044","22,0","No","00:30:25","2","28,0","01:35:47","02:08:58","-60","-28"
Skating,2022-02-23 15:20:22,false,"Köyliönjärvi Luistelu","9,52","185","00:55:05","80","120","1,1","--","--","10,4","17,5","2","9","--","--","--","0,0","--","--","--","--","18,0","No","00:27:20","2","25,0","00:50:14","00:55:05","11","22"
Cross Country Classic Skiing,2022-02-23 11:20:34,false,"Rusko Perinteinen hiihto","5,62","375","00:38:40","126","145","3,3","81","235","8,7","29,4","75","80","1,79","--","--","0,0","--","--","--","2.208","21,0","No","00:38:40","1","24,0","00:37:49","00:38:40","83","103"
Cross Country Classic Skiing,2022-02-22 13:37:39,false,"Nousiainen Perinteinen hiihto","7,80","513","01:11:22","115","138","2,6","71","249","6,6","29,6","74","89","1,53","--","--","0,0","--","--","--","1.948","21,0","No","01:11:22","1","27,0","01:04:21","01:11:22","100","151"
Other,2022-02-22 09:12:09,false,"Lumityö","1,38","132","00:42:28","78","113","1,1","--","--","2,0","6,4","15","26","--","--","--","0,0","--","--","--","--","25,0","No","00:42:28","1","27,0","00:26:12","00:42:28","108","123"
Other,2022-02-21 20:03:19,false,"Lumityö","1,21","238","00:41:40","103","136","1,5","--","--","1,7","5,9","7","13","--","--","--","0,0","--","--","--","--","24,0","No","00:41:40","1","28,0","00:23:46","00:41:40","124","134"
Cross Country Skate Skiing,2022-02-21 09:31:45,false,"Vahto Rehtsuolla","10,01","584","01:23:20","111","147","3,0","66","160","7,2","16,6","263","32","1,83","--","--","0,0","--","--","--","2.644","14,0","No","00:15:35","2","24,0","01:09:48","01:23:20","95","108"
Cross Country Skate Skiing,2022-02-20 17:40:15,false,"Vahto hiihto","4,43","183","00:42:43","90","117","1,2","53","157","6,2","15,0","165","11","1,95","--","--","0,0","--","--","--","1.328","13,0","No","00:42:43","1","23,0","00:34:18","00:42:43","86","97"
Walking,2022-02-18 06:51:35,false,"Rusko Kävely","3,23","157","00:33:54","93","115","1,2","116","125","10:30","8:07","9","15","0,82","--","--","0,0","--","--","--","3.946","21,0","No","00:33:54","1","27,0","00:33:49","00:33:54","117","124"
Indoor Cycling,2022-02-17 19:13:28,false,"Sisäpyöräily","0,00","294","00:31:05","127","151","2,9","--","--","--","--","--","--","--","67","108","0,0","1982","--","--","--","27,0","No","00:31:05","1","29,0","00:00:00","00:31:09","115","132"
Walking,2022-02-17 07:00:17,false,"Rusko Kävely","3,28","148","00:36:10","88","109","1,1","111","160","11:02","7:36","15","11","0,82","--","--","0,0","--","--","--","4.026","20,0","No","00:36:10","1","29,0","00:35:41","00:36:10","117","129"
Other,2022-02-13 11:08:45,false,"Lumityöt","1,58","326","00:55:08","104","156","2,1","--","--","1,7","4,5","16","16","--","--","--","0,0","--","--","--","--","23,0","No","00:55:08","1","27,0","00:14:50","00:55:08","68","80"
Cross Country Skate Skiing,2022-02-12 13:26:04,false,"Rehtsuo","7,47","369","01:12:48","99","133","1,6","56","185","6,2","14,6","17","21","1,84","--","--","0,0","--","--","--","2.466","22,0","No","01:12:48","1","26,0","00:59:18","01:23:19","62","73"
Walking,2022-02-10 16:26:27,false,"Rusko Kävely","2,95","134","00:32:11","88","101","1,1","113","176","10:54","6:59","20","24","0,81","--","--","0,0","--","--","--","3.672","22,0","No","00:32:11","1","29,0","00:32:08","00:32:11","79","93"
Walking,2022-02-10 07:17:18,false,"Kävely","1,93","109","00:24:10","91","111","1,1","102","120","12:31","8:48","154","17","0,79","--","--","0,0","--","--","--","2.504","23,0","No","00:24:10","1","26,0","00:23:19","00:24:10","75","89"
Walking,2022-02-08 07:14:02,false,"Rusko Kävely","2,99","128","00:32:49","86","99","1,1","112","125","10:57","7:36","159","24","0,81","--","--","0,0","--","--","--","3.712","19,0","No","00:32:49","1","28,0","00:32:39","00:32:49","30","45"
Other,2022-02-07 15:56:40,false,"Salibandy mv","1,45","484","01:05:30","116","149","2,3","--","--","1,3","13,1","--","18","--","--","--","0,0","--","--","--","--","25,0","No","01:05:30","1","31,0","00:13:43","01:05:30","10","29"
Other,2022-02-05 09:22:08,false,"Lumityöt","2,30","616","01:25:52","120","137","2,9","--","--","1,6","8,1","29","30","--","--","--","0,0","--","--","--","--","16,0","No","01:25:52","1","26,0","00:42:39","01:25:52","56","86"
Other,2022-02-05 08:57:37,false,"Lumityöt","0,60","106","00:23:46","90","105","1,1","--","--","1,5","4,0","207","6","--","--","--","0,0","--","--","--","--","24,0","No","00:23:46","1","27,0","00:09:10","00:23:46","67","74"
Cross Country Skate Skiing,2022-02-04 10:07:16,false,"Rusko luisteluhiihto","5,99","374","00:35:47","134","159","3,5","79","209","10,0","30,7","79","80","2,12","--","--","0,0","--","--","--","2.164","18,0","No","00:35:47","1","23,0","00:35:21","00:35:47","51","63"
Cross Country Skate Skiing,2022-02-03 17:53:25,false,"Rusko luisteluhiihto","6,13","431","00:41:58","133","164","3,6","72","190","8,8","30,5","80","86","2,02","--","--","0,0","--","--","--","1.796","13,0","No","00:41:58","1","15,0","00:40:40","00:41:58","31","46"
Cross Country Classic Skiing,2022-02-02 16:47:46,false,"Rusko Perinteinen hiihto","5,66","254","00:38:39","108","136","2,0","80","213","8,8","28,9","159","81","1,83","--","--","0,0","--","--","--","2.474","17,0","No","00:38:39","1","22,0","00:37:43","00:38:39","54","70"
Walking,2022-02-02 07:21:20,false,"Rusko Kävely","3,24","143","00:33:55","89","102","1,1","114","120","10:27","8:45","13","15","0,84","--","--","0,0","--","--","--","3.902","15,0","No","00:33:55","1","26,0","00:33:55","00:33:55","56","65"
Walking,2022-02-01 07:04:51,false,"Rusko Kävely","3,24","135","00:33:32","87","107","1,1","115","122","10:22","8:35","16","17","0,84","--","--","0,0","--","--","--","3.886","19,0","No","00:33:32","1","29,0","00:33:18","00:33:32","61","70"
Cross Country Classic Skiing,2022-01-31 17:36:18,false,"Rusko Perinteinen hiihto","7,91","541","00:53:15","132","155","4,0","84","214","8,9","29,1","101","108","1,77","--","--","0,0","--","--","--","3.640","17,0","No","00:53:15","1","28,0","00:51:27","01:05:18","67","89"
Walking,2022-01-31 14:13:43,false,"Rusko Kävely","1,80","151","00:25:50","101","125","1,5","86","125","14:22","7:19","20","18","0,81","--","--","0,0","--","--","--","2.216","21,0","No","00:25:50","1","27,0","00:21:16","00:25:50","59","74"
Walking,2022-01-31 07:25:45,false,"Rusko Kävely","2,97","146","00:33:33","90","117","1,2","110","125","11:18","9:21","180","21","0,81","--","--","0,0","--","--","--","3.762","18,0","No","00:33:33","1","28,0","00:33:24","00:33:33","33","49"
Walking,2022-01-30 14:20:50,false,"Rusko Kävely","1,07","226","00:44:31","97","131","1,7","39","150","41:46","10:31","13","28","0,61","--","--","0,0","--","--","--","1.114","20,0","No","00:44:31","1","27,0","00:23:14","00:44:31","42","55"
Cross Country Classic Skiing,2022-01-29 09:52:12,false,"Rusko Perinteinen hiihto","7,45","485","00:48:55","130","158","4,0","75","211","9,1","29,5","98","94","2,03","--","--","0,0","--","--","--","2.132","19,0","No","00:48:55","1","22,0","00:46:53","00:48:55","67","85"
Mountaineering,2022-01-28 06:56:56,false,"Rusko Kiipeily","3,27","123","00:33:43","83","95","1,1","116","124","5,8","7,4","16","18","0,84","--","--","0,0","--","--","--","3.876","10,0","No","00:33:43","1","27,0","00:33:18","00:33:48","62","72"
Cross Country Skate Skiing,2022-01-23 12:16:49,false,"Rusko luisteluhiihto","9,88","619","00:54:11","145","165","5,0","81","230","10,9","32,7","121","126","2,24","--","--","0,0","--","--","--","3.442","23,0","No","00:10:08","2","27,0","00:53:56","00:54:11","77","92"
Cross Country Classic Skiing,2022-01-22 10:52:27,false,"Rusko Perinteinen hiihto","8,31","495","01:01:53","119","149","3,0","75","209","8,1","30,4","107","118","1,79","--","--","0,0","--","--","--","3.186","18,0","No","00:02:27,2","2","22,0","00:57:52","01:01:53","58","78"
Walking,2022-01-18 18:11:21,false,"Vahto","5,22","251","00:51:54","97","123","1,4","119","128","9:57","6:54","44","31","0,84","--","--","0,0","--","--","--","6.184","7,0","No","00:51:54","1","26,0","00:51:54","00:51:54","60","81"
Walking,2022-01-13 07:15:07,false,"Rusko Kävely","3,26","205","00:35:39","100","123","1,8","112","120","10:56","7:56","18","16","0,82","--","--","0,0","--","--","--","4.024","15,0","No","00:35:39","1","27,0","00:35:19","00:35:39","40","50"
Cross Country Classic Skiing,2022-01-11 17:30:41,false,"Rusko Perinteinen hiihto","7,49","474","00:50:56","124","152","3,7","86","249","8,8","30,7","108","110","1,70","--","--","0,0","--","--","--","2.814","19,0","No","00:50:56","1","23,0","00:50:42","00:50:56","-6","7"
Cross Country Classic Skiing,2022-01-09 18:31:06,false,"Rusko Perinteinen hiihto","5,64","370","00:37:17","127","145","3,6","87","249","9,1","29,4","65","79","1,74","--","--","0,0","--","--","--","2.146","12,0","No","00:12:16","2","15,0","00:36:44","00:37:18","20","41"
Cross Country Classic Skiing,2022-01-08 10:39:11,false,"Nousiainen Perinteinen hiihto","4,40","261","00:32:51","117","147","2,7","84","238","8,0","32,2","93","97","1,60","--","--","0,0","--","--","--","1.698","8,0","No","00:32:51","1","22,0","00:30:52","00:32:51","55","83"
Cross Country Classic Skiing,2022-01-07 16:03:42,false,"Rusko Perinteinen hiihto","5,61","410","00:46:42","122","155","3,4","83","242","7,2","28,9","66","78","1,44","--","--","0,0","--","--","--","1.836","9,0","No","00:06:49,5","3","16,0","00:45:07","00:46:42","40","57"
Cross Country Classic Skiing,2022-01-06 11:23:35,false,"Rusko Perinteinen hiihto","4,19","308","00:40:37","114","142","2,8","68","159","6,2","29,1","46","54","1,51","--","--","0,0","--","--","--","1.534","6,0","No","00:40:37","1","13,0","00:36:47","00:40:37","51","64"
Cross Country Skate Skiing,2022-01-02 18:06:23,false,"Kittilä luisteluhiihto","3,27","215","00:26:13","119","143","2,7","71","230","7,5","23,3","50","51","1,76","--","--","0,0","--","--","--","1.122","16,0","No","00:26:13","1","24,0","00:24:11","00:26:13","209","245"
Cross Country Classic Skiing,2022-01-02 11:33:03,false,"Kittilä Perinteinen hiihto","15,88","755","02:37:55","108","137","1,7","65","199","6,0","27,9","269","261","1,53","--","--","0,0","--","--","--","7.232","10,0","No","01:00:34","2","23,0","02:15:33","02:46:03","186","298"
Cross Country Classic Skiing,2022-01-01 11:06:10,false,"Kittilä Perinteinen hiihto","14,70","679","02:17:44","108","135","2,0","72","241","6,4","158,3","159","168","1,48","--","--","0,0","--","--","--","6.216","11,0","No","01:02:25","2","27,0","02:06:07","03:06:57","176","238"
Cross Country Skate Skiing,2021-12-31 16:19:36,false,"Kittilä luisteluhiihto","5,05","123","00:35:52","90","119","1,1","67","193","8,4","36,8","80","83","2,10","--","--","0,0","--","--","--","2.200","5,0","No","00:35:52","1","26,0","00:31:41","01:20:03","261","300"
Skating,2021-12-22 15:29:57,false,"Rusko Luistelu","8,13","118","00:36:39","88","106","1,1","--","--","13,3","19,1","24","6","--","--","--","0,0","--","--","--","--","-2,0","No","00:13:57","2","15,0","00:36:25","00:36:39","89","105"
Walking,2021-12-19 11:42:43,false,"Rusko Kävely","3,40","214","00:57:38","95","130","1,2","76","159","16:57","7:02","46","43","0,77","--","--","0,0","--","--","--","4.548","14,0","No","00:57:38","1","28,0","00:46:45","00:57:38","62","81"
Walking,2021-12-17 06:10:28,false,"Rusko Kävely","3,63","180","00:38:14","103","133","1,4","114","243","10:32","7:16","45","47","0,83","--","--","0,0","--","--","--","4.378","12,0","No","00:38:14","1","29,0","00:38:03","00:38:14","58","78"
Walking,2021-12-13 07:17:08,false,"Rusko Kävely","1,22","60","00:15:46","93","106","1,1","99","123","12:56","10:02","12","7","0,78","--","--","0,0","--","--","--","1.568","19,0","No","00:15:46","1","28,0","00:15:46","00:15:46","103","116"
Walking,2021-12-09 07:25:01,false,"Rusko Kävely","3,24","135","00:34:53","96","112","1,1","112","133","10:46","9:10","44","139","0,83","--","--","0,0","--","--","--","3.914","13,0","No","00:34:53","1","27,0","00:34:52","00:34:53","82","102"
Walking,2021-12-08 06:50:05,false,"Rusko Kävely","4,32","213","01:32:26","78","109","1,1","47","130","21:24","7:50","53","54","0,99","--","--","0,0","--","--","--","4.158","9,0","No","01:32:26","1","27,0","00:44:01","01:32:26","80","103"
Skating,2021-12-06 12:11:20,false,"Savojärvi Luistelu","15,09","229","01:29:12","82","133","1,4","--","--","10,1","22,2","37","20","--","--","--","0,0","--","--","--","--","--","No","00:04:55,8","6","21,0","01:15:02","01:45:14","96","118"
Skating,2021-12-05 15:33:52,false,"Rusko Luistelu","3,25","41","00:24:04","70","94","1,0","--","--","8,1","17,9","9","4","--","--","--","0,0","--","--","--","--","8,0","No","00:24:04","1","20,0","00:19:46","00:24:04","88","93"
Skating,2021-12-04 14:27:44,false,"Rusko Luistelu","15,01","176","01:05:50","80","129","1,5","49","201","13,7","56,6","28","23","4,84","--","--","0,0","--","--","--","2.838","--","No","00:02:48,6","10","18,0","00:58:03","01:05:50","105","124"
Walking,2021-12-02 07:14:22,false,"Rusko Kävely","3,35","128","00:33:27","94","106","1,1","117","130","9:59","7:32","46","41","0,86","--","--","0,0","--","--","--","3.930","8,0","No","00:33:27","1","21,0","00:33:05","00:33:27","89","110"
Treadmill Running,2021-11-29 15:47:38,false,"Juoksumattojuoksu","1,62","373","01:11:06","109","150","2,0","33","230","43:59","5:26","9","10","0,69","--","--","0,0","--","--","--","1.160","22,0","No","00:00:48,3","2","30,0","00:18:10","01:11:06","25","32"
Walking,2021-11-28 12:17:53,false,"Rusko Kävely","7,33","300","01:24:15","93","126","1,2","103","127","11:30","7:44","130","59","0,85","--","--","0,0","--","--","--","8.432","11,0","No","01:24:15","1","25,0","01:20:32","02:05:47","57","82"
Walking,2021-11-25 20:17:06,false,"Rusko Kävely","2,83","137","00:32:42","98","127","1,2","106","123","11:34","2:03","31","26","0,81","--","--","0,0","--","--","--","3.502","16,0","No","00:32:42","1","27,0","00:31:28","00:32:42","77","96"
Walking,2021-11-23 17:49:48,false,"Rusko Kävely","3,41","142","00:37:37","92","118","1,2","110","249","11:01","8:01","44","38","0,83","--","--","0,0","--","--","--","4.060","19,0","No","00:37:37","1","28,0","00:36:39","00:37:37","58","80"
Walking,2021-11-23 09:34:30,false,"Rusko Kävely","3,46","188","00:41:57","103","133","1,4","102","230","12:07","5:24","53","53","0,81","--","--","0,0","--","--","--","4.538","21,0","No","00:41:57","1","27,0","00:41:27","00:41:57","62","80"
Other,2021-11-22 15:55:08,false,"Salibandy","1,61","371","01:05:10","113","153","2,1","35","239","1,5","17,6","5","10","0,71","--","--","0,0","--","--","--","1.126","22,0","No","00:00:05,0","2","30,0","00:13:58","01:05:10","24","30"
Walking,2021-11-21 18:06:13,false,"Rusko Kävely","3,34","124","00:34:16","92","112","1,1","112","126","10:16","7:25","38","45","0,87","--","--","0,0","--","--","--","3.862","15,0","No","00:34:16","1","27,0","00:33:41","00:34:16","52","72"
Walking,2021-11-20 19:12:27,false,"Rusko Kävely","3,28","175","00:36:23","105","153","1,4","107","235","11:05","4:29","53","51","0,85","--","--","0,0","--","--","--","3.956","18,0","No","00:36:23","1","29,0","00:35:21","00:36:23","231","248"
Walking,2021-11-18 18:07:41,false,"Rusko Kävely","3,25","176","00:33:30","109","127","1,7","116","156","10:18","6:26","41","39","0,84","--","--","0,0","--","--","--","3.908","15,0","No","00:33:30","1","28,0","00:33:30","00:33:30","175","196"
Walking,2021-11-18 07:46:44,false,"Rusko Kävely","3,26","114","00:33:55","89","99","1,1","113","126","10:25","7:23","50","37","0,85","--","--","0,0","--","--","--","3.848","20,0","No","00:33:55","1","28,0","00:33:55","00:33:55","168","185"
Walking,2021-11-17 17:42:44,false,"Rusko Kävely","3,39","215","00:36:03","113","161","2,1","110","120","10:38","7:25","41","36","0,86","--","--","0,0","--","--","--","3.970","19,0","No","00:36:03","1","28,0","00:35:40","00:36:03","164","185"
Walking,2021-11-16 17:36:45,false,"Rusko Kävely","3,42","197","00:38:23","108","158","1,7","107","233","11:14","8:16","42","37","0,83","--","--","0,0","--","--","--","4.058","20,0","No","00:38:23","1","26,0","00:37:18","00:40:29","137","157"
Walking,2021-11-16 07:35:36,false,"Rusko Kävely","3,63","186","00:39:20","93","118","1,2","79","123","10:51","2:18","45","44","0,88","--","--","0,0","--","--","--","4.054","16,0","No","00:52:01","1","28,0","00:39:20","00:52:01","123","145"
Other,2021-11-15 15:51:30,false,"Salibandy","1,45","380","01:08:56","110","150","2,0","31","244","1,3","13,7","6","5","0,68","--","--","0,0","--","--","--","1.012","23,0","No","01:08:56","1","29,0","00:15:34","01:08:56","78","85"
Walking,2021-11-14 10:25:58,false,"Rusko Kävely","3,00","170","00:33:28","109","131","1,4","108","153","11:10","8:28","41","36","0,83","--","--","0,0","--","--","--","3.666","17,0","No","00:33:28","1","27,0","00:33:28","00:33:28","97","116"
Walking,2021-11-09 06:51:45,false,"Rusko Kävely","3,25","102","00:34:48","84","99","1,1","113","126","10:42","7:46","40","36","0,83","--","--","0,0","--","--","--","3.948","16,0","No","00:34:48","1","27,0","00:34:48","00:34:48","60","80"
Walking,2021-11-06 11:44:53,false,"Rusko Kävely","3,19","233","00:39:23","115","151","2,0","95","123","12:20","5:22","39","42","0,85","--","--","0,0","--","--","--","3.676","18,0","No","00:39:23","1","26,0","00:34:59","00:39:23","59","75"
Walking,2021-11-04 17:40:35,false,"Rusko Kävely","3,39","168","00:34:58","104","122","1,4","113","235","10:19","3:55","36","42","0,86","--","--","0,0","--","--","--","3.918","24,0","No","00:34:58","1","28,0","00:34:43","00:34:58","56","75"
Walking,2021-11-04 06:51:11,false,"Rusko Kävely","3,15","106","00:33:59","86","116","1,1","113","120","10:46","8:05","105","38","0,82","--","--","0,0","--","--","--","3.844","20,0","No","00:33:59","1","28,0","00:33:59","00:33:59","70","86"
Walking,2021-11-02 06:56:36,false,"Rusko Kävely","3,26","173","00:37:15","105","116","1,3","109","120","11:25","5:46","40","40","0,81","--","--","0,0","--","--","--","4.086","17,0","No","00:37:15","1","27,0","00:37:06","00:37:15","59","77"
Other,2021-11-01 16:09:21,false,"Salibandy","1,53","191","00:47:02","98","123","1,2","28","214","1,9","7,4","14","14","1,15","--","--","0,0","--","--","--","332","25,0","No","00:47:02","1","26,0","00:15:49","00:49:09","30","38"
Walking,2021-10-31 12:40:42,false,"Rusko Kävely","3,03","106","00:34:04","86","108","1,1","108","131","11:14","7:16","126","36","0,83","--","--","0,0","--","--","--","3.692","19,0","No","00:34:04","1","26,0","00:33:17","00:34:04","35","61"
Running,2021-10-30 15:16:40,false,"Rusko Juoksu","7,11","594","00:58:31","144","161","4,1","155","168","8:14","1:07","47","42","0,78","--","--","0,0","--","--","--","9.074","18,0","No","00:05:54,8","5","25,0","00:58:29","00:58:31","36","58"
Hiking,2021-10-30 09:51:07,false,"Rusko Patikointi","4,08","223","01:04:56","91","129","1,2","58","197","15:55","1:12","43","53","1,08","--","--","0,0","--","--","--","4.136","17,0","No","01:04:56","1","23,0","00:55:39","01:04:56","41","60"
Walking,2021-10-28 07:16:39,false,"Rusko Kävely","3,19","109","00:32:32","88","94","1,1","115","123","10:12","7:05","42","36","0,86","--","--","0,0","--","--","--","3.780","12,0","No","00:32:32","1","28,0","00:32:25","00:32:32","88","108"
Walking,2021-10-26 16:13:24,false,"Rusko Kävely","3,31","144","00:44:57","88","112","1,1","89","133","13:36","7:48","15","14","0,82","--","--","0,0","--","--","--","3.972","22,0","No","00:44:57","1","26,0","00:35:22","00:44:57","65","74"
Walking,2021-10-26 07:20:37,false,"Rusko Kävely","3,16","113","00:33:32","87","117","1,2","113","141","10:37","6:57","41","35","0,84","--","--","0,0","--","--","--","3.804","17,0","No","00:33:32","1","28,0","00:33:32","00:33:32","58","78"
Other,2021-10-25 16:08:23,false,"Salibandy","1,20","245","00:54:15","99","134","1,4","33","249","1,3","16,5","5","8","0,68","--","--","0,0","--","--","--","764","24,0","No","00:54:15","1","28,0","00:13:00","00:54:15","50","57"
Walking,2021-10-24 11:25:47,false,"Rusko Kävely","7,14","383","01:16:25","110","136","1,5","110","126","10:42","8:14","40","38","0,85","--","--","0,0","--","--","--","8.484","14,0","No","01:16:25","1","28,0","01:14:34","01:16:25","61","89"
Walking,2021-10-23 10:46:23,false,"Rusko Kävely","1,15","105","00:25:36","98","123","1,1","61","159","22:12","11:06","12","21","0,74","--","--","0,0","--","--","--","1.626","13,0","No","00:25:36","1","14,0","00:21:53","00:25:36","138","151"
Walking,2021-10-21 07:16:16,false,"Rusko Kävely","3,22","130","00:32:39","97","123","1,2","116","127","10:09","8:23","251","39","0,85","--","--","0,0","--","--","--","3.820","24,0","No","00:32:39","1","28,0","00:32:37","00:32:39","137","155"
Walking,2021-10-19 06:54:01,false,"Rusko Kävely","3,15","112","00:32:19","91","106","1,1","116","129","10:16","8:09","42","33","0,84","--","--","0,0","--","--","--","3.782","8,0","No","00:32:19","1","26,0","00:32:19","00:32:19","59","79"
Other,2021-10-18 16:02:50,false,"Salibandy","1,37","446","00:59:56","126","154","2,5","34","222","1,4","11,9","4","15","0,67","--","--","0,0","--","--","--","700","25,0","No","00:59:56","1","31,0","00:15:21","00:59:56","65","79"
Other,2021-10-11 15:55:13,false,"Salibandy","1,55","363","01:04:01","113","143","1,8","36","214","1,5","13,1","3","7","0,68","--","--","0,0","--","--","--","1.296","26,0","No","01:04:01","1","29,0","00:14:49","01:04:01","27","37"
Trail Running,2021-10-09 08:32:43,false,"Rusko Polkujuoksu","2,57","240","00:26:00","135","163","3,0","126","239","10:08","4:41","30","37","0,79","--","--","0,0","--","--","--","3.462","20,0","No","00:10:08","2","24,0","00:25:41","00:26:00","43","55"
Hiking,2021-10-03 16:02:54,false,"Nousiainen Patikointi","7,30","655","03:09:58","95","143","1,2","53","171","26:00","1:38","97","96","0,73","--","--","0,0","--","--","--","9.878","17,0","No","03:09:58","1","26,0","01:56:37","03:09:58","164","182"
Hiking,2021-09-26 12:45:01,false,"Rusko Patikointi","2,50","181","01:24:23","76","129","1,1","36","160","33:48","9:36","27","172","0,82","--","--","0,0","--","--","--","3.364","23,0","No","01:24:23","1","27,0","00:52:15","01:24:23","136","151"
Walking,2021-09-16 07:25:53,false,"Rusko Kävely","3,27","126","00:35:45","92","112","1,1","110","130","10:55","8:21","42","40","0,83","--","--","0,0","--","--","--","3.964","20,0","No","00:35:45","1","28,0","--:--:--","00:35:45","35","53"
Trail Running,2021-09-14 15:07:15,false,"Rusko Polkujuoksu","2,75","248","00:33:07","127","161","2,6","101","245","12:03","4:42","37","46","0,82","--","--","0,0","--","--","--","3.598","19,0","No","00:16:17","2","23,0","00:31:40","00:45:20","47","57"
Walking,2021-09-14 07:15:43,false,"Rusko Kävely","2,66","97","00:29:48","88","103","1,1","110","124","11:13","7:38","33","26","0,81","--","--","0,0","--","--","--","3.248","16,0","No","00:29:48","1","28,0","--:--:--","00:29:48","40","60"
Other,2021-09-13 15:55:40,false,"Salinandy","1,51","299","01:04:24","100","142","2,0","34","221","1,4","15,8","16","25","0,70","--","--","0,0","--","--","--","1.338","25,0","No","01:04:24","1","27,0","00:15:37","01:04:24","29","48"
Hiking,2021-09-10 18:47:20,false,"Rusko Patikointi","1,30","92","00:22:46","96","122","1,1","72","193","17:33","6:44","11","9","0,79","--","--","0,0","--","--","--","1.634","22,0","No","00:22:46","1","26,0","--:--:--","00:22:46","48","57"
Hiking,2021-09-10 18:17:42,false,"Nousiainen Patikointi","1,44","82","00:17:46","102","119","1,2","97","123","12:21","8:48","22","34","0,83","--","--","0,0","--","--","--","1.812","24,0","No","00:17:46","1","27,0","--:--:--","00:17:46","60","83"
Walking,2021-09-10 07:37:44,false,"Rusko Kävely","0,77","59","00:08:57,6","115","126","1,3","107","120","11:35","9:07","3","8","0,80","--","--","0,0","--","--","--","1.008","17,0","No","00:08:57,6","1","18,0","--:--:--","00:08:57,6","44","53"
Trail Running,2021-09-10 07:09:07,false,"Rusko Polkujuoksu","2,63","259","00:24:54","145","168","3,5","136","232","9:29","4:49","35","40","0,77","--","--","0,0","--","--","--","3.472","18,0","No","00:10:05","2","24,0","00:24:50","00:24:54","47","58"
Cycling,2021-09-08 17:16:31,false,"Turku Pyöräily","23,74","632","01:11:40","140","189","4,1","--","--","19,9","41,0","115","92","--","--","--","0,0","--","--","--","--","18,0","No","00:22:36","3","24,0","01:10:12","01:11:40","33","77"
Cycling,2021-09-08 06:52:57,false,"Rusko Pyöräily","23,67","453","01:05:38","127","162","2,6","--","--","21,6","32,4","93","113","--","--","--","0,0","--","--","--","--","15,0","No","00:21:05","3","28,0","01:03:58","01:05:38","26","72"
Walking,2021-09-07 06:49:53,false,"Rusko Kävely","3,29","96","00:37:09","81","93","1,0","105","166","11:18","7:30","42","157","0,84","--","--","0,0","--","--","--","3.940","17,0","No","00:37:09","1","29,0","--:--:--","00:37:09","123","141"
Cycling,2021-08-27 06:55:30,false,"Rusko Pyöräily","16,03","343","00:41:46","132","155","3,0","--","--","23,0","36,3","83","84","--","--","--","0,0","--","--","--","--","18,0","No","00:19:17","2","28,0","00:41:46","00:41:46","47","72"
Indoor Cycling,2021-08-23 15:59:03,false,"Sisäpyöräily","0,00","315","01:14:02","109","149","2,0","--","--","--","--","--","--","--","--","--","0,0","--","--","--","--","27,0","No","01:14:02","1","31,0","--:--:--","01:14:02","56","66"
Cycling,2021-08-17 07:36:05,false,"Rusko Pyöräily","16,04","249","00:40:43","117","132","2,1","--","--","23,6","42,8","88","90","--","--","--","0,0","--","--","--","--","17,0","No","00:20:19","2","29,0","00:40:40","00:40:43","46","71"
Cycling,2021-08-12 07:24:43,false,"Rusko PyÃ¶rÃ¤ily","16,03","269","00:42:16","120","139","2,1","--","--","22,8","41,1","85","86","--","--","--","0,0","--","--","--","--","17,0","No","00:20:38","2","28,0","00:41:35","00:42:16","45","72"
Trail Running,2021-08-11 07:29:18,false,"Rusko Polkujuoksu","2,57","258","00:27:19","136","154","3,1","119","239","10:37","4:18","36","37","0,80","--","--","0,0","--","--","--","3.520","18,0","No","00:10:17","2","24,0","00:26:59","00:27:19","53","63"
Walking,2021-08-10 09:00:34,false,"Rusko Kävely","3,58","208","00:54:02","97","140","1,2","85","163","15:07","5:06","44","45","0,78","--","--","0,0","--","--","--","4.948","23,0","No","00:54:02","1","27,0","00:52:19","00:54:02","116","133"
Treadmill Running,2021-08-09 15:55:48,false,"Juoksumattojuoksu","1,54","425","01:06:28","119","162","2,3","34","204","43:04","3:22","4","10","0,68","--","--","0,0","--","--","--","1.042","27,0","No","01:06:28","1","31,0","00:15:50","01:06:28","85","94"
Trail Running,2021-08-07 08:28:19,false,"Rusko Polkujuoksu","2,66","259","00:27:54","135","148","3,0","125","178","10:29","4:17","35","34","0,76","--","--","0,0","--","--","--","3.648","20,0","No","00:11:19","2","22,0","00:27:12","00:27:54","129","143"
Walking,2021-08-05 09:52:04,false,"Rusko Kävely","1,00","95","00:17:01","110","155","1,4","75","172","16:57","4:54","9","10","0,78","--","--","0,0","--","--","--","1.282","22,0","No","00:17:01","1","23,0","00:12:54","00:17:01","97","106"
Trail Running,2021-08-05 09:24:53,false,"Rusko Polkujuoksu","2,54","265","00:26:27","141","154","3,3","124","224","10:25","4:41","37","37","0,78","--","--","0,0","--","--","--","3.392","21,0","No","00:09:28,7","2","25,0","00:25:55","00:26:27","96","107"
Walking,2021-08-05 09:16:13,false,"Rusko Kävely","0,76","41","00:08:01,3","105","146","1,1","112","120","10:35","8:51","13","5","0,84","--","--","0,0","--","--","--","894","25,0","No","00:08:01,3","1","28,0","00:07:53","00:08:01,3","92","105"
Cycling,2021-07-26 14:13:02,false,"Brändö Pyöräily","3,29","49","00:17:16","83","104","1,0","--","--","11,4","24,1","20","19","--","--","--","0,0","--","--","--","--","31,0","No","00:17:16","1","33,0","00:15:16","00:17:16","-5","3"
Cycling,2021-07-26 12:40:28,false,"Brändö Pyöräily","1,59","57","00:14:35","93","137","1,1","--","--","6,5","21,2","9","65","--","--","--","0,0","--","--","--","--","28,0","No","00:14:35","1","32,0","00:07:30","00:35:50","-7","-1"
Cycling,2021-07-26 09:38:12,false,"Brändö Pyöräily","17,86","258","01:25:00","88","166","1,7","--","--","12,6","30,4","113","118","--","--","--","0,0","--","--","--","--","26,0","No","00:06:44,1","3","32,0","01:06:53","02:06:36","-9","4"
Cycling,2021-07-25 19:40:49,false,"Pyöräily","13,72","425","01:50:28","101","129","1,3","--","--","7,5","27,1","83","81","--","--","--","0,0","--","--","--","--","24,0","No","00:22:20","2","30,0","01:02:53","01:50:28","-12","3"
Cycling,2021-07-25 17:38:37,false,"Kumlinge Pyöräily","8,07","124","00:22:58","110","134","1,4","--","--","21,1","26,7","19","19","--","--","--","0,0","--","--","--","--","26,0","No","00:00:32,9","2","28,0","00:22:28","00:22:58","-15","-6"
Cycling,2021-07-25 08:06:06,false,"Maarianhamina Pyöräily","45,91","733","03:35:29","95","125","1,2","--","--","12,8","33,5","262","331","--","--","--","0,0","--","--","--","--","24,0","No","00:25:30","6","33,0","02:46:34","07:24:55","-21","17"
Cycling,2021-07-24 09:42:17,false,"Vårdö Pyöräily","59,54","1.003","04:29:21","100","134","1,4","--","--","13,3","41,2","488","484","--","--","--","0,0","--","--","--","--","22,0","No","00:25:38","8","31,0","03:37:59","06:34:36","-22","39"
Cycling,2021-07-23 17:54:15,false,"Vårdö Pyöräily","7,64","234","00:25:31","139","158","2,9","--","--","18,0","27,1","44","41","--","--","--","0,0","--","--","--","--","21,0","No","00:25:31","1","25,0","00:24:52","00:25:31","10","28"
Hiking,2021-07-21 18:09:06,false,"Nousiainen Patikointi","6,56","415","03:09:22","78","130","1,1","46","159","28:50","6:23","64","65","0,75","--","--","0,0","--","--","--","7.880","20,0","No","03:09:22","1","25,0","02:01:37","03:11:30","58","80"
Treadmill Running,2021-07-08 11:02:44,false,"Juoksumattojuoksu","2,88","570","02:27:52","95","136","1,4","28","187","51:17","6:03","7","12","0,69","--","--","0,0","--","--","--","3.164","27,0","No","00:24:36","3","29,0","00:39:43","02:27:52","56","70"
Treadmill Running,2021-07-06 09:28:38,false,"Juoksumattojuoksu","4,01","731","03:06:20","100","139","1,3","33","236","46:26","5:05","9","12","0,66","--","--","0,0","--","--","--","2.732","27,0","No","00:16:34","4","31,0","01:08:30","03:06:20","94","111"
Other,2021-07-05 11:00:49,false,"Halonhakkuu","3,20","759","03:03:06","101","159","1,7","27","187","1,0","9,6","8","3","0,65","--","--","0,0","--","--","--","2.218","27,0","No","00:01:31,1","4","31,0","00:50:45","03:03:06","88","95"
Other,2021-07-03 15:23:18,false,"Halonhakkuu","2,76","608","02:03:01","111","153","1,8","34","230","1,3","11,9","10","5","0,66","--","--","0,0","--","--","--","1.614","29,0","No","00:11:57","3","31,0","00:44:37","02:03:01","88","88"
Hiking,2021-06-29 13:02:00,false,"Julma-Ölkyn ylitys","8,11","385","02:08:49","88","126","1,1","61","160","15:53","0:57","209","213","1,02","--","--","0,0","--","--","--","8.686","27,0","No","00:00:04,2","2","32,0","01:47:03","02:17:02","311","357"
Hiking,2021-06-29 07:24:46,false,"Ansakämppä -Oulanka luontokeskus","8,00","314","02:08:53","80","110","1,1","65","157","16:06","10:02","108","134","0,95","--","--","0,0","--","--","--","7.460","23,0","No","02:08:53","1","30,0","01:59:19","02:19:36","207","244"
Hiking,2021-06-28 18:33:44,false,"Oulanka luontokeskus - Ansakämppä","8,13","448","02:27:13","88","151","1,2","53","158","18:07","10:05","118","124","1,05","--","--","0,0","--","--","--","7.726","25,0","No","00:03:53,7","2","28,0","02:07:49","02:37:56","196","230"
Hiking,2021-06-27 15:55:34,false,"Saanalta alas","4,54","295","01:16:09","99","134","1,2","75","150","16:47","8:48","6","545","0,80","--","--","0,0","--","--","--","5.850","13,0","No","01:16:09","1","22,0","01:05:12","01:16:09","544","1.085"
Hiking,2021-06-27 14:20:54,false,"Saanalle","4,64","422","01:33:04","107","147","1,9","52","160","20:03","7:23","574","28","0,96","--","--","0,0","--","--","--","4.750","15,0","No","01:33:04","1","27,0","01:23:53","01:33:04","542","1.090"
Hiking,2021-06-27 09:11:57,false,"Mallan luonnonpuisto takaisin","11,07","664","03:39:02","89","121","1,2","45","239","19:46","8:16","334","347","1,14","--","--","0,0","--","--","--","9.214","19,0","No","00:51:00","2","27,0","03:06:54","03:51:35","539","764"
Hiking,2021-06-26 19:45:28,false,"Mallan luonnonpuisto meno","10,78","774","03:27:25","99","135","1,7","51","160","19:15","10:27","323","349","1,02","--","--","0,0","--","--","--","9.326","13,0","No","00:45:45","2","26,0","02:58:35","03:27:26","513","749"
Hiking,2021-06-23 09:14:11,false,"Kevon kanjonille ja vähän yli","10,74","535","03:53:08","79","118","1,2","43","159","21:42","1:45","234","313","1,06","--","--","0,0","--","--","--","8.796","13,0","No","00:00:26,7","3","20,0","02:52:24","05:15:14","300","415"
Hiking,2021-06-22 12:20:06,false,"Kevon luonnonpuisto alkumatka kohti kanjonia","15,20","1.138","05:21:11","97","149","1,4","59","238","21:07","8:19","334","286","0,80","--","--","0,0","--","--","--","17.990","19,0","No","02:34:26","2","30,0","03:52:10","06:05:52","278","374"
Hiking,2021-06-21 17:45:42,false,"Saariselkä","5,00","293","01:39:10","87","115","1,1","66","240","19:50","5:17","209","187","0,77","--","--","0,0","--","--","--","6.828","18,0","No","01:39:10","1","26,0","01:17:22","01:39:10","470","651"
Cycling,2021-06-17 16:53:43,false,"Turku Pyöräily","24,19","326","01:09:29","110","130","1,7","--","--","20,9","43,7","121","92","--","--","--","0,0","--","--","--","--","23,0","No","00:00:13,4","4","28,0","01:06:57","01:09:29","160","208"
Cycling,2021-06-17 07:36:05,false,"Rusko Pyöräily","23,66","539","01:05:21","136","157","3,0","--","--","21,7","32,4","105","131","--","--","--","0,0","--","--","--","--","18,0","No","00:21:24","3","27,0","01:05:20","01:05:21","156","206"
Hiking,2021-06-06 09:05:46,false,"Rusko Patikointi","4,60","301","01:46:27","86","121","1,1","58","236","23:09","5:37","66","66","0,75","--","--","0,0","--","--","--","6.152","24,0","No","01:46:27","1","30,0","01:17:20","01:46:27","126","137"
Walking,2021-06-04 07:11:21,false,"Rusko Kävely","3,37","134","00:36:44","93","125","1,1","110","122","10:54","8:05","38","35","0,83","--","--","0,0","--","--","--","4.038","23,0","No","00:36:44","1","25,0","00:35:54","00:36:44","109","123"
Cycling,2021-06-03 17:05:20,false,"Turku Pyöräily","23,79","357","01:11:21","112","133","1,6","--","--","20,0","42,8","115","88","--","--","--","0,0","--","--","--","--","24,0","No","00:20:31","3","28,0","01:07:13","01:23:29","69","117"
Cycling,2021-06-03 06:33:36,false,"Rusko Pyöräily","23,64","465","01:00:55","132","155","2,9","--","--","23,3","36,1","92","115","--","--","--","0,0","--","--","--","--","17,0","No","00:09:54,3","4","28,0","01:00:21","01:00:55","24","72"
Walking,2021-06-02 07:42:15,false,"Rusko Kävely","2,79","152","00:30:12","106","133","1,5","110","129","10:51","2:52","34","38","0,84","--","--","0,0","--","--","--","3.372","23,0","No","00:30:12","1","27,0","00:30:02","00:30:17","61","71"
Cycling,2021-06-01 07:02:34,false,"Rusko Pyöräily","16,04","329","00:41:20","130","158","3,0","--","--","23,3","37,0","85","86","--","--","--","0,0","--","--","--","--","16,0","No","00:00:02,1","3","28,0","00:41:18","00:41:20","45","72"
Cycling,2021-05-28 06:52:29,false,"Rusko Pyöräily","16,04","302","00:42:00","125","152","2,2","--","--","22,9","44,0","78","82","--","--","--","0,0","--","--","--","--","17,0","No","00:00:04,9","3","27,0","00:41:59","00:42:00","44","71"
Walking,2021-05-26 07:25:09,false,"Rusko Kävely","3,44","134","00:38:27","91","121","1,1","108","122","11:10","7:09","46","38","0,83","--","--","0,0","--","--","--","4.026","21,0","No","00:38:27","1","29,0","00:38:03","00:38:27","14","33"
Hiking,2021-05-23 16:48:55,false,"Rusko Patikointi","8,08","255","02:00:23","76","119","1,1","89","160","14:54","1:41","80","87","0,75","--","--","0,0","--","--","--","10.978","23,0","No","00:00:31,9","2","28,0","01:54:52","02:12:23","49","74"
Hiking,2021-05-22 17:56:12,false,"Rusko Patikointi","3,18","269","01:26:14","89","129","1,2","50","185","27:06","8:21","98","53","0,74","--","--","0,0","--","--","--","4.246","20,0","No","01:26:14","1","29,0","01:03:01","01:26:14","92","104"
Hiking,2021-05-21 12:35:57,false,"Rusko Patikointi","4,44","304","01:30:50","92","142","1,1","64","193","20:27","7:14","137","57","0,76","--","--","0,0","--","--","--","5.766","22,0","No","01:30:50","1","28,0","01:12:19","01:30:50","87","99"
Cycling,2021-05-20 05:59:54,false,"Rusko Pyöräily","16,05","317","00:44:14","127","152","2,6","--","--","21,8","33,8","99","74","--","--","--","0,0","--","--","--","--","17,0","No","00:00:06,3","3","28,0","00:44:02","00:47:18","60","88"
Cycling,2021-05-18 07:13:17,false,"Rusko Pyöräily","16,05","305","00:41:54","124","165","2,8","--","--","23,0","41,1","80","83","--","--","--","0,0","--","--","--","--","15,0","No","00:00:05,3","3","28,0","00:41:52","00:41:54","46","72"
Walking,2021-05-17 07:21:08,false,"Rusko Kävely","3,35","114","00:38:08","86","119","1,1","107","125","11:24","9:07","42","37","0,82","--","--","0,0","--","--","--","4.050","20,0","No","00:38:08","1","29,0","00:37:01","00:38:08","60","77"
Hiking,2021-05-16 13:39:34,false,"Nousiainen Patikointi","6,70","377","02:12:02","85","133","1,1","68","179","19:42","2:14","117","119","0,78","--","--","0,0","--","--","--","9.538","22,0","No","02:14:03","1","30,0","01:56:00","02:33:44","99","133"
Cycling,2021-05-15 18:59:16,false,"UimaLampi soisalontie Pyöräily","11,50","2","00:35:44","92","104","1,0","--","--","19,3","17,6","34","1","--","--","--","0,0","--","--","--","--","17,0","No","00:00:44,5","1","17,0","00:00:44,5","00:00:44,5","65","69"
Cycling,2021-05-14 06:16:55,false,"Rusko Pyöräily","16,02","288","00:40:19","123","158","2,5","--","--","23,8","42,1","78","81","--","--","--","0,0","--","--","--","--","21,0","No","00:19:59","2","29,0","00:40:16","00:40:25","47","71"
Hiking,2021-05-13 08:45:17,false,"Rusko Patikointi","4,18","285","01:37:57","86","129","1,1","57","160","23:28","8:01","52","47","0,75","--","--","0,0","--","--","--","5.680","24,0","No","01:37:57","1","29,0","01:14:15","01:37:57","80","93"
Cycling,2021-05-11 07:06:42,false,"Rusko Pyöräily","16,04","330","00:40:21","132","159","2,9","--","--","23,9","43,6","78","83","--","--","--","0,0","--","--","--","--","20,0","No","00:00:06,7","3","28,0","00:40:21","00:40:21","43","69"
Walking,2021-05-10 19:50:55,false,"Rusko Kävely","3,24","151","00:35:51","100","120","1,2","107","228","11:04","7:27","40","40","0,85","--","--","0,0","--","--","--","3.868","24,0","No","00:35:51","1","28,0","00:34:37","00:35:51","58","74"
Walking,2021-05-10 08:25:56,false,"Rusko Kävely","0,59","41","00:07:23,0","108","117","1,1","103","120","12:26","9:15","1","7","0,78","--","--","0,0","--","--","--","758","17,0","No","00:07:23,0","1","18,0","00:07:16","00:07:23,0","62","70"
Cycling,2021-05-04 06:18:31,false,"Rusko Pyöräily","16,05","349","00:41:37","133","156","3,1","--","--","23,1","40,0","82","79","--","--","--","0,0","--","--","--","--","12,0","No","00:00:06,7","3","28,0","00:41:25","00:42:14","49","75"
Cycling,2021-05-03 07:17:38,false,"Rusko Pyöräily","16,03","334","00:42:09","129","151","3,0","--","--","22,8","38,6","88","85","--","--","--","0,0","--","--","--","--","13,0","No","00:20:07","2","28,0","00:42:00","00:42:16","48","72"
Hiking,2021-05-02 10:36:14,false,"Rusko Patikointi","4,50","298","01:48:25","84","126","1,1","53","214","24:05","7:21","62","144","0,78","--","--","0,0","--","--","--","5.972","20,0","No","01:48:25","1","26,0","01:18:30","01:48:25","88","101"
Cycling,2021-04-29 06:52:20,false,"Rusko Pyöräily","16,05","295","00:42:30","123","158","2,2","--","--","22,7","39,6","86","86","--","--","--","0,0","--","--","--","--","9,0","No","00:00:12,8","3","25,0","00:42:21","00:43:15","46","72"
Walking,2021-04-28 07:16:25,false,"Rusko Kävely","3,38","112","00:34:48","88","106","1,1","113","126","10:17","7:54","39","39","0,86","--","--","0,0","--","--","--","3.972","10,0","No","00:34:48","1","27,0","00:34:38","00:34:48","58","79"
Walking,2021-04-26 07:14:01,false,"Rusko Kävely","3,32","169","00:38:02","101","127","1,4","105","127","11:28","8:21","42","41","0,83","--","--","0,0","--","--","--","4.002","13,0","No","00:38:02","1","28,0","00:35:52","00:38:02","58","76"
Cycling,2021-04-21 16:25:16,false,"Rusko Pyöräily","16,47","347","00:44:07","131","152","2,4","--","--","22,4","47,0","94","95","--","--","--","0,0","--","--","--","--","17,0","No","00:01:16,1","3","27,0","00:44:00","00:44:07","54","81"
Cycling,2021-04-21 06:54:14,false,"Rusko Pyöräily","16,05","320","00:43:44","122","146","2,5","--","--","22,0","40,1","86","84","--","--","--","0,0","--","--","--","--","13,0","No","00:00:05,0","3","28,0","00:43:32","00:43:44","48","74"
Cycling,2021-04-19 17:26:24,false,"Valpperi Pyöräily","14,86","232","00:46:58","110","171","2,5","--","--","19,0","30,1","46","45","--","--","--","0,0","--","--","--","--","20,0","No","00:20:06","2","30,0","00:43:37","00:54:45","64","78"
Walking,2021-04-19 06:58:51,false,"Rusko Kävely","3,58","110","00:39:01","84","109","1,1","110","157","10:54","7:32","39","35","0,83","--","--","0,0","--","--","--","4.294","15,0","No","00:39:01","1","27,0","00:38:29","00:39:01","57","73"
Walking,2021-04-17 13:01:48,false,"Turku Kävely","8,96","86","00:26:31","88","118","1,1","26","158","2:57","0:37","46","44","20,76","--","--","0,0","--","--","--","664","28,0","No","00:11:18","2","32,0","00:18:07","00:26:31","-0","33"
Walking,2021-04-16 07:13:09,false,"Rusko Kävely","3,45","122","00:37:49","88","100","1,1","107","120","10:57","7:44","43","42","0,85","--","--","0,0","--","--","--","4.008","15,0","No","00:37:49","1","27,0","00:36:45","00:37:49","56","73"
Running,2021-04-13 16:32:50,true,"Rusko Juoksu","6,03","481","00:47:30","143","166","3,6","157","168","7:53","2:23","54","45","0,81","--","--","0,0","--","--","--","7.436","15,0","No","00:10:21","4","28,0","00:47:27","00:50:43","57","85"
Walking,2021-04-13 07:02:14,false,"Rusko Kävely","3,39","207","00:36:16","112","130","1,7","111","150","10:42","7:44","42","41","0,84","--","--","0,0","--","--","--","4.018","18,0","No","00:36:16","1","28,0","00:35:44","00:36:16","59","75"
Walking,2021-04-12 06:48:41,false,"Rusko Kävely","3,37","108","00:35:39","85","95","1,1","111","125","10:35","7:56","40","34","0,85","--","--","0,0","--","--","--","3.954","16,0","No","00:35:39","1","28,0","00:35:24","00:35:39","59","78"
Cycling,2021-04-08 17:32:42,false,"Rusko Pyöräily","20,88","517","01:05:05","135","160","2,8","--","--","19,2","36,0","154","106","--","--","--","0,0","--","--","--","--","10,0","No","00:15:05","3","26,0","01:04:24","01:37:04","38","71"
Walking,2021-04-08 07:08:20,false,"Rusko Kävely","3,33","103","00:33:00","86","121","1,1","117","127","9:55","6:49","43","39","0,86","--","--","0,0","--","--","--","3.870","10,0","No","00:33:00","1","27,0","00:33:00","00:33:00","43","63"
Walking,2021-04-06 07:11:04,false,"Rusko Kävely","3,48","103","00:38:31","81","106","1,0","109","125","11:05","7:32","253","41","0,83","--","--","0,0","--","--","--","4.210","12,0","No","00:38:31","1","27,0","00:38:30","00:38:31","59","111"
Hiking,2021-04-04 08:59:40,false,"Rusko Patikointi","4,33","300","01:32:36","89","129","1,2","61","239","21:24","6:52","62","49","0,76","--","--","0,0","--","--","--","6.044","15,0","No","01:32:36","1","27,0","01:14:58","01:32:36","62","81"
Hiking,2021-04-03 13:32:29,false,"Rusko Patikointi","6,51","275","01:24:56","89","122","1,1","96","160","13:02","6:59","67","101","0,80","--","--","0,0","--","--","--","8.416","16,0","No","01:24:56","1","27,0","01:20:48","01:49:43","52","90"
Running,2021-04-02 17:18:54,false,"Rusko Juoksu","6,03","486","00:47:55","138","159","3,8","157","173","7:57","4:32","52","45","0,80","--","--","0,0","--","--","--","7.522","16,0","No","00:09:34,0","4","26,0","00:47:54","00:50:54","55","80"
Walking,2021-04-01 07:08:47,false,"Rusko Kävely","3,37","121","00:34:10","91","103","1,1","114","127","10:08","7:44","39","38","0,86","--","--","0,0","--","--","--","3.928","16,0","No","00:34:10","1","28,0","00:34:10","00:34:10","59","76"
Walking,2021-03-31 17:22:03,false,"Rusko Kävely","5,88","233","01:04:37","94","118","1,2","109","125","11:00","7:25","45","46","0,84","--","--","0,0","--","--","--","7.148","15,0","No","01:04:37","1","29,0","01:03:20","01:04:37","66","97"
Walking,2021-03-31 06:50:08,false,"Rusko Kävely","3,41","138","00:35:47","95","125","1,1","111","130","10:30","7:54","43","39","0,86","--","--","0,0","--","--","--","3.962","17,0","No","00:35:47","1","28,0","00:34:39","00:35:47","71","88"
Walking,2021-03-30 06:55:00,false,"Rusko Kävely","3,35","111","00:35:02","87","104","1,1","112","127","10:28","7:46","40","38","0,86","--","--","0,0","--","--","--","3.968","16,0","No","00:35:02","1","28,0","00:35:02","00:35:02","75","92"
Walking,2021-03-29 07:06:12,false,"Rusko Kävely","3,38","153","00:37:06","99","117","1,2","110","147","10:59","7:50","42","36","0,83","--","--","0,0","--","--","--","4.144","12,0","No","00:37:06","1","28,0","00:36:58","00:37:06","63","81"
Cycling,2021-03-27 16:16:34,false,"Rusko Pyöräily","7,69","307","00:28:06","156","185","4,0","--","--","16,4","28,1","26","22","--","--","--","0,0","--","--","--","--","15,0","No","00:28:06","1","21,0","00:24:53","00:28:06","61","72"
Running,2021-03-27 10:30:41,false,"Rusko Juoksu","5,82","452","00:47:34","132","153","3,1","156","168","8:10","6:10","42","32","0,79","--","--","0,0","--","--","--","7.394","15,0","No","00:03:38,1","5","28,0","00:47:27","00:50:58","56","84"
Walking,2021-03-25 06:48:38,false,"Rusko Kävely","3,98","105","00:41:05","79","137","1,1","117","166","10:20","7:23","43","40","0,83","--","--","0,0","--","--","--","4.796","16,0","No","00:41:05","1","28,0","00:40:49","00:41:05","58","76"
Walking,2021-03-23 17:02:51,false,"Rusko Kävely","3,28","147","00:33:15","99","129","1,3","115","123","10:08","7:36","6","11","0,86","--","--","0,0","--","--","--","3.846","21,0","No","00:33:15","1","25,0","00:33:10","00:33:15","57","68"
Walking,2021-03-23 07:06:50,false,"Rusko Kävely","3,42","142","00:36:46","94","123","1,1","115","142","10:45","6:55","44","41","0,81","--","--","0,0","--","--","--","4.182","14,0","No","00:36:46","1","28,0","00:36:02","00:36:46","57","75"
Walking,2021-03-22 07:04:41,false,"Rusko Kävely","3,22","100","00:32:10","85","122","1,1","116","122","9:58","7:32","14","8","0,86","--","--","0,0","--","--","--","3.738","9,0","No","00:32:10","1","26,0","00:32:09","00:32:10","57","70"
Walking,2021-03-20 17:06:50,false,"Rusko Kävely","6,68","164","01:06:13","79","93","1,1","118","154","9:55","5:50","35","21","0,86","--","--","0,0","--","--","--","7.788","12,0","No","01:06:13","1","28,0","01:06:13","01:06:13","59","78"
Walking,2021-03-17 07:13:07,false,"Rusko Kävely","3,22","98","00:32:02","85","97","1,1","116","121","9:58","7:54","14","12","0,87","--","--","0,0","--","--","--","3.732","11,0","No","00:32:02","1","28,0","00:32:02","00:32:02","56","66"
Walking,2021-03-16 07:03:16,false,"Rusko Kävely","3,20","92","00:31:07","84","94","1,1","120","127","9:43","6:33","13","11","0,86","--","--","0,0","--","--","--","3.730","11,0","No","00:31:07","1","28,0","00:31:06","00:31:07","57","66"
Walking,2021-03-15 07:12:57,false,"Rusko Kävely","3,24","127","00:33:41","93","107","1,1","114","123","10:25","7:16","108","14","0,84","--","--","0,0","--","--","--","3.834","7,0","No","00:33:41","1","27,0","00:33:38","00:33:41","79","89"
Walking,2021-03-13 15:33:10,false,"Rusko Kävely","3,22","153","00:32:56","104","118","1,2","115","139","10:13","7:10","12","8","0,85","--","--","0,0","--","--","--","3.790","18,0","No","00:32:56","1","20,0","00:32:56","00:32:56","78","89"
Walking,2021-03-11 06:49:35,false,"Rusko Kävely","3,17","100","00:31:08","87","95","1,1","120","127","9:48","6:15","16","11","0,85","--","--","0,0","--","--","--","3.708","17,0","No","00:31:08","1","27,0","00:31:01","00:31:08","52","64"
Walking,2021-03-10 06:50:26,false,"Rusko Kävely","3,24","124","00:31:41","95","118","1,1","119","129","9:47","5:37","16","15","0,86","--","--","0,0","--","--","--","3.784","12,0","No","00:31:41","1","26,0","00:31:22","00:31:41","43","54"
Walking,2021-03-09 07:05:06,true,"Rusko Kävely","3,19","140","00:31:47","97","121","1,3","119","125","9:57","7:48","11","12","0,84","--","--","0,0","--","--","--","3.762","21,0","No","00:31:47","1","28,0","00:31:47","00:31:47","57","66"
Walking,2021-03-08 07:10:58,false,"Rusko Kävely","3,18","91","00:33:12","82","96","1,1","116","125","10:25","8:07","13","219","0,83","--","--","0,0","--","--","--","3.878","14,0","No","00:33:12","1","27,0","00:33:11","00:33:12","223","233"
Walking,2021-03-06 17:41:48,false,"Rusko Kävely","4,21","257","00:59:53","103","136","1,3","86","191","14:14","6:35","38","38","0,82","--","--","0,0","--","--","--","5.688","13,0","No","00:59:53","1","26,0","00:55:09","00:59:53","236","261"
Walking,2021-03-02 06:49:28,false,"Rusko Kävely","3,18","130","00:30:47","95","122","1,3","120","127","9:40","7:46","13","12","0,86","--","--","0,0","--","--","--","3.686","13,0","No","00:30:47","1","28,0","00:30:47","00:30:47","57","67"
Walking,2021-02-28 10:37:17,false,"Rusko Kävely","4,68","128","00:53:19","79","116","1,0","100","124","11:24","7:09","23","27","0,87","--","--","0,0","--","--","--","5.526","18,0","No","00:53:19","1","27,0","00:50:33","00:53:19","55","67"
Walking,2021-02-27 16:48:12,false,"Rusko Kävely","4,67","131","00:48:35","82","110","1,1","111","123","10:25","6:43","13","9","0,86","--","--","0,0","--","--","--","5.440","18,0","No","00:48:35","1","27,0","00:47:17","00:48:35","21","34"
Hiking,2021-02-26 14:19:24,false,"Nousiainen Patikointi","6,64","268","01:57:55","78","108","1,1","77","220","17:45","2:21","103","53","0,73","--","--","0,0","--","--","--","10.028","16,0","No","01:57:55","1","27,0","01:46:34","02:09:49","59","77"
Cross Country Classic Skiing,2021-02-24 10:49:21,false,"Rusko Perinteinen hiihto","2,84","144","00:22:19","115","144","2,0","71","239","7,6","32,5","26","25","1,79","--","--","0,0","--","--","--","720","16,0","No","00:22:19","1","21,0","00:17:04","00:22:19","50","61"
Cross Country Classic Skiing,2021-02-24 09:58:00,false,"Nousiainen Perinteinen hiihto","4,39","205","00:36:42","110","147","2,0","55","236","7,2","34,1","96","98","2,19","--","--","0,0","--","--","--","1.070","15,0","No","00:36:42","1","24,0","00:32:03","00:36:42","58","84"
Cross Country Classic Skiing,2021-02-23 09:44:32,false,"Rusko Perinteinen hiihto","8,96","364","01:40:11","93","129","1,5","54","248","5,4","16,8","45","111","1,64","--","--","0,0","--","--","--","1.686","8,0","No","00:07:14,8","2","24,0","01:16:38","02:11:51","50","69"
Resort Skiing/Snowboarding,2021-02-16 19:09:21,false,"Rusko Lomahiihto/lumilautailu","1,58","74","00:09:04,3","101","119","1,1","--","--","10,5","33,6","--","15","--","--","--","0,0","--","--","--","--","18,0","No","00:09:04,3","1","22,0","00:08:58","00:12:31","51","62"
Hiking,2021-02-16 06:49:33,false,"Rusko Patikointi","3,23","107","00:32:24","88","104","1,1","117","123","10:02","7:54","15","14","0,85","--","--","0,0","--","--","--","3.794","18,0","No","00:32:24","1","28,0","00:32:22","00:32:24","57","67"
Cross Country Classic Skiing,2021-02-14 11:20:06,false,"Rusko Perinteinen hiihto","14,16","571","02:24:47","99","122","1,3","60","246","5,9","13,4","28","34","1,65","--","--","0,0","--","--","--","4.010","15,0","No","00:10:39","5","25,0","02:09:38","02:40:56","25","39"
Cross Country Classic Skiing,2021-02-13 09:51:40,false,"Rehtsuon lenkki hiihto","8,31","256","01:13:25","93","143","1,3","70","240","6,8","13,5","10","12","1,64","--","--","0,0","--","--","--","2.510","15,0","No","00:11:50","4","22,0","01:10:56","01:25:55","28","36"
Cross Country Classic Skiing,2021-02-10 17:54:56,false,"Rusko Perinteinen hiihto","6,19","95","01:00:38","108","108","1,1","67","159","6,1","13,7","9","11","1,53","--","--","0,0","--","--","--","2.754","14,0","No","01:00:38","1","23,0","00:00:00","01:00:38","44","54"
Hiking,2021-02-10 06:52:14,false,"Rusko Patikointi","3,23","119","00:32:55","92","116","1,1","115","122","10:11","8:21","12","182","0,85","--","--","0,0","--","--","--","3.818","16,0","No","00:32:55","1","26,0","00:32:48","00:32:55","53","163"
Hiking,2021-02-08 07:11:31,false,"Rusko Patikointi","3,23","118","00:35:21","89","107","1,1","110","120","10:56","8:51","14","11","0,83","--","--","0,0","--","--","--","3.928","17,0","No","00:35:21","1","26,0","00:35:21","00:35:21","136","144"
Cross Country Classic Skiing,2021-02-07 09:51:13,false,"Rusko Perinteinen hiihto","10,96","428","01:53:50","98","128","1,2","71","230","5,8","13,9","27","25","1,36","--","--","0,0","--","--","--","5.432","18,0","No","00:33:12","2","25,0","01:44:06","01:53:50","127","141"
Cross Country Skate Skiing,2021-02-06 16:34:55,false,"Nousiainen hiihto","4,36","119","00:34:16","115","115","1,1","53","159","7,6","32,9","94","98","2,40","--","--","0,0","--","--","--","1.306","11,0","No","00:34:16","1","21,0","00:00:00","00:34:16","156","185"
Cross Country Skate Skiing,2021-02-04 16:33:26,false,"Hiihto pururata","6,29","127","00:39:18","125","135","1,1","80","166","9,6","31,0","76","79","1,99","--","--","0,0","--","--","--","2.682","15,0","No","00:06:09,5","2","20,0","00:00:00","00:39:18","143","156"
Cross Country Classic Skiing,2021-02-03 19:07:07,false,"Rusko Perinteinen hiihto","2,57","109","00:23:01","102","158","1,3","69","157","6,7","29,1","28","28","1,63","--","--","0,0","--","--","--","1.074","13,0","No","00:23:01","1","20,0","00:21:18","00:23:01","145","156"
Other,2021-02-01 16:24:41,false,"Salibandy pelaten","4,52","426","01:06:56","120","163","2,3","71","239","4,1","26,4","6","12","0,95","--","--","0,0","--","--","--","5.664","21,0","No","00:18:54","3","24,0","00:00:00","01:06:56","108","118"
Cross Country Skate Skiing,2021-01-31 11:05:37,false,"Hiihto pururata","4,44","126","00:35:36","90","135","1,1","70","159","7,5","29,0","110","55","1,78","--","--","0,0","--","--","--","1.970","21,0","No","00:35:36","1","24,0","00:34:24","00:35:36","160","171"
Cross Country Skate Skiing,2021-01-30 17:50:39,false,"Hiihto pururata","5,65","209","00:41:47","105","136","1,5","77","159","8,1","27,1","77","78","1,75","--","--","0,0","--","--","--","2.958","16,0","No","00:41:47","1","24,0","00:38:34","00:41:47","156","171"
Cross Country Skate Skiing,2021-01-28 19:12:25,false,"Hiihto pururata","3,77","105","00:28:19","92","119","1,1","61","157","8,0","28,2","50","49","2,19","--","--","0,0","--","--","--","1.216","10,0","No","00:28:19","1","15,0","00:26:45","00:28:19","141","152"
Other,2021-01-25 16:20:46,false,"Salibandy","0,00","324","01:10:27","106","145","1,8","--","--","--","--","--","--","--","--","--","0,0","--","--","--","--","23,0","No","01:10:27","1","27,0","00:00:00","01:10:27","116","127"
Gym & Fitness Equipment,2021-01-24 18:40:27,false,"Gymstick","0,00","132","00:29:29","100","125","1,2","--","--","--","--","--","--","--","--","--","0,0","--","--","--","--","27,0","No","00:29:29","1","29,0","00:00:00","00:29:29","150","150"
Walking,2021-01-23 15:42:29,false,"Kautranta","6,66","238","01:10:13","88","131","1,1","114","168","10:32","5:32","23","31","0,83","--","--","0,0","--","--","--","8.006","9,0","No","00:01:51,9","5","26,0","01:09:30","01:10:13","144","164"
Cross Country Skate Skiing,2021-01-20 17:57:03,false,"Hiihto pururata","3,73","107","00:23:45","100","119","1,2","75","249","9,4","30,3","53","53","2,11","--","--","0,0","--","--","--","1.410","18,0","No","00:00:05,7","2","22,0","00:22:53","00:23:45","126","137"
Cross Country Skate Skiing,2021-01-19 18:23:16,false,"Hiihto pururata","5,61","197","00:36:39","108","137","1,5","71","173","9,2","31,2","74","75","2,15","--","--","0,0","--","--","--","2.482","14,0","No","00:36:39","1","23,0","00:36:09","00:36:39","123","133"
Hiking,2021-01-18 06:49:01,false,"Rusko Patikointi","3,25","125","00:33:33","93","115","1,1","115","122","10:20","8:51","11","85","0,84","--","--","0,0","--","--","--","3.886","19,0","No","00:33:33","1","26,0","00:33:33","00:33:33","100","109"
Hiking,2021-01-16 16:54:11,false,"Rusko Patikointi","4,15","161","00:43:42","93","124","1,1","113","132","10:33","7:56","21","19","0,84","--","--","0,0","--","--","--","4.986","12,0","No","00:43:42","1","25,0","00:42:47","00:43:42","90","104"
Hiking,2021-01-14 17:24:51,false,"Rusko Patikointi","3,66","183","00:38:41","106","114","1,2","115","127","10:35","8:14","19","18","0,82","--","--","0,0","--","--","--","4.440","12,0","No","00:38:41","1","25,0","00:37:48","00:38:41","67","78"
Hiking,2021-01-13 07:05:37,false,"Rusko Patikointi","1,35","150","00:36:39","98","124","1,1","50","150","27:14","11:14","23","22","0,74","--","--","0,0","--","--","--","1.534","23,0","No","00:36:39","1","27,0","00:32:50","00:36:39","83","91"
Hiking,2021-01-12 17:56:56,false,"Rusko Patikointi","0,96","156","00:30:21","107","125","1,5","42","143","31:30","10:09","100","20","0,75","--","--","0,0","--","--","--","998","23,0","No","00:30:21","1","27,0","00:17:30","00:30:21","84","94"
Hiking,2021-01-12 13:44:25,false,"Rusko Patikointi","1,94","261","00:55:54","105","145","1,4","52","157","28:50","10:57","126","25","0,66","--","--","0,0","--","--","--","1.696","23,0","No","00:55:54","1","26,0","00:43:55","00:55:54","85","96"
Hiking,2021-01-10 11:42:20,false,"Rusko Patikointi","8,08","388","01:55:47","91","134","1,1","86","153","14:20","7:07","62","57","0,81","--","--","0,0","--","--","--","9.818","9,0","No","00:43:13","2","26,0","01:34:13","02:15:28","61","87"
Hiking,2021-01-05 10:13:37,false,"Rusko Patikointi","7,28","300","01:26:23","92","151","1,2","103","190","11:52","5:18","62","59","0,82","--","--","0,0","--","--","--","8.994","14,0","No","01:26:23","1","26,0","01:22:47","01:26:23","-87","-59"
Other,2021-01-04 16:21:44,false,"Salibandy","1,82","394","01:07:56","112","145","1,8","35","249","1,6","18,3","1","7","0,77","--","--","0,0","--","--","--","1.352","25,0","No","00:08:22,7","2","27,0","00:18:48","01:07:56","-105","-104"
Hiking,2021-01-04 12:12:56,false,"Rusko Patikointi","4,62","286","01:30:13","88","120","1,1","65","159","19:32","7:16","62","223","0,78","--","--","0,0","--","--","--","6.332","17,0","No","01:30:13","1","26,0","01:22:51","01:30:13","-75","59"
Hiking,2021-01-01 11:35:16,false,"Rusko Patikointi","5,86","210","01:14:59","84","113","1,1","98","159","12:47","6:57","46","44","0,80","--","--","0,0","--","--","--","7.520","15,0","No","01:14:59","1","26,0","01:12:14","01:14:59","57","84"
Hiking,2020-12-31 13:48:16,false,"Rusko Patikointi","3,05","163","00:56:05","85","113","1,1","69","159","18:23","7:38","40","38","0,79","--","--","0,0","--","--","--","4.158","14,0","No","00:56:05","1","28,0","00:51:10","00:56:05","64","80"
Hiking,2020-12-30 17:50:57,false,"Patikointi","2,86","68","00:30:37","72","118","1,1","17","125","10:42","10:02","2","8","5,36","--","--","0,0","--","--","--","58","24,0","No","00:30:37","1","28,0","00:30:35","00:30:37","67","74"
Hiking,2020-12-29 11:29:50,false,"Rusko Patikointi","4,61","148","00:56:08","82","105","1,0","101","130","12:10","7:00","38","33","0,81","--","--","0,0","--","--","--","5.790","10,0","No","00:56:08","1","25,0","00:55:03","00:56:08","57","80"
Hiking,2020-12-18 05:48:26,false,"Rusko Patikointi","3,75","135","00:39:13","90","107","1,1","112","120","10:28","8:23","31","26","0,85","--","--","0,0","--","--","--","4.424","14,0","No","00:39:13","1","27,0","00:39:05","00:39:13","90","105"
Hiking,2020-12-05 19:53:48,false,"Rusko Patikointi","3,79","143","00:41:29","90","119","1,1","108","149","10:56","7:36","41","44","0,85","--","--","0,0","--","--","--","4.422","18,0","No","00:41:29","1","27,0","00:40:19","00:41:29","57","72"
Hiking,2020-12-04 06:29:28,false,"Rusko Patikointi","2,78","109","00:29:05","93","107","1,1","117","134","10:28","8:09","39","42","0,82","--","--","0,0","--","--","--","3.410","13,0","No","00:29:05","1","22,0","00:28:58","00:29:05","60","72"
Hiking,2020-11-30 19:23:58,false,"Rusko Patikointi","2,87","109","00:30:13","91","104","1,1","112","249","10:31","8:16","35","36","0,85","--","--","0,0","--","--","--","3.358","11,0","No","00:30:13","1","19,0","00:29:44","00:30:13","68","81"
Hiking,2020-11-25 18:29:15,false,"Rusko Patikointi","4,11","201","00:55:52","94","129","1,2","81","123","13:35","7:34","45","42","0,90","--","--","0,0","--","--","--","4.202","19,0","No","00:55:52","1","26,0","00:46:18","00:55:52","63","80"
Hiking,2020-11-25 06:56:18,false,"Rusko Patikointi","3,91","150","00:42:42","90","119","1,2","106","130","10:56","7:54","45","53","0,86","--","--","0,0","--","--","--","4.674","17,0","No","00:42:42","1","27,0","00:42:34","00:42:42","57","74"
Hiking,2020-11-24 17:56:19,false,"Rusko Patikointi","3,40","125","00:38:09","88","110","1,1","105","157","11:12","7:38","39","37","0,85","--","--","0,0","--","--","--","3.962","20,0","No","00:38:09","1","27,0","00:36:24","00:38:09","57","74"
Hiking,2020-11-24 07:10:36,false,"Rusko Patikointi","3,43","128","00:36:45","91","111","1,1","111","123","10:42","8:09","171","41","0,84","--","--","0,0","--","--","--","4.108","15,0","No","00:36:45","1","27,0","00:36:45","00:36:45","-52","-35"
Treadmill Running,2020-11-23 16:36:40,false,"Juoksumattojuoksu","3,45","369","00:55:02","121","153","2,1","74","234","15:57","2:37","1","9","0,85","--","--","0,0","--","--","--","4.934","22,0","No","00:04:44,8","3","27,0","00:30:30","00:55:02","-75","-69"
Hiking,2020-11-17 17:48:01,false,"Rusko Patikointi","3,45","192","00:41:31","105","130","1,3","101","157","12:02","6:52","42","38","0,82","--","--","0,0","--","--","--","4.214","18,0","No","00:41:31","1","28,0","00:39:18","00:41:31","-91","-73"
Treadmill Running,2020-11-16 16:24:06,false,"Juoksumattojuoksu","1,66","365","01:08:22","108","167","1,8","31","239","41:09","3:25","5","6","0,77","--","--","0,0","--","--","--","1.240","24,0","No","00:01:21,6","2","30,0","00:18:21","01:08:22","-129","-123"
Hiking,2020-11-15 19:43:45,false,"Rusko Patikointi","3,49","180","00:37:56","104","150","1,3","107","123","10:53","8:51","134","37","0,86","--","--","0,0","--","--","--","4.096","14,0","No","00:37:56","1","28,0","00:36:32","00:37:56","-104","-86"
Hiking,2020-11-13 07:02:50,false,"Rusko Patikointi","3,40","114","00:35:52","87","115","1,1","112","123","10:32","7:40","100","36","0,84","--","--","0,0","--","--","--","4.048","20,0","No","00:35:52","1","27,0","00:35:52","00:35:52","-116","-99"
Hiking,2020-11-11 18:04:21,false,"Rusko Patikointi","3,79","196","00:47:19","100","116","1,2","98","122","12:29","7:16","47","47","0,82","--","--","0,0","--","--","--","4.486","18,0","No","00:47:19","1","26,0","00:44:12","00:47:19","-130","-113"
Treadmill Running,2020-11-09 16:12:32,false,"Juoksumattojuoksu","3,41","594","01:17:53","130","187","3,4","51","244","22:48","3:06","24","24","0,86","--","--","0,0","--","--","--","3.496","24,0","No","00:04:51,2","3","28,0","00:32:36","01:17:53","64","64"
Treadmill Running,2020-11-02 16:26:25,false,"Juoksumattojuoksu","1,53","387","01:05:42","112","150","1,9","32","171","42:51","4:16","29","19","0,74","--","--","0,0","--","--","--","1.030","22,0","No","01:05:42","1","27,0","00:14:11","01:05:42","64","64"
Treadmill Running,2020-10-26 16:30:58,false,"Juoksumattojuoksu","1,39","355","01:01:51","109","137","1,8","31","249","44:34","3:03","5","8","0,73","--","--","0,0","--","--","--","714","24,0","No","01:01:51","1","29,0","00:14:53","01:01:51","64","64"
Hiking,2020-10-20 16:35:33,false,"Rusko Patikointi","3,01","194","00:37:11","109","151","1,4","100","158","12:22","8:40","39","33","0,81","--","--","0,0","--","--","--","3.644","22,0","No","00:37:11","1","28,0","00:35:01","00:37:11","62","76"
Treadmill Running,2020-10-19 16:23:22,false,"Juoksumattojuoksu","1,48","324","01:08:05","101","148","1,4","30","249","45:55","3:37","5","14","0,72","--","--","0,0","--","--","--","904","23,0","No","01:08:05","1","27,0","00:15:41","01:08:05","126","141"
Hiking,2020-10-15 11:10:51,false,"Nousiainen Patikointi","7,90","498","02:44:26","87","132","1,1","64","160","20:48","3:20","124","283","0,75","--","--","0,0","--","--","--","11.290","16,0","No","02:44:26","1","26,0","02:08:19","03:30:31","169","200"
Cycling,2020-10-01 06:55:26,false,"Rusko Pyöräily","16,16","348","00:42:45","131","158","2,6","--","--","22,7","36,8","74","209","--","--","--","0,0","--","--","--","--","16,0","No","00:00:18,3","3","26,0","00:42:38","00:42:45","89","114"
Cycling,2020-09-30 17:15:33,false,"Turku Pyöräily","23,75","326","01:04:44","112","132","1,7","--","--","22,0","41,3","111","91","--","--","--","0,0","--","--","--","--","17,0","No","00:19:53","3","26,0","01:03:10","01:04:44","69","114"
Cycling,2020-09-30 06:57:27,false,"Rusko Pyöräily","23,73","386","01:05:42","118","146","2,1","--","--","21,7","31,8","80","103","--","--","--","0,0","--","--","--","--","15,0","No","00:20:54","3","28,0","01:04:20","01:05:42","24","71"
Treadmill Running,2020-09-28 16:23:29,false,"Juoksumattojuoksu","1,53","282","01:07:03","97","150","1,4","32","237","43:45","3:51","5","5","0,72","--","--","0,0","--","--","--","1.112","26,0","No","01:07:03","1","28,0","00:16:39","01:07:03","34","40"
Hiking,2020-09-26 19:01:24,false,"Rusko Patikointi","3,58","191","00:49:46","96","128","1,2","83","158","13:54","6:37","45","50","0,87","--","--","0,0","--","--","--","4.100","21,0","No","00:49:46","1","31,0","00:44:17","00:49:46","56","72"
Cycling,2020-09-25 07:02:30,false,"Rusko Pyöräily","16,11","297","00:42:20","125","146","2,1","--","--","22,8","39,6","82","88","--","--","--","0,0","--","--","--","--","16,0","No","00:00:06,4","3","25,0","00:42:16","00:42:20","41","67"
Cycling,2020-09-24 16:34:24,false,"Turku Pyöräily","23,73","418","01:04:24","121","156","2,3","--","--","22,1","43,4","119","98","--","--","--","0,0","--","--","--","--","22,0","No","00:19:15","3","26,0","01:02:02","01:04:24","71","118"
Cycling,2020-09-24 06:55:56,false,"Rusko Pyöräily","23,74","353","01:04:00","117","147","1,9","--","--","22,3","31,6","97","121","--","--","--","0,0","--","--","--","--","15,0","No","00:20:48","3","27,0","01:03:12","01:04:00","25","70"
Cycling,2020-09-22 17:14:48,false,"Turku Pyöräily","23,75","357","01:04:54","117","145","2,0","--","--","22,0","42,0","117","94","--","--","--","0,0","--","--","--","--","16,0","No","00:19:32","3","24,0","01:02:21","01:04:54","68","116"
Cycling,2020-09-22 06:10:05,false,"Rusko Pyöräily","23,73","437","01:04:48","125","157","2,3","--","--","22,0","31,1","84","108","--","--","--","0,0","--","--","--","--","15,0","No","00:21:04","3","27,0","01:03:41","01:04:48","25","70"
Indoor Cycling,2020-09-21 16:23:35,false,"Sisäpyöräily","0,00","276","01:06:46","99","139","1,5","--","--","--","--","--","--","--","--","--","0,0","--","--","--","--","26,0","No","01:06:46","1","28,0","00:00:00","01:06:46","59","69"
Cycling,2020-09-20 13:04:02,false,"Rusko Pyöräily","31,00","514","01:29:26","122","194","2,8","--","--","20,8","34,6","157","149","--","--","--","0,0","--","--","--","--","18,0","No","00:16:38","4","26,0","01:26:48","02:22:22","37","83"
Cycling,2020-09-18 07:22:16,false,"Rusko Pyöräily","16,14","315","00:44:45","130","161","2,7","--","--","21,6","38,0","83","80","--","--","--","0,0","--","--","--","--","12,0","No","00:00:15,6","3","26,0","00:44:39","00:44:45","47","73"
Cycling,2020-09-16 16:38:03,false,"Turku Pyöräily","23,85","463","01:11:52","126","156","2,4","--","--","19,9","40,5","129","111","--","--","--","0,0","--","--","--","--","12,0","No","00:21:28","3","25,0","01:08:51","01:17:01","47","88"
Cycling,2020-09-16 06:58:21,false,"Rusko Pyöräily","23,73","448","01:06:14","124","167","2,4","--","--","21,5","31,3","102","118","--","--","--","0,0","--","--","--","--","15,0","No","00:21:18","3","26,0","01:04:48","01:06:14","34","73"
Cycling,2020-09-15 17:21:34,false,"Rusko Pyöräily","16,87","215","00:50:17","100","125","1,3","--","--","20,1","32,6","54","59","--","--","--","0,0","--","--","--","--","18,0","No","00:02:15,3","3","28,0","00:46:50","00:59:32","56","68"
Cycling,2020-09-15 07:21:56,false,"Rusko Pyöräily","11,35","186","00:31:08","114","145","1,7","--","--","21,9","39,0","62","64","--","--","--","0,0","--","--","--","--","12,0","No","00:09:22,9","2","28,0","00:31:06","00:31:08","50","70"
Trail Running,2020-09-07 16:31:25,false,"Turku Maastojuoksu","2,47","307","01:00:29","104","150","1,5","31","244","24:28","7:46","8","14","1,32","--","--","0,0","--","--","--","618","26,0","No","00:21:29","2","32,0","00:27:36","01:00:29","70","81"
Hiking,2020-09-06 19:42:27,false,"Rusko Patikointi","3,03","127","00:33:38","94","136","1,2","109","233","11:07","6:26","38","37","0,83","--","--","0,0","--","--","--","3.628","18,0","No","00:33:38","1","27,0","00:32:38","00:33:38","113","125"
Hiking,2020-09-05 17:30:10,false,"Raisio Patikointi","3,21","205","01:09:14","86","128","1,1","59","198","21:32","10:42","34","32","0,78","--","--","0,0","--","--","--","4.764","22,0","No","01:09:14","1","27,0","00:58:51","01:09:14","97","107"
Cycling,2020-09-03 07:18:22,false,"Rusko Pyöräily","16,09","260","00:42:04","117","133","2,0","--","--","23,0","38,0","81","81","--","--","--","0,0","--","--","--","--","16,0","No","00:20:07","2","27,0","00:42:02","00:42:04","46","70"
Cycling,2020-09-01 17:25:50,false,"Turku Pyöräily","23,75","399","01:06:29","116","152","2,2","--","--","21,4","41,0","121","101","--","--","--","0,0","--","--","--","--","20,0","No","00:20:15","3","26,0","01:04:33","01:06:29","68","111"
Cycling,2020-09-01 06:56:59,false,"Rusko Pyöräily","23,62","439","01:02:52","125","150","2,3","--","--","22,5","32,9","85","111","--","--","--","0,0","--","--","--","--","14,0","No","00:09:33,2","4","28,0","01:01:11","01:02:52","21","70"
Treadmill Running,2020-08-31 16:28:07,false,"Juoksumattojuoksu","1,36","313","01:04:07","101","146","1,5","30","241","47:13","3:02","--","12","0,71","--","--","0,0","--","--","--","998","26,0","No","01:04:07","1","31,0","00:14:25","01:04:07","30","42"
Hiking,2020-08-30 17:05:30,false,"Patikointi","2,09","147","00:50:56","85","114","1,1","52","152","24:22","8:30","28","30","0,78","--","--","0,0","--","--","--","2.794","20,0","No","00:50:56","1","26,0","00:36:31","00:50:56","75","88"
Hiking,2020-08-29 15:13:47,false,"Rusko Patikointi","3,82","413","02:21:47","86","137","1,1","35","185","37:07","4:50","52","49","0,77","--","--","0,0","--","--","--","4.336","21,0","No","02:21:47","1","25,0","01:12:30","02:21:47","68","86"
Cycling,2020-08-28 06:53:43,false,"Rusko Pyöräily","16,07","315","00:42:14","127","151","2,1","--","--","22,8","39,6","80","82","--","--","--","0,0","--","--","--","--","12,0","No","00:21:04","2","27,0","00:42:10","00:42:14","44","70"
Cycling,2020-08-27 07:03:43,false,"Rusko Pyöräily","16,12","227","00:42:27","111","130","1,6","--","--","22,8","40,7","83","84","--","--","--","0,0","--","--","--","--","11,0","No","00:00:14,1","3","26,0","00:42:20","00:42:27","46","71"
Cycling,2020-08-26 17:52:02,false,"Turku Pyöräily","23,76","396","01:09:57","120","148","2,2","--","--","20,4","42,2","127","107","--","--","--","0,0","--","--","--","--","19,0","No","00:21:58","3","26,0","01:09:13","01:09:57","26","69"
Cycling,2020-08-26 06:59:20,false,"Rusko Pyöräily","23,66","385","01:02:06","121","154","2,2","--","--","22,9","32,5","86","111","--","--","--","0,0","--","--","--","--","13,0","No","00:09:15,7","4","26,0","01:00:34","01:02:06","23","71"
Cycling,2020-08-25 17:09:39,false,"Turku Pyöräily","23,73","384","01:05:41","118","145","2,2","--","--","21,7","41,4","120","97","--","--","--","0,0","--","--","--","--","19,0","No","00:19:46","3","25,0","01:03:57","01:05:41","71","116"
Cycling,2020-08-25 07:00:51,false,"Rusko Pyöräily","23,64","452","00:59:04","130","165","2,5","--","--","24,0","33,1","97","117","--","--","--","0,0","--","--","--","--","14,0","No","00:09:30,7","4","26,0","00:58:48","00:59:04","26","69"
Indoor Cycling,2020-08-24 16:20:28,false,"Sisäpyöräily","0,00","418","01:11:31","119","149","2,0","--","--","--","--","--","--","--","--","--","0,0","--","--","--","--","27,0","No","01:11:31","1","32,0","00:00:00","01:13:22","34","42"
Cycling,2020-08-23 10:30:30,false,"Pyöräily","6,00","156","00:20:00","--","--","--","--","--","18,0","--","--","--","--","--","--","0,0","--","--","--","--","--","No","00:00:00","1","--","--:--:--","00:00:00","--","--"
Cycling,2020-08-21 14:52:15,false,"Turku Pyöräily","9,01","175","00:30:28","112","140","1,5","--","--","17,7","31,6","55","43","--","--","--","0,0","--","--","--","--","25,0","No","00:03:11,5","2","30,0","00:26:35","00:30:28","17","45"
Cycling,2020-08-21 08:05:03,false,"Turku Pyöräily","9,00","17","00:30:03","105","114","1,0","--","--","18,0","26,7","6","3","--","--","--","0,0","--","--","--","--","20,0","No","00:03:03,6","1","22,0","00:02:01","00:03:03,6","27","35"
Cycling,2020-08-20 15:59:36,false,"Turku Pyöräily","23,84","431","01:04:02","126","160","2,4","--","--","22,3","42,9","113","92","--","--","--","0,0","--","--","--","--","24,0","No","00:19:38","3","29,0","01:01:26","01:04:02","25","70"
Cycling,2020-08-20 06:52:39,false,"Rusko Pyöräily","23,70","526","01:02:43","136","187","3,2","--","--","22,7","34,2","86","109","--","--","--","0,0","--","--","--","--","16,0","No","00:19:50","3","28,0","01:00:50","01:02:50","25","70"
Cycling,2020-08-19 06:58:46,false,"Rusko Pyöräily","16,17","270","00:50:08","112","136","1,6","--","--","19,3","42,8","69","70","--","--","--","0,0","--","--","--","--","19,0","No","00:00:28,6","3","28,0","00:48:22","00:50:08","46","70"
Cycling,2020-08-18 07:12:18,false,"Rusko Pyöräily","16,13","311","00:46:07","124","151","2,0","--","--","21,0","40,5","76","75","--","--","--","0,0","--","--","--","--","15,0","No","00:00:20,8","3","26,0","00:45:58","00:46:07","45","70"
Cycling,2020-08-17 07:24:18,false,"Rusko Pyöräily","16,07","436","00:59:40","125","159","2,9","--","--","16,2","38,8","80","80","--","--","--","0,0","--","--","--","--","18,0","No","00:21:44","2","27,0","00:57:37","00:59:40","46","71"
Cycling,2020-08-15 10:50:37,false,"Rusko Pyöräily","5,79","234","00:55:11","101","136","1,2","--","--","6,3","28,1","23","27","--","--","--","0,0","--","--","--","--","24,0","No","00:55:11","1","28,0","00:26:14","01:44:33","55","76"
Cycling,2020-08-14 14:58:39,false,"Turku Pyöräily","8,80","183","00:28:30","118","134","1,7","--","--","18,5","31,5","56","83","--","--","--","0,0","--","--","--","--","25,0","No","00:03:04,4","2","28,0","00:26:51","00:38:02","19","48"
Cycling,2020-08-14 08:03:25,false,"Turku Pyöräily","8,81","230","00:28:08","129","170","2,5","--","--","18,8","30,1","37","50","--","--","--","0,0","--","--","--","--","16,0","No","00:03:38,7","2","24,0","00:26:16","00:28:08","12","39"
Cycling,2020-08-12 07:38:16,false,"Rusko Pyöräily","21,53","625","00:58:31","154","191","4,9","--","--","22,1","40,6","108","104","--","--","--","0,0","--","--","--","--","13,0","No","00:14:51","3","26,0","00:58:12","01:13:38","41","73"
Cycling,2020-08-10 09:40:10,false,"Rusko Pyöräily","47,38","731","02:28:50","109","150","2,3","--","--","19,1","43,5","244","461","--","--","--","0,0","--","--","--","--","23,0","No","00:18:51","6","33,0","02:21:01","05:18:19","21","74"
Cycling,2020-08-09 18:58:48,false,"Rusko Pyöräily","7,49","169","00:28:45","112","134","1,6","--","--","15,6","28,9","38","125","--","--","--","0,0","--","--","--","--","20,0","No","00:28:45","1","28,0","00:27:53","00:41:41","54","82"
Cycling,2020-08-08 11:35:59,false,"Rusko Pyöräily","1,60","93","00:12:23","121","135","1,6","--","--","7,7","22,5","4","5","--","--","--","0,0","--","--","--","--","27,0","No","00:12:23","1","28,0","00:06:51","00:12:23","60","64"
Rowing,2020-08-07 10:55:11,false,"Lieto Soutu","7.603","428","02:13:31.4","89","130","1,1","--","--","8:47","5:10","--","--","--","--","--","0,0","2929","--","--","--","27,0","No","02:13:31","1","34,0","01:55:23","02:13:31","--","--"
Cycling,2020-08-04 12:10:04,false,"Rusko Pyöräily","51,50","692","02:36:34","105","144","1,8","--","--","19,7","45,4","339","317","--","--","--","0,0","--","--","--","--","21,0","No","00:02:52,5","8","28,0","02:27:57","04:51:24","26","78"
Cycling,2020-08-03 16:57:41,false,"Rusko Pyöräily","17,62","360","01:09:15","115","160","2,5","--","--","15,3","28,1","137","100","--","--","--","0,0","--","--","--","--","20,0","No","00:05:27,8","3","29,0","00:58:49","01:31:31","49","85"
Cycling,2020-08-02 16:52:01,false,"Rusko Pyöräily","21,60","318","01:00:20","112","125","1,7","--","--","21,5","44,8","112","101","--","--","--","0,0","--","--","--","--","21,0","No","00:14:01","3","28,0","00:59:34","01:11:18","41","74"
Cycling,2020-08-01 18:16:16,false,"Rusko Pyöräily","7,78","103","00:34:06","85","107","1,1","--","--","13,7","26,0","46","92","--","--","--","0,0","--","--","--","--","23,0","No","00:34:06","1","28,0","00:32:15","00:54:09","59","88"
Hiking,2020-07-31 17:20:01,false,"Nousiainen Patikointi","6,98","626","03:04:14","92","138","1,3","54","160","26:25","1:25","57","62","0,71","--","--","0,0","--","--","--","9.052","25,0","No","00:10:09","2","30,0","02:27:46","03:06:20","90","107"
Cycling,2020-07-29 19:52:04,false,"Turku Pyöräily","25,10","409","01:16:25","114","136","1,9","--","--","19,7","39,7","142","105","--","--","--","0,0","--","--","--","--","19,0","No","00:03:29,3","4","27,0","01:15:28","01:16:25","44","99"
Cycling,2020-07-29 11:15:23,false,"Maarianhamina Pyöräily","12,86","242","01:24:47","84","125","1,1","--","--","9,1","27,1","102","63","--","--","--","0,0","--","--","--","--","22,0","No","00:34:49","2","27,0","01:03:31","02:23:19","35","61"
Cycling,2020-07-28 16:14:55,false,"Maarianhamina Pyöräily","9,82","342","01:42:47","90","123","1,2","--","--","5,7","24,4","54","82","--","--","--","0,0","--","--","--","--","21,0","No","00:28:41","2","25,0","01:04:05","03:04:39","27","49"
Cycling,2020-07-28 14:44:02,false,"Maarianhamina Pyöräily","1,25","38","00:11:25","86","98","1,0","--","--","6,6","22,7","10","7","--","--","--","0,0","--","--","--","--","25,0","No","00:11:25","1","26,0","00:08:26","00:11:25","23","30"
Cycling,2020-07-28 10:39:00,false,"Finström Pyöräily","34,28","596","02:39:56","97","140","1,3","--","--","12,9","43,1","271","264","--","--","--","0,0","--","--","--","--","22,0","No","00:20:42","5","27,0","02:13:12","03:43:45","12","55"
Cycling,2020-07-27 21:44:07,false,"Finström Pyöräily","0,00","--","00:00:06,7","101","102","1,0","--","--","--","1,8","--","--","--","--","--","0,0","--","--","--","--","19,0","No","00:00:06,7","1","19,0","00:00:03","00:00:08,9","-8","-7"
Cycling,2020-07-27 20:55:10,false,"Geta Pyöräily","17,09","362","00:44:19","126","191","2,9","--","--","23,1","38,5","107","203","--","--","--","0,0","--","--","--","--","18,0","No","00:02:22,6","3","24,0","00:43:32","00:44:19","-9","87"
Hiking,2020-07-27 18:35:24,false,"Geta Patikointi","6,40","533","02:18:06","94","136","1,3","61","159","21:35","2:25","141","170","0,76","--","--","0,0","--","--","--","8.402","23,0","No","02:18:06","1","29,0","01:45:49","02:18:06","32","102"
Cycling,2020-07-27 18:20:40,false,"Geta Pyöräily","1,45","47","00:08:31,4","101","115","1,2","--","--","10,2","17,0","68","37","--","--","--","0,0","--","--","--","--","25,0","No","00:08:31,4","1","26,0","00:06:57","00:08:31,4","23","91"
Cycling,2020-07-27 10:25:48,false,"Sund Pyöräily","37,23","898","03:16:25","101","155","1,9","--","--","11,4","40,8","352","403","--","--","--","0,0","--","--","--","--","20,0","No","00:16:55","5","32,0","02:24:11","07:38:14","2","38"
Cycling,2020-07-26 20:26:23,false,"Sund Pyöräily","2,02","138","00:28:16","99","123","1,2","--","--","4,3","21,1","20","26","--","--","--","0,0","--","--","--","--","23,0","No","00:28:16","1","26,0","00:17:00","00:28:16","-3","15"
Cycling,2020-07-26 09:57:29,false,"Brändö Pyöräily","58,73","1.086","04:05:06","103","154","1,9","--","--","14,4","41,2","384","384","--","--","--","0,0","--","--","--","--","22,0","No","00:09:49,7","8","31,0","03:27:13","09:52:03","-31","14"
Cycling,2020-07-25 09:07:47,false,"Rusko Pyöräily","87,61","1.673","04:40:51","123","171","3,3","--","--","18,7","37,0","526","497","--","--","--","0,0","--","--","--","--","17,0","No","00:22:04","11","26,0","04:21:13","08:18:55","-14","70"
Cycling,2020-07-23 15:50:10,false,"Rusko Pyöräily","1,68","39","00:06:13,0","106","120","1,2","--","--","16,2","24,7","10","11","--","--","--","0,0","--","--","--","--","21,0","No","00:06:13,0","1","28,0","00:05:42","00:29:13","52","62"
Cycling,2020-07-23 12:24:13,false,"Rusko Pyöräily","6,84","212","00:39:21","104","118","1,5","--","--","10,4","28,1","48","44","--","--","--","0,0","--","--","--","--","18,0","No","00:39:21","1","26,0","00:31:48","00:58:30","55","88"
Cycling,2020-07-19 11:49:39,false,"Rusko Pyöräily","5,13","73","00:18:31","89","125","1,1","--","--","16,6","29,1","20","24","--","--","--","0,0","--","--","--","--","27,0","No","00:18:31","1","30,0","00:18:15","00:51:29","54","75"
Cycling,2020-07-18 20:28:15,false,"Rusko Pyöräily","7,27","119","00:28:19","93","114","1,2","--","--","15,4","22,6","34","12","--","--","--","0,0","--","--","--","--","21,0","No","00:28:19","1","28,0","00:20:16","00:59:17","53","83"
Cycling,2020-07-17 17:54:42,false,"Rusko Pyöräily","7,60","160","00:41:21","91","118","1,2","--","--","11,0","28,0","39","42","--","--","--","0,0","--","--","--","--","25,0","No","00:41:21","1","30,0","00:35:11","01:31:25","56","84"
Hiking,2020-07-14 12:49:04,false,"Mynämäki Patikointi","6,74","500","02:34:05","85","140","1,2","52","160","22:52","9:49","51","76","0,85","--","--","0,0","--","--","--","10.040","22,0","No","02:34:05","1","31,0","02:02:07","03:30:24","65","79"
Cycling,2020-07-14 08:43:23,false,"Rusko Pyöräily","21,54","343","01:01:43","110","136","2,0","--","--","20,9","42,2","108","110","--","--","--","0,0","--","--","--","--","20,0","No","00:15:30","3","27,0","01:00:24","01:36:19","37","69"
Hiking,2020-07-09 08:00:50,false,"Vaellus Helvetinjärvi","5,00","936","02:00:00","--","--","--","--","--","24:00","--","--","--","--","--","--","0,0","--","--","--","--","--","No","00:00:00","1","--","--:--:--","00:00:00","--","--"
Hiking,2020-07-08 18:00:14,false,"Vaellus Helvetinhärvi","10,50","1.404","03:00:00","--","--","--","--","--","17:09","--","--","--","--","--","--","0,0","--","--","--","--","--","No","00:00:00","1","--","--:--:--","00:00:00","--","--"
Hiking,2020-07-08 09:26:25,false,"Leppävirta Patikointi","7,15","446","01:49:52","95","168","1,4","82","197","15:23","9:10","200","131","0,80","--","--","0,0","--","--","--","9.546","19,0","No","01:49:52","1","28,0","01:45:02","01:49:52","95","152"
Hiking,2020-07-07 16:18:31,false,"Rantasalmi Patikointi","1,45","130","00:20:49","108","133","1,5","95","128","14:21","9:59","24","30","0,74","--","--","0,0","--","--","--","1.992","22,0","No","00:20:49","1","23,0","00:20:25","00:20:49","48","63"
Hiking,2020-07-07 12:34:55,false,"Rantasalmi Patikointi","7,18","595","02:43:41","92","122","1,1","59","176","22:48","10:23","219","236","0,74","--","--","0,0","--","--","--","11.018","18,0","No","02:43:41","1","27,0","02:16:18","03:13:30","53","107"
Hiking,2020-07-05 12:11:44,false,"Repovesi Patikointi","14,57","1.242","05:33:13","94","144","1,7","63","172","22:52","2:54","535","446","0,70","--","--","0,0","--","--","--","21.982","21,0","No","02:41:09","2","28,0","04:26:31","06:40:45","77","137"
Cycling,2020-06-28 21:36:39,false,"Rusko Pyöräily","7,10","139","00:24:42","105","137","1,6","--","--","17,3","29,4","43","43","--","--","--","0,0","--","--","--","--","21,0","No","00:24:42","1","28,0","00:24:05","00:39:50","44","69"
Cycling,2020-06-28 15:12:10,false,"Rusko Pyöräily","7,41","139","00:26:00","100","149","1,7","--","--","17,1","28,4","39","48","--","--","--","0,0","--","--","--","--","23,0","No","00:26:00","1","30,0","00:24:36","00:37:50","47","83"
Cycling,2020-06-27 18:29:23,false,"Rusko Pyöräily","7,77","130","00:30:00","94","129","1,2","--","--","15,5","26,5","36","55","--","--","--","0,0","--","--","--","--","28,0","No","00:30:00","1","33,0","00:29:32","01:03:08","56","83"
Cycling,2020-06-27 10:35:50,false,"Rusko Pyöräily","21,10","430","01:14:58","92","128","1,4","--","--","16,9","30,7","280","411","--","--","--","0,0","--","--","--","--","23,0","No","00:15:07","3","34,0","01:07:07","02:04:32","-186","83"
Cycling,2020-06-25 19:42:16,false,"Rusko Pyöräily","7,96","275","00:44:01","112","127","2,0","--","--","10,9","25,8","35","302","--","--","--","0,0","--","--","--","--","24,0","No","00:44:01","1","31,0","00:40:55","01:27:21","193","221"
Open Water Swimming,2020-06-24 18:23:29,false,"Rusko Avovesiuinti","58","9","00:28:22","--","--","--","--","--","49:01","1:08","--","--","--","--","--","0,0","75","771","2","--","23,0","No","00:28:22","1","24,0","00:00:00","00:28:22","--","--"
Cycling,2020-06-24 08:26:05,false,"Rusko Pyöräily","12,32","199","00:34:11","108","131","1,6","--","--","21,6","30,5","47","46","--","--","--","0,0","--","--","--","--","22,0","No","00:12:39","2","28,0","00:33:50","00:52:41","54","87"
Cycling,2020-06-23 20:18:58,false,"Rusko Pyöräily","6,93","83","00:21:49","87","113","1,1","--","--","19,1","27,9","36","135","--","--","--","0,0","--","--","--","--","22,0","No","00:21:49","1","29,0","00:21:29","00:37:32","53","81"
Cycling,2020-06-23 11:38:25,false,"Rusko Pyöräily","13,51","168","00:44:27","90","121","1,2","--","--","18,2","29,9","56","59","--","--","--","0,0","--","--","--","--","26,0","No","00:21:24","2","30,0","00:42:31","01:02:15","56","88"
Cycling,2020-06-22 19:46:48,false,"Rusko Pyöräily","11,72","198","00:38:06","102","133","1,7","--","--","18,5","30,2","45","48","--","--","--","0,0","--","--","--","--","22,0","No","00:13:55","2","29,0","00:37:09","00:55:44","54","88"
Cycling,2020-06-21 12:00:38,false,"Rusko Pyöräily","36,00","452","01:47:05","96","161","1,5","--","--","20,2","33,4","131","124","--","--","--","0,0","--","--","--","--","24,0","No","00:12:12","5","31,0","01:43:56","02:55:46","59","104"
Cycling,2020-06-20 17:58:37,false,"Rusko Pyöräily","19,91","259","01:01:24","96","134","1,3","--","--","19,5","29,4","82","168","--","--","--","0,0","--","--","--","--","23,0","No","00:12:47","3","30,0","01:00:03","01:29:37","56","101"
Cycling,2020-06-20 09:44:21,false,"Rusko Pyöräily","6,95","95","00:24:13","89","131","1,1","--","--","17,2","30,2","38","115","--","--","--","0,0","--","--","--","--","26,0","No","00:24:13","1","29,0","00:23:06","00:57:03","52","81"
Cycling,2020-06-19 23:26:07,false,"Rusko Pyöräily","6,15","151","00:23:02","111","137","1,9","--","--","16,0","31,0","23","106","--","--","--","0,0","--","--","--","--","22,0","No","00:23:02","1","28,0","00:22:34","00:23:07","58","92"
Cycling,2020-06-19 15:26:44,false,"Rusko Pyöräily","6,18","115","00:23:27","98","118","1,2","--","--","15,8","22,2","40","23","--","--","--","0,0","--","--","--","--","27,0","No","00:23:27","1","30,0","00:23:09","00:23:27","56","90"
Cycling,2020-06-19 09:21:31,false,"Rusko Pyöräily","22,38","328","01:09:59","100","123","1,4","--","--","19,2","40,3","104","159","--","--","--","0,0","--","--","--","--","24,0","No","00:19:40","3","31,0","01:06:57","01:52:13","39","72"
Cycling,2020-06-18 18:03:39,false,"Rusko Pyöräily","6,93","121","00:22:53","101","130","1,3","--","--","18,2","29,4","38","74","--","--","--","0,0","--","--","--","--","23,0","No","00:22:53","1","30,0","00:21:55","00:46:58","54","82"
Cycling,2020-06-18 07:19:23,false,"Rusko Pyöräily nojapyörä","20,53","391","01:01:29","114","136","2,2","--","--","20,0","43,6","85","133","--","--","--","0,0","--","--","--","--","17,0","No","00:14:08","3","28,0","01:00:40","01:06:20","39","69"
Cycling,2020-06-17 16:41:16,false,"Rusko Pyöräily","7,00","151","00:29:40","101","122","1,4","--","--","14,2","26,9","42","87","--","--","--","0,0","--","--","--","--","23,0","No","00:29:40","1","31,0","00:25:47","00:42:45","55","83"
Cycling,2020-06-17 07:48:47,false,"Rusko Pyöräily","16,10","215","00:42:53","102","117","1,4","--","--","22,5","42,2","84","86","--","--","--","0,0","--","--","--","--","20,0","No","00:00:03,9","3","27,0","00:42:37","00:42:53","40","65"
Cycling,2020-06-16 08:01:13,false,"Rusko Pyöräily","16,12","284","00:41:31","115","145","2,0","--","--","23,3","40,9","86","87","--","--","--","0,0","--","--","--","--","22,0","No","00:00:11,6","3","27,0","00:41:19","00:41:31","45","69"
Cycling,2020-06-15 07:23:45,false,"Rusko Pyöräily","16,12","276","00:43:27","116","148","2,4","--","--","22,3","41,0","80","81","--","--","--","0,0","--","--","--","--","20,0","No","00:00:09,5","3","27,0","00:43:16","00:43:34","45","70"
Cycling,2020-06-14 18:12:18,false,"Rusko Pyöräily","7,44","120","00:21:46","103","129","1,5","--","--","20,5","30,1","37","122","--","--","--","0,0","--","--","--","--","26,0","No","00:21:46","1","29,0","00:20:52","01:02:17","53","84"
Cycling,2020-06-14 10:16:58,false,"Rusko Pyöräily","23,07","393","01:09:40","111","147","2,1","--","--","19,9","32,1","94","111","--","--","--","0,0","--","--","--","--","21,0","No","00:21:22","3","26,0","01:04:52","01:09:40","44","68"
Open Water Swimming,2020-06-14 10:02:45,false,"Rusko Avovesiuinti","113","22","00:13:13","--","--","--","--","--","11:44","0:29","--","--","--","--","--","0,0","212","223","15","--","19,0","No","00:13:13","1","20,0","00:06:41","00:13:13","--","--"
Cycling,2020-06-14 09:28:10,false,"Rusko Pyöräily","7,67","108","00:25:03","93","114","1,1","--","--","18,4","29,0","42","21","--","--","--","0,0","--","--","--","--","23,0","No","00:25:03","1","28,0","00:24:16","00:25:03","57","90"
Cycling,2020-06-13 08:47:17,false,"Rusko Pyöräily","11,54","181","00:34:24","104","140","1,5","--","--","20,1","31,1","48","52","--","--","--","0,0","--","--","--","--","21,0","No","00:11:06","2","27,0","00:32:13","00:49:40","53","87"
Cycling,2020-06-12 18:12:58,false,"Rusko Pyöräily","3,35","93","00:11:32","118","129","1,8","--","--","17,4","32,1","10","32","--","--","--","0,0","--","--","--","--","21,0","No","00:11:32","1","23,0","00:11:28","00:11:32","175","203"
Open Water Swimming,2020-06-12 17:57:54,false,"Rusko Avovesiuinti","134","31","00:09:49,0","--","--","--","--","--","7:21","0:36","--","--","--","--","--","0,0","209","149","21","--","20,0","No","00:09:49,0","1","28,0","00:02:29","00:09:49,0","--","--"
Cycling,2020-06-12 17:43:45,false,"Rusko Pyöräily","3,40","59","00:13:35","92","106","1,1","--","--","15,0","24,0","28","9","--","--","--","0,0","--","--","--","--","27,0","No","00:13:35","1","30,0","00:12:23","00:13:35","54","82"
Cycling,2020-06-12 07:21:23,false,"Rusko Pyöräily","20,56","392","01:01:41","114","148","2,1","--","--","20,0","43,5","81","83","--","--","--","0,0","--","--","--","--","20,0","No","00:15:00","3","27,0","01:01:20","01:04:36","41","70"
Cycling,2020-06-11 19:15:49,false,"Rusko Pyöräily","7,49","217","00:27:01","121","136","2,1","--","--","16,6","32,0","46","130","--","--","--","0,0","--","--","--","--","22,0","No","00:27:01","1","28,0","00:26:00","00:41:37","54","82"
Cycling,2020-06-11 07:43:18,false,"Rusko Pyöräily","16,11","321","00:42:13","121","139","2,1","--","--","22,9","37,2","92","94","--","--","--","0,0","--","--","--","--","19,0","No","00:00:05,6","3","27,0","00:42:06","00:42:13","45","69"
Cycling,2020-06-10 19:10:20,false,"Rusko Pyöräily","7,55","192","00:31:52","108","128","1,6","--","--","14,2","32,5","44","43","--","--","--","0,0","--","--","--","--","21,0","No","00:31:52","1","28,0","00:27:30","00:45:40","56","83"
Cycling,2020-06-09 07:22:38,false,"Rusko Pyöräily","16,12","287","00:41:38","113","146","2,3","--","--","23,2","43,0","84","89","--","--","--","0,0","--","--","--","--","16,0","No","00:00:08,1","3","28,0","00:41:17","00:41:38","41","69"
Cycling,2020-06-08 07:37:18,false,"Rusko Pyöräily","17,94","307","00:47:15","113","134","2,0","--","--","22,8","42,6","97","102","--","--","--","0,0","--","--","--","--","14,0","No","00:05:29,1","3","27,0","00:47:10","00:47:15","39","66"
Cycling,2020-06-07 11:28:37,false,"Rusko Pyöräily","11,63","137","00:37:23","94","113","1,1","--","--","18,7","43,0","82","73","--","--","--","0,0","--","--","--","--","21,0","No","00:08:32,4","2","23,0","00:29:49","00:32:24","36","57"
Cycling,2020-06-05 19:43:29,false,"Rusko Pyöräily","3,36","51","00:13:11","87","110","1,1","--","--","15,3","29,0","105","31","--","--","--","0,0","--","--","--","--","19,0","No","00:13:11","1","21,0","00:12:01","00:13:11","46","79"
Cycling,2020-06-05 19:17:14,false,"Rusko Pyöräily","3,35","71","00:13:24","100","109","1,2","--","--","15,0","20,7","32","11","--","--","--","0,0","--","--","--","--","24,0","No","00:13:24","1","27,0","00:12:54","00:13:24","56","83"
Cycling,2020-06-05 06:42:11,false,"Rusko Pyöräily","16,12","273","00:44:02","111","143","2,0","--","--","22,0","43,2","87","86","--","--","--","0,0","--","--","--","--","14,0","No","00:00:08,3","3","28,0","00:43:58","00:44:02","47","71"
Cycling,2020-06-04 06:23:32,false,"Rusko Pyöräily","20,54","404","01:04:03","115","136","2,1","--","--","19,2","42,5","87","85","--","--","--","0,0","--","--","--","--","17,0","No","00:14:46","3","28,0","01:03:12","01:06:28","42","73"
Cycling,2020-06-03 06:48:08,false,"Rusko Pyöräily","20,75","365","01:05:02","108","140","1,9","--","--","19,1","42,4","88","135","--","--","--","0,0","--","--","--","--","17,0","No","00:15:15","3","28,0","01:03:50","01:12:16","43","72"
Cycling,2020-06-02 21:12:47,false,"Rusko Pyöräily","7,33","189","00:26:39","116","132","1,8","--","--","16,5","27,0","41","42","--","--","--","0,0","--","--","--","--","18,0","No","--:--:--","1","27,0","00:25:33","00:36:46","58","85"
Cycling,2020-06-02 15:31:05,false,"Rusko Pyöräily","19,22","402","00:47:34","136","157","3,3","--","--","24,2","35,6","71","81","--","--","--","0,0","--","--","--","--","23,0","No","00:00:41,8","3","27,0","00:40:29","00:40:35","56","91"
Cycling,2020-06-02 08:05:53,false,"Turku Pyöräily","19,22","347","00:55:40","113","144","2,1","--","--","20,7","39,0","87","68","--","--","--","0,0","--","--","--","--","18,0","No","00:09:25,6","3","23,0","00:54:30","00:55:40","51","87"
Cycling,2020-06-01 08:05:07,false,"Rusko Pyöräily","16,12","342","00:44:42","120","150","2,7","--","--","21,6","40,2","77","78","--","--","--","0,0","--","--","--","--","22,0","No","00:00:08,6","3","27,0","00:44:25","00:44:42","47","71"
Cycling,2020-05-30 18:06:40,false,"Rusko Pyöräily","7,69","121","00:36:42","83","110","1,1","--","--","12,6","34,6","50","47","--","--","--","0,0","--","--","--","--","19,0","No","--:--:--","1","29,0","00:30:04","00:51:41","55","82"
Cycling,2020-05-29 06:05:30,false,"Rusko Pyöräily","16,11","316","00:42:55","119","147","2,1","--","--","22,5","41,3","83","87","--","--","--","0,0","--","--","--","--","14,0","No","00:00:13,1","3","27,0","00:42:33","00:42:55","43","68"
Cycling,2020-05-28 07:27:02,false,"Rusko Pyöräily","16,11","295","00:43:48","113","137","2,1","--","--","22,1","41,9","78","83","--","--","--","0,0","--","--","--","--","18,0","No","00:00:11,5","3","27,0","00:43:34","00:43:48","42","69"
Cycling,2020-05-27 06:54:18,false,"Rusko Pyöräily","16,17","311","00:42:02","118","155","2,3","--","--","23,1","43,8","80","80","--","--","--","0,0","--","--","--","--","18,0","No","00:00:23,6","3","26,0","00:41:52","00:42:02","14","39"
Cycling,2020-05-26 17:19:47,false,"Rusko Pyöräily","1,79","100","00:21:56","92","129","1,3","--","--","4,9","27,8","10","8","--","--","--","0,0","--","--","--","--","27,0","No","--:--:--","1","32,0","00:08:03","00:21:56","59","64"
Cycling,2020-05-26 07:17:21,false,"Rusko Pyöräily","16,14","312","00:43:10","116","150","2,3","--","--","22,4","40,6","79","80","--","--","--","0,0","--","--","--","--","16,0","No","00:00:19,5","3","27,0","00:42:44","00:43:10","44","70"
Hiking,2020-05-25 18:23:58,false,"Rusko Patikointi","4,36","221","01:12:09","82","124","1,1","75","244","16:33","6:12","36","42","0,80","--","--","0,0","--","--","--","5.456","20,0","No","--:--:--","1","27,0","01:02:22","01:12:09","45","64"
Cycling,2020-05-25 07:40:51,false,"Rusko Pyöräily","13,90","256","00:36:34","115","142","2,1","--","--","22,8","40,6","73","77","--","--","--","0,0","--","--","--","--","15,0","No","00:15:30","2","26,0","00:36:23","00:36:34","48","68"
Hiking,2020-05-24 17:57:28,false,"Rusko Patikointi","2,80","287","01:13:47","93","141","1,3","51","149","26:20","9:52","36","38","0,74","--","--","0,0","--","--","--","3.958","16,0","No","--:--:--","1","23,0","00:57:05","01:13:47","67","79"
Cycling,2020-05-23 17:52:43,false,"Rusko Pyöräily","6,68","105","00:23:59","102","144","1,3","--","--","16,7","46,6","12","27","--","--","--","0,0","--","--","--","--","17,0","No","--:--:--","1","22,0","00:15:02","00:28:50","62","90"
Cycling,2020-05-23 11:57:53,false,"Rusko Pyöräily","35,66","525","01:45:00","106","128","1,5","--","--","20,4","42,6","185","182","--","--","--","0,0","--","--","--","--","19,0","No","00:09:16,0","5","29,0","01:41:39","02:10:02","28","77"
Cycling,2020-05-22 07:38:29,false,"Rusko Pyöräily","17,37","326","00:48:35","113","150","2,2","--","--","21,4","33,7","84","87","--","--","--","0,0","--","--","--","--","17,0","No","00:03:52,0","3","26,0","00:47:29","00:48:35","41","69"
Cycling,2020-05-21 15:31:51,false,"Rusko Pyöräily","35,46","462","01:47:52","97","140","1,4","--","--","19,7","37,7","161","164","--","--","--","0,0","--","--","--","--","14,0","No","00:10:23","5","29,0","01:44:21","03:30:51","38","72"
Cycling,2020-05-20 18:32:04,false,"Rusko Pyöräily","11,85","278","00:54:54","103","122","1,5","--","--","12,9","30,5","253","259","--","--","--","0,0","--","--","--","--","12,0","No","00:26:54","2","25,0","00:42:47","00:54:54","-366","87"
Cycling,2020-05-20 07:06:14,false,"Rusko Pyöräily","16,10","309","00:44:04","116","148","2,1","--","--","21,9","40,4","80","87","--","--","--","0,0","--","--","--","--","13,0","No","00:00:09,9","3","26,0","00:43:42","00:44:04","40","69"
Cycling,2020-05-19 06:53:40,false,"Rusko Pyöräily","13,91","264","00:37:37","116","133","2,0","--","--","22,2","40,7","71","72","--","--","--","0,0","--","--","--","--","12,0","No","00:15:52","2","27,0","00:37:15","00:37:37","50","69"
Cycling,2020-05-18 17:45:35,false,"Rusko Pyöräily","21,98","322","01:06:35","101","133","1,5","--","--","19,8","41,6","92","96","--","--","--","0,0","--","--","--","--","17,0","No","00:16:21","3","27,0","01:05:14","01:06:35","53","90"
Cycling,2020-05-18 07:30:32,false,"Rusko Pyöräily","16,13","299","00:48:00","109","145","2,1","--","--","20,2","40,5","78","86","--","--","--","0,0","--","--","--","--","16,0","No","00:00:17,4","3","26,0","00:47:40","00:48:00","43","69"
Cycling,2020-05-17 10:08:26,false,"Rusko Pyöräily","23,41","440","01:07:47","115","152","2,4","--","--","20,7","36,5","75","78","--","--","--","0,0","--","--","--","--","15,0","No","00:19:12","3","26,0","01:03:09","01:07:47","47","74"
Cycling,2020-05-15 17:52:00,false,"Rusko Pyöräily","11,43","184","00:42:50","96","115","1,2","--","--","16,0","28,5","131","86","--","--","--","0,0","--","--","--","--","13,0","No","00:11:06","2","28,0","00:35:05","00:42:50","10","90"
Cycling,2020-05-14 16:58:48,false,"Rusko Pyöräily","15,92","327","00:42:07","136","179","3,8","--","--","22,7","32,2","57","61","--","--","--","0,0","--","--","--","--","16,0","No","00:20:59","2","27,0","00:41:45","00:42:07","50","75"
Cycling,2020-05-14 06:55:48,false,"Rusko Pyöräily","14,20","72","00:40:00","97","117","1,2","--","--","21,3","31,1","27","29","--","--","--","0,0","--","--","--","--","13,0","No","--:--:--","1","27,0","00:14:23","00:14:38","50","69"
Cycling,2020-05-13 07:51:55,false,"Rusko Pyöräily","16,11","368","00:48:29","121","149","2,2","--","--","19,9","36,1","82","82","--","--","--","0,0","--","--","--","--","11,0","No","00:03:59,5","3","27,0","00:44:34","00:48:29","25","49"
Hiking,2020-05-12 17:28:10,false,"Rusko Patikointi","4,50","446","01:39:42","101","151","1,4","60","172","22:08","9:39","135","57","0,75","--","--","0,0","--","--","--","6.174","14,0","No","--:--:--","1","28,0","01:20:35","01:39:42","42","55"
Cycling,2020-05-12 07:23:16,false,"Rusko Pyöräily","10,07","193","00:30:38","109","134","1,7","--","--","19,7","40,8","49","51","--","--","--","0,0","--","--","--","--","16,0","No","00:06:16,2","2","26,0","00:29:12","00:30:38","39","56"
Hiking,2020-05-11 19:10:19,false,"Rusko Patikointi","3,16","136","00:45:32","80","110","1,1","91","124","14:24","7:34","42","45","0,76","--","--","0,0","--","--","--","4.124","16,0","No","--:--:--","1","28,0","00:39:34","00:45:32","48","63"
Cycling,2020-05-11 11:49:42,false,"Rusko Pyöräily","8,49","171","00:24:17","114","137","1,9","--","--","21,0","30,9","33","36","--","--","--","0,0","--","--","--","--","14,0","No","00:01:23,2","2","27,0","00:24:08","00:24:17","46","61"
Cycling,2020-05-10 10:40:58,false,"Rusko Pyöräily","16,58","313","00:47:56","112","144","2,1","--","--","20,8","42,6","94","92","--","--","--","0,0","--","--","--","--","20,0","No","00:00:24,7","4","27,0","00:47:29","00:47:56","18","46"
Cycling,2020-05-10 07:18:20,false,"Rusko Pyöräily","8,01","140","00:28:43","99","124","1,2","--","--","16,7","27,8","23","20","--","--","--","0,0","--","--","--","--","14,0","No","--:--:--","1","26,0","00:26:03","00:28:43","21","36"
Cycling,2020-05-09 10:17:49,false,"Rusko Pyöräily","30,37","484","01:29:37","109","135","2,0","--","--","20,3","38,1","115","124","--","--","--","0,0","--","--","--","--","17,0","No","00:20:47","4","26,0","01:27:49","01:29:37","13","52"
Cycling,2020-05-08 07:00:14,false,"Rusko Pyöräily","10,06","207","00:30:15","113","136","1,9","--","--","20,0","39,5","67","49","--","--","--","0,0","--","--","--","--","14,0","No","00:07:42,0","2","27,0","00:30:05","00:30:15","16","35"
Cycling,2020-05-07 18:57:36,false,"Rusko Pyöräily","19,71","456","00:58:24","118","147","2,6","--","--","20,3","31,0","100","105","--","--","--","0,0","--","--","--","--","11,0","No","00:09:40,8","3","23,0","00:57:53","00:58:24","16","38"
Cycling,2020-05-07 08:25:17,false,"Rusko Pyöräily","9,00","157","00:34:40","92","127","1,5","--","--","15,6","37,2","45","39","--","--","--","0,0","--","--","--","--","18,0","No","00:08:51,1","2","25,0","00:32:35","00:34:40","18","37"
Walking,2020-05-04 19:13:23,false,"Kävely","4,57","237","01:02:40","--","--","--","--","--","13:43","1:24","--","--","--","--","--","0,0","--","--","--","5.342","--","No","--:--:--","1","--","00:50:18","01:02:40","--","--"
Walking,2020-05-04 07:15:13,false,"Kävely","2,69","127","00:30:12","--","--","--","--","--","11:14","5:23","--","--","--","--","--","0,0","--","--","--","3.154","--","No","--:--:--","1","--","00:28:30","00:30:12","--","--"
Walking,2020-05-03 19:39:19,false,"Kävely","5,06","270","01:18:44","--","--","--","--","--","15:35","1:30","--","--","--","--","--","0,0","--","--","--","5.926","--","No","--:--:--","1","--","00:54:30","01:18:44","--","--"
Walking,2020-05-01 17:39:10,false,"Kävely","2,93","145","00:37:59","--","--","--","--","--","12:58","1:37","--","--","--","--","--","0,0","--","--","--","3.430","--","No","--:--:--","1","--","00:30:22","00:37:59","--","--"
Road Cycling,2020-05-01 10:21:08,false,"Paattis Kaharintie Rusko Vahto","33,50","158","01:32:08","--","--","--","--","--","21,8","37,1","--","--","--","--","--","0,0","--","--","--","1.206","--","No","--:--:--","1","--","00:08:28","01:32:08","--","--"
Road Cycling,2020-04-30 12:16:38,false,"Paattisille ja takaisin","13,00","60","00:36:36","--","--","--","--","--","21,3","10,1","--","--","--","--","--","0,0","--","--","--","412","--","No","--:--:--","1","--","00:02:21","00:36:36","--","--"
Walking,2020-04-30 06:50:57,false,"Kävely","3,23","150","00:34:13","--","--","--","--","--","10:36","6:28","--","--","--","--","--","0,0","--","--","--","3.790","--","No","--:--:--","1","--","00:33:45","00:34:13","--","--"
Road Cycling,2020-04-29 17:41:24,false,"Valpperiin ja takaisin","15,00","79","00:48:12","--","--","--","--","--","18,7","10,0","--","--","--","--","--","0,0","--","--","--","548","--","No","--:--:--","1","--","00:03:48","00:48:12","--","--"
Walking,2020-04-29 06:58:27,false,"Kävely","3,19","146","00:33:30","--","--","--","--","--","10:30","6:00","--","--","--","--","--","0,0","--","--","--","3.738","--","No","--:--:--","1","--","00:33:17","00:33:30","--","--"
Running,2020-04-28 17:59:14,false,"Juoksu","3,44","245","00:40:44","--","--","--","--","--","11:51","1:58","--","--","--","--","--","0,0","--","--","--","3.754","--","No","--:--:--","1","--","00:33:14","00:40:44","--","--"
Walking,2020-04-28 06:18:06,false,"Kävely","3,87","178","00:40:11","--","--","--","--","--","10:23","3:55","--","--","--","--","--","0,0","--","--","--","4.538","--","No","--:--:--","1","--","00:39:14","00:40:11","--","--"
Walking,2020-04-27 19:04:10,false,"Kävely","4,37","252","00:44:26","--","--","--","--","--","10:11","4:12","--","--","--","--","--","0,0","--","--","--","4.954","--","No","--:--:--","1","--","00:40:00","00:44:26","--","--"
Walking,2020-04-27 07:00:42,false,"Kävely","3,39","154","00:35:12","--","--","--","--","--","10:24","4:30","--","--","--","--","--","0,0","--","--","--","3.966","--","No","--:--:--","1","--","00:35:03","00:35:12","--","--"
Road Cycling,2020-04-26 11:14:03,false,"Valpperin lenkki","16,00","82","00:50:45","--","--","--","--","--","18,9","7,7","--","--","--","--","--","0,0","--","--","--","504","--","No","--:--:--","1","--","00:03:20","00:50:45","--","--"
Walking,2020-04-25 10:36:58,false,"Kävely","9,38","495","02:22:31","--","--","--","--","--","15:12","1:56","--","--","--","--","--","0,0","--","--","--","11.012","--","No","--:--:--","1","--","01:45:36","02:22:31","--","--"
Walking,2020-04-24 06:56:24,false,"KÃ¤vely","4,00","187","00:42:39","--","--","--","--","--","10:39","4:30","--","--","--","--","--","0,0","--","--","--","4.688","--","No","--:--:--","1","--","00:41:33","00:42:39","--","--"
Running,2020-04-23 17:33:42,false,"Hemmolan kautta uimapaikalle ja kotiin","7,00","632","00:57:49","--","--","--","--","--","8:16","1:44","--","--","--","--","--","0,0","--","--","--","8.678","--","No","--:--:--","1","--","00:55:17","00:57:49","--","--"
Walking,2020-04-23 06:49:14,false,"Kävely","2,80","127","00:29:30","--","--","--","--","--","10:33","3:16","--","--","--","--","--","0,0","--","--","--","3.280","--","No","--:--:--","1","--","00:29:15","00:29:30","--","--"
Running,2020-04-22 17:50:20,false,"Hemmola intervalli","4,13","247","00:35:24","--","--","--","--","--","8:34","3:51","--","--","--","--","--","0,0","--","--","--","4.612","--","No","--:--:--","1","--","00:34:28","00:35:24","--","--"
Walking,2020-04-22 06:54:05,false,"Kävely","3,41","157","00:35:33","--","--","--","--","--","10:25","6:00","--","--","--","--","--","0,0","--","--","--","3.994","--","No","--:--:--","1","--","00:35:13","00:35:33","--","--"
Running,2020-04-21 16:43:29,false,"Juoksu Hemmola","4,80","363","00:33:59","--","--","--","--","--","7:05","1:44","--","--","--","--","--","0,0","--","--","--","5.008","--","No","--:--:--","1","--","00:31:28","00:33:59","--","--"
Walking,2020-04-21 06:57:07,false,"Kävely","4,01","185","00:42:53","--","--","--","--","--","10:41","1:46","--","--","--","--","--","0,0","--","--","--","4.704","--","No","--:--:--","1","--","00:41:40","00:42:53","--","--"
Hiking,2020-04-19 17:27:20,false,"Patikointi","5,97","352","01:08:49","103","142","1,5","83","234","11:31","8:53","36","45","1,04","--","--","0,0","--","--","--","5.970","18,0","No","00:00:02,6","3","25,0","01:08:40","01:08:49","-81","-60"
Cycling,2020-04-18 11:17:22,false,"Pyöräily","20,04","286","01:11:23","94","124","1,2","--","--","16,8","--","--","--","--","--","--","0,0","--","--","--","--","12,0","No","--:--:--","1","26,0","00:00:00","01:11:23","-85","-62"
Running,2020-04-17 17:45:35,false,"Juoksu","5,61","369","00:36:16","139","170","3,2","148","172","6:28","5:17","208","41","1,05","--","--","0,0","--","--","--","5.348","19,0","No","00:05:43,4","4","26,0","00:36:14","00:36:16","-68","-51"
Hiking,2020-04-17 06:52:02,false,"Patikointi","3,65","191","00:40:50","98","124","1,2","112","245","11:12","9:10","41","40","0,80","--","--","0,0","--","--","--","4.574","15,0","No","--:--:--","1","27,0","00:40:50","00:40:50","-53","-36"
Hiking,2020-04-16 17:27:47,false,"Patikointi","5,71","342","01:05:00","105","140","1,8","89","205","11:24","10:02","249","45","0,99","--","--","0,0","--","--","--","5.982","17,0","No","--:--:--","1","29,0","01:04:55","01:05:00","-51","-31"
Hiking,2020-04-16 06:52:32,false,"Patikointi","3,95","158","00:42:59","87","98","1,1","110","122","10:53","10:12","345","42","0,83","--","--","0,0","--","--","--","4.834","10,0","No","--:--:--","1","27,0","00:42:59","00:42:59","-16","2"
Hiking,2020-04-15 17:33:21,false,"Patikointi","3,05","137","00:35:10","90","108","1,1","106","231","11:32","8:19","42","41","0,82","--","--","0,0","--","--","--","3.784","22,0","No","--:--:--","1","29,0","00:35:07","00:35:10","-12","3"
Hiking,2020-04-15 07:16:42,false,"Patikointi","3,09","137","00:33:54","90","117","1,2","108","124","10:58","10:02","37","36","0,84","--","--","0,0","--","--","--","3.690","14,0","No","--:--:--","1","26,0","00:33:47","00:33:54","-14","1"
Hiking,2020-04-14 17:49:40,false,"Patikointi","3,45","114","00:40:14","78","110","1,1","96","118","11:39","10:46","40","42","0,89","--","--","0,0","--","--","--","3.926","14,0","No","--:--:--","1","27,0","00:40:10","00:40:14","-12","3"
Hiking,2020-04-14 06:54:09,false,"Patikointi","3,95","166","00:44:05","88","113","1,1","97","222","11:09","9:21","31","34","0,92","--","--","0,0","--","--","--","4.206","11,0","No","--:--:--","1","28,0","00:44:04","00:44:05","-10","6"
Hiking,2020-04-11 17:22:17,false,"Patikointi","7,66","384","01:29:14","97","142","1,4","66","151","11:39","9:36","60","56","1,30","--","--","0,0","--","--","--","5.920","16,0","No","--:--:--","1","26,0","01:29:14","01:29:14","-27","-12"
Hiking,2020-04-10 20:28:01,false,"Patikointi","3,46","202","00:40:24","102","123","1,3","96","118","11:41","10:42","39","42","0,89","--","--","0,0","--","--","--","3.802","16,0","No","--:--:--","1","27,0","00:40:19","00:40:24","-26","-11"
Cycling,2020-04-10 11:41:53,false,"Papumäen lenkki","20,04","451","00:58:09","120","149","2,7","--","--","20,7","--","--","--","--","--","--","0,0","--","--","--","--","13,0","No","--:--:--","1","24,0","00:00:00","00:58:09","-30","-10"
Hiking,2020-04-09 17:25:33,false,"Patikointi","7,63","389","01:29:19","99","130","1,3","69","194","11:42","8:59","153","71","1,23","--","--","0,0","--","--","--","6.528","13,0","No","--:--:--","1","28,0","01:29:16","01:29:19","-20","2"
Hiking,2020-04-09 06:50:31,false,"Patikointi","7,71","210","01:23:37","75","111","1,1","60","125","10:51","10:12","162","47","1,54","--","--","0,0","--","--","--","4.996","15,0","No","--:--:--","1","27,0","01:23:36","01:23:37","-1","19"
Hiking,2020-04-08 17:24:14,false,"Patikointi","3,90","216","00:44:10","100","129","1,4","94","124","11:19","9:42","55","47","0,94","--","--","0,0","--","--","--","4.120","18,0","No","--:--:--","1","28,0","00:44:09","00:44:10","-2","16"
Hiking,2020-04-08 06:51:35,false,"Patikointi","3,69","173","00:40:12","94","120","1,4","113","126","10:54","10:12","42","37","0,81","--","--","0,0","--","--","--","4.574","12,0","No","--:--:--","1","28,0","00:40:12","00:40:12","-22","-3"
Hiking,2020-04-07 06:52:02,false,"Patikointi","3,84","211","00:41:04","99","122","1,6","110","125","10:41","10:12","44","41","0,85","--","--","0,0","--","--","--","4.558","9,0","No","--:--:--","1","28,0","00:41:04","00:41:04","-34","-13"
Running,2020-04-06 18:47:18,false,"Juoksu","4,44","391","00:33:55","153","172","4,5","152","172","7:39","6:30","32","28","0,86","--","--","0,0","--","--","--","5.158","16,0","No","00:03:20,2","5","28,0","00:33:55","00:33:55","-95","-75"
Walking,2020-04-06 06:59:48,false,"Kävely","3,55","282","00:39:23","110","129","2,1","113","225","11:06","8:43","39","40","0,80","--","--","0,0","--","--","--","4.464","13,0","No","--:--:--","1","27,0","00:39:19","00:39:23","-98","-81"
Hiking,2020-04-05 10:51:22,false,"Frisbeegolf","4,50","324","01:17:36","89","127","1,5","65","174","17:15","6:33","43","56","1,36","--","--","0,0","--","--","--","5.428","17,0","No","--:--:--","1","21,0","01:17:36","01:17:36","-95","-76"
Walking,2020-04-05 10:48:43,false,"Kävely","0,17","7","00:01:48,0","83","89","1,0","117","120","10:37","10:38","3","--","0,81","--","--","0,0","--","--","--","198","22,0","No","00:00:06,0","2","23,0","00:01:48,0","00:01:49,1","-82","-78"
Walking,2020-04-04 16:42:24,false,"Frisbeegolf","4,72","420","01:43:09","91","121","1,2","58","237","21:51","8:12","59","65","1,57","--","--","0,0","--","--","--","6.130","13,0","No","00:06:32,2","3","27,0","01:43:07","01:43:09","-87","-69"
Walking,2020-04-04 11:53:18,false,"Kävely","4,88","205","00:56:25","83","114","1,1","84","147","11:34","9:36","37","32","1,12","--","--","0,0","--","--","--","4.744","15,0","No","00:24:40","2","27,0","00:56:19","04:43:22","-78","-61"
Walking,2020-04-03 17:01:40,false,"Kävely","2,92","142","00:32:33","88","117","1,2","110","159","11:08","8:03","32","42","0,82","--","--","0,0","--","--","--","3.616","16,0","No","--:--:--","1","26,0","00:32:30","00:34:40","-62","-41"
Walking,2020-04-03 06:53:17,false,"Kävely","3,56","165","00:38:50","89","101","1,2","115","129","10:55","10:09","43","40","0,80","--","--","0,0","--","--","--","4.496","10,0","No","--:--:--","1","28,0","00:38:49","00:38:50","-9","9"
Walking,2020-04-02 17:47:22,false,"Kävely","3,70","305","00:42:22","113","154","2,3","95","196","11:26","6:27","37","31","0,92","--","--","0,0","--","--","--","4.122","12,0","No","--:--:--","1","24,0","00:42:18","00:42:22","-18","5"
Walking,2020-04-02 06:57:39,false,"Kävely","3,64","172","00:40:21","89","114","1,3","112","132","11:04","9:52","340","43","0,81","--","--","0,0","--","--","--","4.556","15,0","No","--:--:--","1","28,0","00:40:21","00:40:21","-27","-8"
Walking,2020-04-01 15:41:09,false,"Kävely","4,00","238","00:45:00","113","140","2,2","102","122","11:15","10:27","22","23","0,85","--","--","0,0","--","--","--","3.334","18,0","No","--:--:--","1","22,0","00:32:00","00:32:00","-38","-20"
Walking,2020-04-01 06:49:17,false,"Kävely","3,60","205","00:38:50","98","121","1,5","116","134","10:48","9:36","42","42","0,80","--","--","0,0","--","--","--","4.518","17,0","No","--:--:--","1","27,0","00:38:49","00:38:50","-38","-17"
Walking,2020-03-31 17:19:17,false,"Kävely","3,56","258","00:38:28","108","125","2,0","116","131","10:49","9:45","179","37","0,80","--","--","0,0","--","--","--","4.496","19,0","No","--:--:--","1","27,0","00:38:27","00:38:28","-46","-23"
Walking,2020-03-31 06:53:13,false,"Kävely","3,13","172","00:35:13","96","116","1,4","112","131","11:16","9:55","44","39","0,79","--","--","0,0","--","--","--","4.014","15,0","No","--:--:--","1","28,0","00:34:53","00:35:13","-69","-51"
Walking,2020-03-30 06:59:23,false,"Kävely","3,57","180","00:40:35","90","116","1,3","104","184","11:21","9:01","35","29","0,84","--","--","0,0","--","--","--","4.256","15,0","No","--:--:--","1","29,0","00:40:29","00:40:35","-63","-45"
Walking,2020-03-28 11:53:50,false,"Kävely","0,00","--","00:00:10,2","86","88","1,0","--","--","--","--","--","--","--","--","--","0,0","--","--","--","--","22,0","No","00:00:04,6","2","22,0","00:00:00","00:00:10,2","-42","-42"
Walking,2020-03-27 16:33:45,false,"Kävely","3,28","155","00:37:53","87","121","1,2","93","157","11:33","8:30","38","35","0,93","--","--","0,0","--","--","--","3.544","20,0","No","--:--:--","1","23,0","00:37:53","00:37:53","-45","-30"
Walking,2020-03-27 06:46:02,false,"Rusko Kävely","2,43","124","00:26:25","92","112","1,2","115","128","10:53","9:30","33","36","0,80","--","--","0,0","--","--","--","3.060","12,0","No","--:--:--","1","28,0","00:26:25","00:26:25","-59","-41"
Walking,2020-03-26 06:50:28,false,"Rusko Kävely","3,52","268","00:38:14","108","132","2,3","116","135","10:51","9:30","42","39","0,79","--","--","0,0","--","--","--","4.452","13,0","No","--:--:--","1","29,0","00:38:14","00:38:14","-52","-35"
Walking,2020-03-25 17:21:47,false,"Kävely","7,36","531","01:23:44","112","152","2,8","106","167","11:22","8:05","49","60","0,83","--","--","0,0","--","--","--","8.876","21,0","No","--:--:--","1","28,0","01:23:34","01:23:44","-51","-20"
Walking,2020-03-24 07:14:34,false,"Rusko Kävely","2,90","134","00:30:51","88","125","1,2","116","134","10:38","8:40","42","36","0,81","--","--","0,0","--","--","--","3.596","12,0","No","--:--:--","1","28,0","00:30:51","00:30:51","-52","-33"
Walking,2020-03-23 07:04:39,false,"Kävely","3,38","151","00:35:51","88","108","1,3","116","131","10:37","9:36","46","38","0,81","--","--","0,0","--","--","--","4.182","13,0","No","--:--:--","1","22,0","00:35:50","00:35:51","-62","-42"
Walking,2020-03-20 06:54:32,false,"Rusko Kävely","3,59","182","00:38:52","92","112","1,3","104","154","10:49","9:10","40","36","0,89","--","--","0,0","--","--","--","4.050","10,0","No","--:--:--","1","21,0","00:38:48","00:38:52","-50","-33"
Walking,2020-03-18 15:27:55,false,"Kävely","3,14","249","00:34:42","110","144","2,1","108","128","11:03","9:49","40","42","0,84","--","--","0,0","--","--","--","3.768","23,0","No","--:--:--","1","27,0","00:34:13","00:34:42","-39","-21"
Walking,2020-03-18 07:27:15,false,"Kävely","2,44","109","00:28:29","84","96","1,1","109","121","11:40","10:27","29","39","0,79","--","--","0,0","--","--","--","3.118","15,0","No","--:--:--","1","24,0","00:28:29","00:28:29","-41","-26"
Running,2020-03-16 14:55:58,false,"Juoksu","5,87","429","00:46:47","136","168","3,4","140","174","7:58","6:28","57","66","0,91","--","--","0,0","--","--","--","6.456","16,0","No","00:06:56,8","6","29,0","00:46:42","00:46:47","-50","-31"
Casual Walking,2020-03-14 12:30:14,false,"Kävely Kautranta","6,80","238","01:00:00","--","--","--","--","--","8:49","--","--","--","--","--","--","0,0","--","--","--","--","--","No","00:00:00","1","--","--:--:--","00:00:00","--","--"
Hiking,2020-03-13 17:43:17,false,"Rusko Patikointi","3,74","203","00:41:58","95","111","1,4","109","159","11:14","8:48","281","50","0,82","--","--","0,0","--","--","--","4.566","17,0","No","--:--:--","1","26,0","00:41:58","00:41:58","-56","-35"
Running,2020-03-11 09:41:51,false,"Rusko Juoksu","0,96","72","00:08:55,9","121","146","1,8","126","172","9:21","5:32","17","12","0,85","--","--","0,0","--","--","--","1.140","17,0","No","--:--:--","1","22,0","00:08:04","00:08:55,9","-29","-21"
Walking,2020-03-10 18:40:36,false,"Rusko Kävely","3,30","200","00:38:19","97","120","1,4","102","224","11:36","7:32","39","41","0,85","--","--","0,0","--","--","--","3.978","18,0","No","--:--:--","1","27,0","00:37:18","00:38:19","-51","-34"
Other,2020-03-02 16:19:10,false,"Salibandi","0,00","427","01:10:41","106","142","2,0","--","--","--","--","--","--","--","--","--","0,0","--","--","--","--","24,0","No","--:--:--","1","31,0","00:00:00","01:10:41","-113","-94"
Hiking,2020-02-29 14:48:31,false,"Vahdon uimalammelle ja luistelu","11,51","356","02:03:48","76","101","1,1","78","160","10:46","3:12","59","63","1,22","--","--","0,0","--","--","--","9.062","11,0","No","00:03:14,7","4","27,0","01:44:41","02:03:48","-40","-9"
Cardio,2020-02-24 21:05:16,false,"Vannepyöritys","0,00","45","00:04:15,8","135","141","1,8","--","--","--","--","--","--","--","--","--","0,0","--","--","--","--","29,0","No","--:--:--","1","29,0","00:00:00","00:04:15,8","-25","-23"
Cardio,2020-02-24 20:58:55,false,"Vannepyöritys","0,00","8","00:00:53,3","127","134","1,1","--","--","--","--","--","--","--","--","--","0,0","--","--","--","--","30,0","No","--:--:--","1","30,0","00:00:00","00:00:53,3","-23","-22"
Other,2020-02-24 16:25:23,false,"Salibandi","0,00","340","01:06:36","100","145","1,7","--","--","--","--","--","--","--","--","--","0,0","--","--","--","--","24,0","No","--:--:--","1","31,0","00:00:00","01:06:36","-64","-41"
Skating,2020-02-24 11:32:19,false,"Kupittaa mato","3,01","26","00:12:33","73","102","1,0","51","151","14,4","22,2","13","14","4,84","--","--","0,0","--","--","--","558","14,0","No","00:00:10,5","4","19,0","00:12:28","00:12:33","-44","-32"
Walking,2020-02-23 19:19:33,false,"Rusko Kävely","3,89","202","00:40:07","97","130","1,4","113","123","10:19","8:53","35","45","0,86","--","--","0,0","--","--","--","4.600","17,0","No","--:--:--","1","26,0","00:39:57","00:40:07","9","25"
Skating,2020-02-17 13:38:59,false,"Kuopio luisteli","7,87","148","00:41:45","83","100","1,1","35","133","11,3","17,4","5","10","5,38","--","--","0,0","--","--","--","1.530","10,0","No","--:--:--","1","24,0","00:41:20","00:41:45","74","82"
Skating,2020-02-16 09:13:11,false,"Kuopio luistelu","16,18","229","01:12:33","80","114","1,2","46","157","13,4","28,2","26","15","4,93","--","--","0,0","--","--","--","3.590","9,0","No","00:01:04,5","5","22,0","01:10:37","01:12:33","77","84"
Walking,2020-02-15 19:36:30,false,"Kuopio kävely","3,09","87","00:44:11","71","111","1,0","69","129","14:17","2:28","23","28","1,12","--","--","0,0","--","--","--","3.320","16,0","No","00:01:46,9","4","19,0","00:39:50","00:44:11","76","94"
Skating,2020-02-15 16:43:15,false,"Kuopio luistelu","4,12","117","00:37:46","84","130","1,1","42","134","6,5","10,4","163","2","2,69","--","--","0,0","--","--","--","866","15,0","No","00:01:07,7","5","24,0","00:34:25","00:37:46","-19","11"
Running,2020-02-12 17:37:18,false,"Rusko Juoksu","5,30","445","00:42:36","148","167","3,8","149","172","8:03","5:48","60","69","0,83","--","--","0,0","--","--","--","6.230","12,0","No","00:02:04,4","6","27,0","00:40:42","00:42:36","38","55"
Walking,2020-02-11 18:15:02,false,"Rusko Kävely","3,88","153","00:41:00","84","115","1,1","109","193","10:34","8:30","37","42","0,87","--","--","0,0","--","--","--","4.528","15,0","No","--:--:--","1","26,0","00:38:12","00:41:00","38","52"
Other,2020-02-10 16:23:15,false,"Turku Salibandi","0,50","302","01:06:57","93","145","1,5","--","--","0,4","7,3","--","9","--","--","--","0,0","--","--","--","--","24,0","No","--:--:--","1","29,0","00:05:15","01:06:57","64","81"
Walking,2020-02-09 18:02:50,false,"Rusko Kävely","3,45","170","00:35:38","95","137","1,3","116","239","10:20","5:24","39","40","0,84","--","--","0,0","--","--","--","4.052","11,0","No","--:--:--","1","26,0","00:35:08","00:35:38","39","57"
Walking,2020-02-08 17:31:00,false,"Rusko Kävely","6,68","386","01:04:28","110","130","2,4","120","250","9:39","7:50","24","33","0,86","--","--","0,0","--","--","--","7.604","12,0","No","--:--:--","1","28,0","01:02:47","01:04:28","29","46"
Skating,2020-02-07 15:16:38,false,"Kupittaa luistelu","8,16","180","00:34:01","105","120","1,6","66","142","14,4","20,4","11","15","3,78","--","--","0,0","--","--","--","2.176","14,0","No","00:00:37,1","9","21,0","00:33:59","00:34:01","-1","6"
Running,2020-02-05 17:45:41,false,"Rusko Juoksu","5,23","452","00:40:17","155","176","4,2","149","174","7:43","5:27","62","64","0,87","--","--","0,0","--","--","--","5.872","12,0","No","00:01:29,8","6","27,0","00:38:25","00:40:17","40","56"
Indoor Cycling,2020-02-03 16:23:55,false,"Sisäpyöräily","0,00","277","01:06:34","97","142","2,0","--","--","--","--","--","--","--","--","--","0,0","--","--","--","--","24,0","No","--:--:--","1","29,0","00:00:00","01:06:34","-14","-4"
Running,2020-02-02 16:06:51,false,"Rusko Juoksu","5,22","401","00:41:21","137","161","3,6","148","180","7:55","3:57","59","63","0,85","--","--","0,0","--","--","--","6.092","12,0","No","00:01:27,1","6","27,0","00:39:37","00:41:21","41","56"
Walking,2020-02-02 13:43:36,false,"Turku Kävely","1,71","67","00:18:01","81","100","1,1","112","240","10:31","7:19","22","11","0,85","--","--","0,0","--","--","--","1.968","17,0","No","--:--:--","1","18,0","00:16:57","00:18:01","-6","7"
Walking,2020-02-02 13:21:33,false,"Turku Kävely","1,79","83","00:20:35","85","118","1,1","103","129","11:28","8:28","10","25","0,84","--","--","0,0","--","--","--","2.120","16,0","No","--:--:--","1","27,0","00:18:39","00:20:35","12","29"
Running,2020-01-31 18:12:08,false,"Rusko Juoksu","5,20","363","00:40:44","133","157","3,1","150","172","7:50","5:45","62","59","0,85","--","--","0,0","--","--","--","6.006","11,0","No","00:01:20,7","6","25,0","00:38:33","00:40:44","40","58"
Running,2020-01-29 17:46:17,false,"Rusko Juoksu","5,33","452","00:40:54","154","178","4,5","150","176","7:40","5:04","56","62","0,86","--","--","0,0","--","--","--","6.112","11,0","No","00:02:06,1","6","27,0","00:40:09","00:40:54","39","54"
Indoor Cycling,2020-01-27 16:20:10,false,"Sisäpyöräily","0,00","545","01:10:41","128","154","3,1","--","--","--","--","--","--","--","--","--","0,0","--","--","--","--","23,0","No","--:--:--","1","31,0","00:00:00","01:10:41","-10","8"
Running,2020-01-23 18:41:33,false,"Rusko Juoksu","5,20","438","00:41:13","146","163","4,1","150","172","7:56","5:31","64","65","0,84","--","--","0,0","--","--","--","6.174","10,0","No","00:01:15,0","6","26,0","00:39:08","00:41:13","39","56"
Running,2020-01-21 11:45:19,false,"Rusko Juoksu","5,23","450","00:42:00","146","168","4,1","150","178","8:02","5:21","68","67","0,83","--","--","0,0","--","--","--","6.296","11,0","No","00:01:28,9","6","25,0","00:41:07","00:42:42","26","45"
Indoor Cycling,2020-01-20 16:26:12,false,"Salibandy","0,00","329","01:05:28","105","132","1,7","--","--","--","--","--","--","--","--","--","0,0","--","--","--","--","24,0","No","--:--:--","1","30,0","00:00:00","01:05:28","-19","-10"
Running,2020-01-18 17:04:53,false,"Rusko Juoksu","5,91","482","00:50:18","136","154","3,3","149","196","8:31","5:01","64","69","0,79","--","--","0,0","--","--","--","7.464","11,0","No","00:09:05,4","4","25,0","00:48:47","00:50:18","38","53"
Running,2020-01-15 17:51:56,false,"Rusko Juoksu","5,14","392","00:44:36","130","165","2,6","151","172","8:40","6:23","59","70","0,76","--","--","0,0","--","--","--","6.706","14,0","No","00:02:31,5","4","27,0","00:43:35","00:44:36","30","52"
Other,2020-01-13 16:24:03,false,"Salibandy","0,00","319","01:08:01","100","132","1,4","--","--","--","--","--","--","--","--","--","0,0","--","--","--","--","24,0","No","--:--:--","1","29,0","00:00:00","01:08:01","21","41"
Walking,2020-01-11 10:17:06,false,"Rusko Kävely","8,78","391","01:52:05","88","133","1,4","93","226","12:46","9:04","120","50","0,84","--","--","0,0","--","--","--","10.580","8,0","No","00:09:28,4","2","27,0","01:39:07","01:52:05","-20","71"
Walking,2020-01-04 15:24:08,false,"Rusko Kävely","3,96","176","00:45:33","90","116","1,1","108","235","11:30","7:05","32","42","0,80","--","--","0,0","--","--","--","4.920","15,0","No","--:--:--","1","25,0","00:43:54","00:45:33","32","48"
Cycling,2020-01-04 12:58:50,false,"Rusko Pyöräily","0,08","5","00:04:57,6","54","64","1,0","--","--","1,0","1,6","--","--","--","--","--","0,0","--","--","--","--","26,0","No","--:--:--","1","27,0","00:00:00","00:04:57,6","-19","-16"
Hiking,2020-01-02 14:09:01,false,"Rusko Patikointi","7,01","394","01:32:07","99","133","1,4","91","184","13:08","8:40","60","51","0,83","--","--","0,0","--","--","--","8.376","16,0","No","--:--:--","1","26,0","01:23:29","01:32:07","-36","-8"
Cross Country Skate Skiing,2019-12-31 11:04:33,false,"Sotkamo Cross Country Classic Skiing","27,56","1.295","03:01:27","126","159","3,1","70","239","9,1","35,9","377","409","2,16","--","--","0,0","--","--","--","8.984","8,0","No","00:21:53","4","24,0","02:41:48","03:29:03","122","239"
Cross Country Skate Skiing,2019-12-30 10:57:23,false,"Sotkamo Cross Country Classic Skiing","21,36","1.167","02:54:56","121","148","3,0","64","215","7,3","36,6","427","338","1,88","--","--","0,0","--","--","--","6.316","11,0","No","00:42:10","3","26,0","02:25:15","03:58:05","324","443"
Cross Country Skate Skiing,2019-12-29 16:30:22,false,"Sotkamo Cross Country Classic Skiing","10,17","624","01:41:14","111","147","2,4","54","204","6,0","28,5","147","147","1,87","--","--","0,0","--","--","--","3.534","12,0","No","00:00:01,5","6","22,0","01:22:56","01:41:14","281","323"
Walking,2019-12-27 14:11:09,false,"Rusko Kävely","7,55","424","01:25:11","106","140","1,4","105","125","11:17","8:59","44","51","0,84","--","--","0,0","--","--","--","9.124","--","No","--:--:--","1","24,0","01:22:42","01:25:11","36","66"
Walking,2019-12-26 12:13:19,false,"Rusko Kävely","7,60","359","01:20:13","100","125","1,4","114","186","10:33","8:26","58","64","0,83","--","--","0,0","--","--","--","9.104","13,0","No","--:--:--","1","26,0","01:20:12","01:22:23","9","39"
Walking,2019-12-25 10:59:04,false,"Rusko Kävely","6,70","201","01:04:46","83","111","1,1","118","234","9:40","8:40","28","32","0,87","--","--","0,0","--","--","--","7.628","14,0","No","--:--:--","1","26,0","01:04:45","01:04:46","31","51"
Other,2019-12-16 16:23:53,false,"Salibandy","0,00","316","01:06:30","100","143","2,0","--","--","--","--","--","--","--","--","--","0,0","--","--","--","--","24,0","No","--:--:--","1","28,0","00:00:00","01:06:30","--","18"
Other,2019-12-09 16:21:43,false,"Salibandy","0,00","299","01:08:54","97","135","1,7","--","--","--","--","--","--","--","--","--","0,0","--","--","--","--","25,0","No","--:--:--","1","28,0","00:00:00","01:08:54","10","34"
Hiking,2019-12-01 14:08:07,false,"Rusko Patikointi","4,11","321","00:49:42","116","147","2,2","106","122","12:06","8:21","31","26","0,78","--","--","0,0","--","--","--","5.350","8,0","No","--:--:--","1","23,0","00:49:42","00:49:42","8","29"
Other,2019-11-25 16:22:13,false,"Salibandy","0,00","297","01:08:54","97","130","1,4","--","--","--","--","--","--","--","--","--","0,0","--","--","--","--","24,0","No","--:--:--","1","28,0","00:00:00","01:08:54","-24","-7"
Hiking,2019-11-24 18:19:15,false,"Rusko Patikointi","3,28","186","00:37:49","102","118","1,2","108","129","11:32","8:26","43","44","0,81","--","--","0,0","--","--","--","4.098","16,0","No","--:--:--","1","27,0","00:37:28","00:37:49","8","20"
Other,2019-11-18 16:18:33,false,"Salibandy","0,00","392","01:13:53","105","138","1,9","--","--","--","--","--","--","--","--","--","0,0","--","--","--","--","24,0","No","--:--:--","1","30,0","00:00:00","01:13:53","-27","-15"
Hiking,2019-11-17 12:08:32,false,"Rusko Patikointi","2,85","194","00:49:39","91","158","1,2","73","140","17:24","9:27","21","32","0,79","--","--","0,0","--","--","--","3.538","17,0","No","--:--:--","1","24,0","00:35:51","00:49:39","15","32"
Other,2019-11-11 16:20:24,false,"Salibandy","0,00","449","01:08:06","119","157","2,2","--","--","--","--","--","--","--","--","--","0,0","--","--","--","--","22,0","No","00:00:03,3","3","25,0","00:00:00","01:20:27","-32","-28"
Other,2019-10-28 16:17:47,false,"Salibandy","0,00","380","01:14:59","104","156","2,0","--","--","--","--","--","--","--","--","--","0,0","--","--","--","--","24,0","No","--:--:--","1","29,0","00:00:00","01:14:59","-5","17"
Cycling,2019-10-22 17:07:21,false,"Turku Pyöräily","23,79","459","01:06:07","118","149","2,3","--","--","21,6","41,3","105","90","--","--","--","0,0","--","--","--","--","18,0","No","00:19:26","3","25,0","01:03:45","01:06:07","1","43"
Cycling,2019-10-22 07:07:02,false,"Rusko Pyöräily","23,67","593","01:10:59","131","168","2,8","--","--","20,0","29,9","177","120","--","--","--","0,0","--","--","--","--","16,0","No","00:23:19","3","27,0","01:09:51","01:10:59","1","51"
Other,2019-10-21 16:20:14,false,"Salibandy","0,00","321","01:13:07","97","132","1,9","--","--","--","--","--","--","--","--","--","0,0","--","--","--","--","24,0","No","--:--:--","1","28,0","00:00:00","01:13:07","-67","-47"
Running,2019-10-16 18:22:44,false,"Rusko Juoksu","6,13","513","00:49:09","141","200","3,4","153","177","8:01","4:50","131","46","0,81","--","--","0,0","--","--","--","7.516","15,0","No","00:10:56","4","29,0","00:47:56","00:49:09","-55","-3"
Other,2019-10-14 16:32:07,false,"Salibandy","0,00","313","01:01:34","101","139","1,6","--","--","--","--","--","--","--","--","--","0,0","--","--","--","--","26,0","No","--:--:--","1","29,0","00:00:00","01:01:34","-3","-3"
Cycling,2019-10-09 16:30:50,false,"Turku Pyöräily","23,78","529","01:12:43","120","145","2,4","--","--","19,6","38,2","104","97","--","--","--","0,0","--","--","--","--","17,0","No","00:22:11","3","26,0","01:07:49","01:12:43","-32","4"
Cycling,2019-10-09 07:03:12,false,"Rusko Pyöräily","23,75","561","01:13:24","123","152","2,6","--","--","19,4","30,6","93","130","--","--","--","0,0","--","--","--","--","8,0","No","00:21:37","3","26,0","01:07:14","01:13:24","-25","31"
Other,2019-10-07 16:25:03,false,"Salibandy","0,00","333","01:08:40","101","146","1,7","--","--","--","--","--","--","--","--","--","0,0","--","--","--","--","26,0","No","--:--:--","1","29,0","00:00:00","01:08:40","-38","-24"
Running,2019-10-06 19:20:09,false,"Rusko Juoksu","1,37","125","00:13:27","128","156","2,2","118","223","9:49","4:23","22","13","0,86","--","--","0,0","--","--","--","1.496","10,0","No","--:--:--","1","13,0","00:11:28","00:13:27","2","11"
Running,2019-10-06 18:50:37,false,"Rusko Juoksu","2,10","164","00:21:20","120","156","2,1","119","174","10:09","4:59","28","30","0,82","--","--","0,0","--","--","--","2.542","11,0","No","00:05:56,5","2","15,0","00:19:42","00:21:20","2","17"
Other,2019-09-30 16:25:20,false,"Salibandy pelaten","0,00","530","01:05:16","127","160","2,5","--","--","--","--","--","--","--","--","--","0,0","--","--","--","--","23,0","No","--:--:--","1","27,0","00:00:00","01:08:24","17","36"
Cycling,2019-09-28 18:27:00,false,"Rusko Pyöräily","30,55","536","01:21:34","117","149","2,2","--","--","22,5","35,0","123","124","--","--","--","0,0","--","--","--","--","13,0","No","00:16:42","4","26,0","01:21:33","01:21:34","13","51"
Cycling,2019-09-27 17:01:47,false,"Turku Pyöräily","23,76","490","01:05:34","123","147","2,4","--","--","21,7","40,0","113","96","--","--","--","0,0","--","--","--","--","16,0","No","00:20:34","3","27,0","01:03:53","01:05:34","1","41"
Cycling,2019-09-27 06:59:02,false,"Rusko Pyöräily","23,68","540","01:06:58","126","146","2,5","--","--","21,2","30,6","89","122","--","--","--","0,0","--","--","--","--","9,0","No","00:21:42","3","28,0","01:05:41","01:06:58","-2","53"
Running,2019-09-26 19:04:04,false,"Rusko Juoksu","6,09","507","00:46:54","139","167","3,4","154","172","7:42","5:05","48","45","0,84","--","--","0,0","--","--","--","7.142","13,0","No","00:10:30","4","29,0","00:45:45","00:46:54","40","64"
Other,2019-09-23 16:21:29,false,"Salibandy","0,00","344","01:10:28","99","129","1,7","--","--","--","--","--","--","--","--","--","0,0","--","--","--","--","27,0","No","--:--:--","1","28,0","00:00:00","01:10:28","-2","10"
Cycling,2019-09-20 16:02:06,false,"Turku Pyöräily","23,74","602","01:12:31","130","149","2,7","--","--","19,6","37,5","118","97","--","--","--","0,0","--","--","--","--","15,0","No","00:23:14","3","26,0","01:10:39","01:12:31","1","45"
Cycling,2019-09-20 07:07:31,false,"Rusko Pyöräily","23,70","596","01:05:52","130","182","3,3","--","--","21,6","31,3","99","122","--","--","--","0,0","--","--","--","--","8,0","No","00:21:15","3","27,0","01:04:26","01:05:52","6","54"
Cycling,2019-09-18 21:02:22,false,"Turku Pyöräily","23,81","589","01:07:12","133","171","2,8","--","--","21,3","34,2","105","100","--","--","--","0,0","--","--","--","--","17,0","No","00:21:20","3","24,0","01:06:35","01:07:12","-41","-8"
Cycling,2019-09-18 06:46:04,false,"Rusko Pyöräily","23,61","490","01:06:07","124","144","2,4","--","--","21,4","31,1","85","126","--","--","--","0,0","--","--","--","--","13,0","No","00:21:05","3","25,0","01:03:42","01:08:05","-26","37"
Indoor Cycling,2019-09-16 16:26:26,false,"Salibandy","0,00","382","01:05:09","109","145","1,6","--","--","--","--","--","--","--","--","--","0,0","--","--","--","--","28,0","No","--:--:--","1","30,0","00:00:00","01:05:09","-17","5"
Cycling,2019-09-10 17:34:04,false,"Turku Pyöräily","24,02","419","01:19:59","107","132","1,8","--","--","18,0","40,4","115","92","--","--","--","0,0","--","--","--","--","23,0","No","00:22:18","3","27,0","01:09:23","01:19:59","2","43"
Cycling,2019-09-10 07:02:12,false,"Rusko Pyöräily","23,70","486","01:03:43","122","152","2,4","--","--","22,3","32,0","89","122","--","--","--","0,0","--","--","--","--","17,0","No","00:20:17","3","28,0","01:01:29","01:03:43","-3","44"
Indoor Cycling,2019-09-09 16:25:56,false,"Salibandy","0,00","431","01:06:01","115","149","2,0","--","--","--","--","--","--","--","--","--","0,0","--","--","--","--","27,0","No","--:--:--","1","32,0","00:00:00","01:06:01","-25","-7"
Indoor Cycling,2019-09-02 16:25:08,false,"Sisäpyöräily","0,00","346","01:06:30","103","134","1,6","--","--","--","--","--","--","--","--","--","0,0","--","--","--","--","28,0","No","--:--:--","1","31,0","00:00:00","01:06:30","-6","13"
Cycling,2019-08-30 17:07:33,false,"Turku Pyöräily","23,78","467","01:06:09","120","146","2,4","--","--","21,6","43,7","108","94","--","--","--","0,0","--","--","--","--","23,0","No","00:20:09","3","26,0","01:03:06","01:06:09","0","37"
Cycling,2019-08-30 06:55:28,false,"Rusko Pyöräily","23,75","593","01:02:57","133","170","3,2","--","--","22,6","33,2","87","122","--","--","--","0,0","--","--","--","--","20,0","No","00:20:23","3","28,0","01:01:23","01:02:57","-3","49"
Cycling,2019-08-28 17:57:35,false,"Turku Pyöräily","23,77","538","01:02:19","127","159","3,1","--","--","22,9","43,1","115","98","--","--","--","0,0","--","--","--","--","25,0","No","00:19:19","3","29,0","01:01:10","01:02:19","1","43"
Cycling,2019-08-28 06:36:31,false,"Rusko Pyöräily","23,75","688","01:02:14","145","169","4,6","--","--","22,9","34,4","88","170","--","--","--","0,0","--","--","--","--","15,0","No","00:19:56","3","27,0","01:01:03","01:02:14","-42","12"
Other,2019-08-26 16:28:55,false,"Salibandy","0,00","498","01:03:42","123","157","2,6","--","--","--","--","--","--","--","--","--","0,0","--","--","--","--","29,0","No","--:--:--","1","32,0","00:00:00","01:03:42","-39","-26"
Hiking,2019-08-22 18:29:32,false,"Rusko Patikointi","0,56","47","00:09:10,5","96","119","1,1","67","157","16:18","10:05","1","16","0,92","--","--","0,0","--","--","--","756","23,0","No","--:--:--","1","24,0","00:07:35","00:09:10,5","-11","5"
Indoor Cycling,2019-08-19 16:26:05,false,"Salibandy","0,00","532","01:07:20","124","159","2,5","--","--","--","--","--","--","--","--","--","0,0","--","--","--","--","29,0","No","--:--:--","1","32,0","00:00:00","01:07:20","-33","-14"
Cycling,2019-08-16 16:47:22,false,"Turku Pyöräily","23,87","613","01:10:53","131","177","3,4","--","--","20,2","39,8","108","87","--","--","--","0,0","--","--","--","--","20,0","No","00:20:51","3","25,0","01:06:30","01:10:53","-19","22"
Cycling,2019-08-16 07:21:24,false,"Rusko Pyöräily","20,19","406","00:53:34","122","149","2,3","--","--","22,6","35,0","119","110","--","--","--","0,0","--","--","--","--","15,0","No","00:12:35","3","18,0","00:52:26","00:53:34","-22","34"
Cycling,2019-08-13 17:36:07,false,"Turku Pyöräily","25,66","529","01:31:41","112","134","2,0","--","--","16,8","41,1","121","104","--","--","--","0,0","--","--","--","--","22,0","No","00:04:44,8","4","28,0","01:17:53","01:31:41","-7","31"
Cycling,2019-08-13 07:47:47,false,"Rusko Pyöräily","23,77","637","01:04:55","136","157","3,4","--","--","22,0","31,3","89","121","--","--","--","0,0","--","--","--","--","19,0","No","00:20:53","3","27,0","01:03:04","01:04:55","-10","43"
Indoor Cycling,2019-08-12 16:37:23,false,"Salibandy","0,00","395","00:57:03","116","148","2,1","--","--","--","--","--","--","--","--","--","0,0","--","--","--","--","27,0","No","--:--:--","1","31,0","00:00:00","00:57:03","-16","-3"
Running,2019-08-09 18:33:45,false,"Rusko Juoksu","7,36","624","01:02:51","133","160","3,1","148","178","8:33","5:12","48","55","0,78","--","--","0,0","--","--","--","9.158","20,0","No","00:10:54","5","30,0","00:59:13","01:15:35","31","62"
Hiking,2019-08-06 12:29:08,false,"Rusko Patikointi","7,49","614","03:24:45","82","137","1,3","23","234","27:19","7:17","48","57","1,58","--","--","0,0","--","--","--","4.098","20,0","No","--:--:--","1","32,0","01:37:35","03:24:45","21","43"
Hiking,2019-08-05 19:01:55,false,"Espoo Patikointi","7,05","567","02:14:07","96","154","1,3","70","154","19:02","3:31","161","166","0,75","--","--","0,0","--","--","--","9.502","23,0","No","--:--:--","1","29,0","01:40:58","02:14:07","66","107"
Rowing,2019-08-02 15:18:50,false,"Turku Soutu","6.655","372","01:38:01.4","91","114","1,3","--","--","7:22","4:11","--","--","--","--","--","0,0","2759","--","--","--","25,0","No","--:--:--","1","31,0","01:34:50","01:38:01","--","--"
Hiking,2019-08-01 10:18:11,false,"Ulvila Patikointi","15,39","1.114","04:34:42","95","147","1,7","77","159","17:52","8:51","231","240","0,73","--","--","0,0","--","--","--","21.654","18,0","No","02:05:45","2","25,0","04:04:57","05:54:28","47","71"
Cycling,2019-07-23 15:17:26,false,"Masku Pyöräily","42,83","855","02:33:57","110","148","2,1","--","--","16,7","38,1","241","223","--","--","--","0,0","--","--","--","--","22,0","No","00:08:18,9","6","33,0","02:10:51","02:55:14","-4","71"
Cycling,2019-07-23 11:21:19,false,"Rusko Pyöräily","33,62","549","01:48:34","105","146","1,5","--","--","18,6","33,6","146","188","--","--","--","0,0","--","--","--","--","25,0","No","00:05:06,4","5","36,0","01:39:40","01:48:34","-2","51"
Hiking,2019-07-21 13:25:21,false,"Rusko Patikointi","5,30","605","02:44:54","89","137","1,3","27","156","31:06","1:16","83","33","1,17","--","--","0,0","--","--","--","1.708","28,0","No","--:--:--","1","33,0","01:00:28","02:44:54","-31","-17"
Hiking,2019-07-18 13:10:36,false,"Winchester Patikointi","13,69","896","04:46:33","82","143","1,2","49","160","20:56","1:24","204","99","0,98","--","--","0,0","--","--","--","15.526","25,0","No","01:49:23","2","31,0","03:17:05","06:03:28","0","39"
Hiking,2019-07-17 17:00:14,false,"Bournemouth Patikointi","9,60","629","02:47:16","89","151","1,3","65","164","17:25","0:51","154","119","0,87","--","--","0,0","--","--","--","12.024","21,0","No","00:15:16","2","28,0","02:10:22","04:26:45","-32","10"
Hiking,2019-07-17 12:39:29,false,"Purbeck Patikointi","3,95","456","01:25:46","105","150","1,8","61","159","21:44","3:02","260","305","0,76","--","--","0,0","--","--","--","5.644","23,0","No","--:--:--","1","30,0","01:08:43","02:42:21","-74","81"
Hiking,2019-07-16 15:49:28,false,"Bournemouth Patikointi","11,40","770","04:01:20","84","156","1,3","48","159","21:11","4:57","98","86","0,99","--","--","0,0","--","--","--","12.620","23,0","No","01:12:10","2","29,0","02:37:54","04:43:08","-53","2"
Hiking,2019-07-15 18:55:42,false,"Bath and North East Somerset Patikointi","4,80","249","01:09:18","86","129","1,1","73","148","14:26","6:10","18","17","0,94","--","--","0,0","--","--","--","5.456","27,0","No","--:--:--","1","31,0","01:03:21","01:09:18","-30","-23"
Hiking,2019-07-15 14:31:25,false,"Bath and North East Somerset Patikointi","12,59","516","03:38:12","74","123","1,1","28","158","17:21","4:50","68","77","2,30","--","--","0,0","--","--","--","6.796","26,0","No","00:00:39,6","4","35,0","02:45:08","03:38:12","-37","-8"
Hiking,2019-07-14 13:17:51,false,"Bath and North East Somerset Patikointi","6,79","557","02:40:22","86","134","1,2","41","159","23:38","7:52","119","120","1,02","--","--","0,0","--","--","--","7.652","27,0","No","--:--:--","1","33,0","01:50:57","02:55:06","-51","54"
Hiking,2019-07-13 12:00:01,false,"City of Westminster Patikointi","11,53","735","03:43:44","84","140","1,3","54","160","19:24","2:00","102","118","0,98","--","--","0,0","--","--","--","13.722","23,0","No","01:00:55","2","29,0","02:49:40","08:18:38","-71","56"
Hiking,2019-06-26 19:15:15,false,"Rusko Patikointi","2,44","158","00:26:29","106","148","1,3","108","167","10:51","5:22","11","1","0,85","--","--","0,0","--","--","--","2.922","18,0","No","--:--:--","1","18,0","00:25:16","00:26:29","14","25"
Hiking,2019-06-21 17:10:54,false,"Pöytyä Patikointi","24,15","1.720","06:05:20","101","166","2,2","83","157","15:07","6:10","150","186","0,79","--","--","0,0","--","--","--","31.074","19,0","No","00:00:05,5","4","30,0","05:15:51","06:45:12","-4","44"
Hiking,2019-06-16 19:45:23,false,"Rusko Patikointi","6,68","454","01:24:58","107","144","1,8","99","148","12:43","8:05","103","56","0,79","--","--","0,0","--","--","--","8.486","24,0","No","--:--:--","1","32,0","01:19:58","01:40:07","-11","12"
Cycling,2019-06-14 17:40:50,false,"Turku Pyöräily","18,38","307","00:58:58","102","136","1,6","--","--","18,7","37,5","125","74","--","--","--","0,0","--","--","--","--","17,0","No","00:08:37,2","3","25,0","00:57:21","00:58:58","-44","-7"
Cycling,2019-06-12 17:13:22,false,"Turku Pyöräily","5,72","172","00:21:49","117","136","1,9","--","--","15,7","27,6","27","32","--","--","--","0,0","--","--","--","--","24,0","No","--:--:--","1","25,0","00:19:17","00:21:49","-29","-14"
Cycling,2019-06-12 06:30:51,false,"Rusko Pyöräily","23,73","882","01:03:27","164","184","5,0","--","--","22,4","33,5","99","123","--","--","--","0,0","--","--","--","--","13,0","No","00:20:17","3","26,0","01:02:05","01:03:27","-43","1"
Hiking,2019-06-09 09:47:19,false,"Rusko Patikointi","7,26","299","01:24:47","84","136","1,1","105","246","11:41","7:19","63","70","0,82","--","--","0,0","--","--","--","8.840","22,0","No","--:--:--","1","29,0","01:19:41","01:42:18","4","33"
Cycling,2019-06-06 18:13:37,false,"Turku Pyöräily","23,76","368","01:08:30","105","128","1,5","--","--","20,8","37,2","108","86","--","--","--","0,0","--","--","--","--","27,0","No","00:20:12","3","33,0","01:08:08","01:08:30","-26","20"
Cycling,2019-06-06 07:47:56,false,"Rusko Pyöräily","24,06","395","01:07:54","106","139","1,7","--","--","21,3","31,9","89","136","--","--","--","0,0","--","--","--","--","24,0","No","00:21:29","3","29,0","01:05:32","01:17:11","-28","17"
Cycling,2019-05-31 16:06:12,false,"Turku Cycling","23,78","497","01:10:09","120","142","2,5","--","--","20,3","41,5","129","113","--","--","--","0,0","--","--","--","--","18,0","No","00:21:40","3","27,0","01:07:16","01:10:09","-14","29"
Cycling,2019-05-31 06:24:49,false,"Rusko Cycling","23,67","601","01:02:05","132","161","3,6","--","--","22,9","34,3","139","122","--","--","--","0,0","--","--","--","--","16,0","No","00:20:04","3","28,0","01:00:34","01:02:05","-10","49"
Running,2019-05-29 20:49:08,false,"Rusko Running","6,07","503","00:49:33","130","158","3,0","152","206","8:10","4:53","48","51","0,80","--","--","0,0","--","--","--","7.438","14,0","No","00:10:57","4","29,0","00:47:14","00:49:33","35","58"
Cycling,2019-05-23 17:06:21,false,"Turku Cycling","23,59","486","01:01:36","120","143","2,4","--","--","23,0","35,7","134","115","--","--","--","0,0","--","--","--","--","17,0","No","00:18:52","3","27,0","01:00:32","01:01:36","3","42"
Cycling,2019-05-23 07:03:51,false,"Rusko Cycling","23,71","458","01:02:16","117","139","2,3","--","--","22,9","34,6","88","118","--","--","--","0,0","--","--","--","--","18,0","No","00:20:16","3","27,0","01:00:44","01:02:16","1","51"
Other,2019-05-20 16:27:28,false,"Salibandy","0,00","420","01:03:28","112","148","1,8","--","--","--","--","--","--","--","--","--","0,0","--","--","--","--","28,0","No","--:--:--","1","31,0","00:00:00","01:03:28","8","23"
Running,2019-05-18 18:19:51,false,"Rusko Running","0,50","12","00:03:10,9","91","105","1,0","37","128","6:19","9:42","88","391","4,34","--","--","0,0","--","--","--","116","16,0","No","--:--:--","1","18,0","00:02:02","00:03:10,9","-216","59"
Cycling,2019-05-17 17:00:38,false,"Turku Cycling","23,79","538","01:09:20","122","140","2,4","--","--","20,6","41,7","119","99","--","--","--","0,0","--","--","--","--","25,0","No","00:20:51","3","29,0","01:05:24","01:13:44","6","49"
Cycling,2019-05-17 06:13:18,false,"Rusko Cycling","23,76","595","01:04:33","130","154","3,1","--","--","22,1","33,8","85","114","--","--","--","0,0","--","--","--","--","13,0","No","00:20:21","3","27,0","01:02:19","01:04:33","1","50"
Cycling,2019-05-14 17:03:44,false,"Turku Cycling","22,80","529","01:10:53","120","146","2,4","--","--","19,3","30,1","128","109","--","--","--","0,0","--","--","--","--","15,0","No","00:19:49","3","26,0","01:06:06","01:10:53","-16","33"
Cycling,2019-05-14 06:39:04,false,"Rusko Cycling","23,96","501","01:05:47","121","153","2,3","--","--","21,9","30,9","82","119","--","--","--","0,0","--","--","--","--","14,0","No","00:20:47","3","25,0","01:02:55","01:05:47","-15","42"
Other,2019-05-13 16:26:41,false,"Salibandy","0,00","500","01:02:51","120","139","2,4","--","--","--","--","--","--","--","--","--","0,0","--","--","--","--","22,0","No","--:--:--","1","27,0","00:00:00","01:02:51","-2","6"
Cycling,2019-05-08 18:40:34,false,"Rusko Cycling","22,14","644","00:57:29","140","158","3,8","--","--","23,1","39,2","104","115","--","--","--","0,0","--","--","--","--","12,0","No","00:15:48","3","28,0","00:57:17","00:57:29","24","51"
Other,2019-05-06 16:43:10,false,"Salibandy","0,00","381","00:48:29","118","144","2,2","--","--","--","--","--","--","--","--","--","0,0","--","--","--","--","27,0","No","--:--:--","1","29,0","00:00:00","00:48:29","-3","8"
Running,2019-05-04 18:11:48,false,"Rusko Running","4,32","356","00:36:15","126","153","2,6","146","211","8:23","4:23","32","29","0,81","--","--","0,0","--","--","--","5.350","13,0","No","00:11:38","3","26,0","00:34:20","00:36:15","38","56"
Cycling,2019-04-30 15:08:57,false,"Turku Cycling","23,76","567","01:02:02","128","154","3,0","--","--","23,0","37,1","121","93","--","--","--","0,0","--","--","--","--","18,0","No","00:18:31","3","26,0","00:59:43","01:03:56","4","52"
Cycling,2019-04-30 07:04:00,false,"Rusko Cycling","23,82","505","01:03:51","121","150","2,3","--","--","22,4","34,8","85","114","--","--","--","0,0","--","--","--","--","17,0","No","00:20:25","3","28,0","01:01:28","01:03:51","1","54"
Other,2019-04-29 16:24:27,false,"Salibandy","0,00","261","01:06:37","87","126","1,3","--","--","--","--","--","--","--","--","--","0,0","--","--","--","--","28,0","No","--:--:--","1","29,0","00:00:00","01:06:37","-3","6"
Cycling,2019-04-28 18:32:30,false,"Rusko Cycling","15,73","312","00:41:48","115","131","2,0","--","--","22,6","30,8","55","54","--","--","--","0,0","--","--","--","--","18,0","No","00:19:46","2","28,0","00:41:43","00:41:48","39","51"
Cycling,2019-04-25 17:47:07,false,"Turku Cycling","23,82","361","01:11:33","101","138","1,5","--","--","20,0","40,0","112","180","--","--","--","0,0","--","--","--","--","21,0","No","00:22:18","3","29,0","01:07:58","01:11:33","17","56"
Cycling,2019-04-25 08:08:50,false,"Rusko Cycling","20,77","584","00:58:56","133","154","3,0","--","--","21,2","35,1","93","113","--","--","--","0,0","--","--","--","--","16,0","No","00:17:24","3","22,0","00:57:39","00:58:56","13","65"
Cycling,2019-04-22 13:05:59,false,"Rusko Cycling","37,66","688","01:52:25","114","148","2,6","--","--","20,1","43,0","185","190","--","--","--","0,0","--","--","--","--","17,0","No","00:14:14","5","27,0","01:45:58","02:18:15","8","56"
Cycling,2019-04-19 17:59:57,false,"Rusko Cycling","20,10","514","01:00:14","125","154","2,3","--","--","20,0","32,4","107","115","--","--","--","0,0","--","--","--","--","17,0","No","00:09:28,8","3","27,0","00:52:45","01:00:14","25","50"
Other,2019-04-08 16:21:07,false,"Salibandy","0,00","317","01:09:07","94","130","1,5","--","--","--","--","--","--","--","--","--","0,0","--","--","--","--","24,0","No","--:--:--","1","27,0","00:00:00","01:09:07","65","71"
Other,2019-04-07 13:30:55,false,"Salibandy","0,00","798","01:23:56","133","165","3,2","--","--","--","--","--","--","--","--","--","0,0","--","--","--","--","26,0","No","--:--:--","1","31,0","00:00:00","01:23:56","49","55"
Other,2019-04-06 17:34:40,false,"Salibandy","0,00","160","00:18:41","118","139","2,0","--","--","--","--","--","--","--","--","--","0,0","--","--","--","--","26,0","No","--:--:--","1","29,0","00:00:00","00:18:41","10","10"
Other,2019-04-06 13:53:03,false,"Salibandy","0,00","231","00:24:32","125","144","2,2","--","--","--","--","--","--","--","--","--","0,0","--","--","--","--","28,0","No","--:--:--","1","29,0","00:00:00","00:24:32","-5","-5"
Other,2019-04-06 13:12:13,false,"Salibandy","0,00","317","00:32:52","125","150","2,5","--","--","--","--","--","--","--","--","--","0,0","--","--","--","--","27,0","No","--:--:--","1","30,0","00:00:00","00:32:52","-9","-3"
Running,2019-04-04 17:40:16,false,"Kautranta","6,92","512","00:47:54","131","151","3,2","162","171","6:55","5:23","28","29","0,89","--","--","0,0","--","--","--","7.760","16,0","No","00:03:31,7","5","27,0","00:47:34","00:47:54","33","51"
Other,2019-04-03 20:16:11,false,"Salibandy","0,00","504","01:27:02","108","146","1,8","--","--","--","--","--","--","--","--","--","0,0","--","--","--","--","25,0","No","--:--:--","1","29,0","00:00:00","01:27:05","16","32"
Running,2019-04-02 17:40:06,false,"Kautranta","6,90","526","00:44:21","143","155","4,1","166","173","6:26","5:35","21","27","0,94","--","--","0,0","--","--","--","7.372","13,0","No","00:03:20,7","5","28,0","00:43:47","00:44:21","33","50"
Other,2019-04-01 16:24:17,false,"Salibandy","0,00","355","01:06:53","103","142","1,8","--","--","--","--","--","--","--","--","--","0,0","--","--","--","--","26,0","No","--:--:--","1","28,0","00:00:00","01:06:53","-8","-3"
Running,2019-03-29 17:46:40,false,"Kautranta","6,86","540","00:47:33","138","155","3,9","162","170","6:56","5:35","24","28","0,89","--","--","0,0","--","--","--","7.710","15,0","No","00:03:12,5","5","27,0","00:46:58","00:47:33","34","52"
Cycling,2019-03-28 16:13:45,false,"Turku Pyöräily","6,65","152","00:30:13","98","123","1,2","--","--","13,2","29,1","33","30","--","--","--","0,0","--","--","--","--","18,0","No","--:--:--","1","28,0","00:23:22","00:30:13","-25","-0"
Indoor Cycling,2019-03-27 20:14:05,false,"Salibandy","0,00","493","01:02:12","124","163","2,3","--","--","--","--","--","--","--","--","--","0,0","--","--","--","--","24,0","No","--:--:--","1","30,0","00:00:00","01:02:12","-15","-10"
Running,2019-03-26 17:44:25,false,"Kautranta","6,87","531","00:47:00","140","155","4,2","162","168","6:51","5:28","16","27","0,90","--","--","0,0","--","--","--","7.612","18,0","No","00:03:24,4","5","27,0","00:46:35","00:47:00","29","45"
Other,2019-03-25 16:19:09,false,"Salibandy","0,00","361","01:12:48","101","133","1,8","--","--","--","--","--","--","--","--","--","0,0","--","--","--","--","26,0","No","--:--:--","1","28,0","00:00:00","01:12:48","3","17"
Running,2019-03-24 11:59:42,false,"Kautranta","6,85","519","00:49:06","137","159","3,9","162","173","7:10","4:57","38","46","0,86","--","--","0,0","--","--","--","7.986","11,0","No","00:03:19,1","5","29,0","00:48:39","00:49:06","30","51"
Running,2019-03-22 18:01:36,false,"Kautranta","6,85","558","00:53:45","133","154","3,8","157","166","7:51","5:54","17","40","0,81","--","--","0,0","--","--","--","8.418","13,0","No","00:03:27,8","5","28,0","00:53:29","00:53:45","-74","-60"
Other,2019-03-18 18:51:49,false,"Salibandy","0,00","52","00:06:54,3","112","123","1,4","--","--","--","--","--","--","--","--","--","0,0","--","--","--","--","27,0","No","--:--:--","1","28,0","00:00:00","00:06:54,3","65","65"
Other,2019-03-18 18:38:23,false,"Salibandy","0,00","18","00:03:02,7","100","114","1,1","--","--","--","--","--","--","--","--","--","0,0","--","--","--","--","30,0","No","--:--:--","1","31,0","00:00:00","00:03:02,7","65","65"
Other,2019-03-18 18:05:55,false,"Salibandy","0,00","30","00:03:43,9","121","150","1,5","--","--","--","--","--","--","--","--","--","0,0","--","--","--","--","28,0","No","--:--:--","1","28,0","00:00:00","00:03:43,9","65","65"
Other,2019-03-16 09:26:54,false,"Salibandy","0,00","85","00:33:51","73","132","1,1","--","--","--","--","--","--","--","--","--","0,0","--","--","--","--","27,0","No","--:--:--","1","29,0","00:00:00","00:33:51","75","75"
Other,2019-03-13 20:22:57,false,"Salibandy","0,00","413","01:16:19","106","151","1,6","--","--","--","--","--","--","--","--","--","0,0","--","--","--","--","26,0","No","--:--:--","1","30,0","00:00:00","01:16:19","-22","-7"
Other,2019-03-11 16:19:37,false,"Salibandy","0,00","519","01:12:03","124","151","3,0","--","--","--","--","--","--","--","--","--","0,0","--","--","--","--","24,0","No","--:--:--","1","30,0","00:00:00","01:12:03","-11","11"
Cross Country Skate Skiing,2019-03-07 18:14:05,false,"Vahdon pururata","3,78","305","00:27:06","144","162","3,6","67","239","8,4","25,2","53","53","2,08","--","--","0,0","--","--","--","1.154","12,0","No","--:--:--","1","15,0","00:26:19","00:27:06","-14","-2"
Cross Country Skate Skiing,2019-03-01 17:33:22,false,"Minna hiihto vahto","6,93","342","00:46:23","118","151","2,8","93","184","9,0","32,4","85","88","1,61","--","--","0,0","--","--","--","3.794","22,0","No","00:00:02,2","3","27,0","00:42:38","00:46:25","-50","-31"
Cross Country Classic Skiing,2019-02-24 13:52:04,false,"Rusko M.hiihto","1,28","36","00:11:16","83","99","1,0","49","144","6,8","96,8","3","4","2,33","--","--","0,0","--","--","--","300","19,0","No","--:--:--","1","26,0","00:08:01","00:11:16","29","32"
Cross Country Classic Skiing,2019-02-23 11:26:28,false,"Rusko M.hiihto","7,55","301","01:14:43","93","126","1,2","58","159","6,1","13,4","17","17","1,75","--","--","0,0","--","--","--","1.646","16,0","No","--:--:--","1","20,0","01:05:04","01:14:43","-7","3"
Cross Country Classic Skiing,2019-02-22 13:18:45,false,"Rusko M.hiihto","10,02","306","00:39:05","114","147","2,7","99","236","15,4","24,2","7","11","2,65","--","--","0,0","--","--","--","2.324","21,0","No","00:31:58","2","24,0","00:35:49","00:39:05","17","27"
Cross Country Classic Skiing,2019-02-21 12:21:40,false,"Rusko M.hiihto","7,08","282","01:15:33","89","117","1,2","45","203","5,6","14,1","5","108","2,09","--","--","0,0","--","--","--","960","24,0","No","--:--:--","1","28,0","01:00:11","01:32:40","18","34"
Skating,2019-02-20 14:14:04,false,"Luistelu Vahdolla","5,03","103","00:33:30","80","100","1,1","38","143","9,0","12,7","26","37","3,96","--","--","0,0","--","--","--","846","15,0","No","--:--:--","1","24,0","00:32:30","00:33:30","62","70"
Other,2019-02-18 10:43:43,false,"Köyliönjärvi kelkkailu","2,23","85","00:19:46","90","121","1,1","5","189","6,8","13,0","7","26","24,75","--","--","0,0","--","--","--","54","11,0","No","--:--:--","1","21,0","00:16:54","00:19:46","40","44"
Cross Country Classic Skiing,2019-02-17 11:36:01,false,"Rusko M.hiihto","6,95","287","00:42:12","114","145","2,0","77","192","9,9","16,5","5","17","2,14","--","--","0,0","--","--","--","1.614","20,0","No","--:--:--","1","24,0","00:41:02","00:42:12","33","48"
Cross Country Classic Skiing,2019-02-17 10:40:31,false,"Rusko M.hiihto","2,23","97","00:19:43","96","126","1,2","52","155","6,8","17,5","1","9","2,17","--","--","0,0","--","--","--","550","24,0","No","--:--:--","1","26,0","00:15:19","00:19:43","52","61"
Other,2019-02-16 15:58:38,false,"Salibandy","0,00","556","01:19:18","121","160","2,4","--","--","--","--","--","--","--","--","--","0,0","--","--","--","--","28,0","No","--:--:--","1","30,0","00:00:00","01:19:18","1","7"
Other,2019-02-16 12:59:22,false,"Salibandy","0,00","552","01:06:36","127","160","2,7","--","--","--","--","--","--","--","--","--","0,0","--","--","--","--","29,0","No","--:--:--","1","30,0","00:00:00","01:06:36","-11","-5"
Other,2019-02-13 20:20:07,false,"Salibandy","0,00","544","01:20:07","121","156","3,0","--","--","--","--","--","--","--","--","--","0,0","--","--","--","--","24,0","No","--:--:--","1","29,0","00:00:00","01:20:07","0","19"
Skating,2019-02-13 18:30:04,false,"Kupittaa luistelu","8,97","174","00:31:25","102","166","1,5","47","157","17,1","22,7","8","12","6,04","--","--","0,0","--","--","--","1.654","18,0","No","00:05:23,8","6","20,0","00:31:10","00:31:25","14","20"
Other,2019-02-11 16:22:18,false,"Salibandy","0,00","410","01:09:03","109","144","1,8","--","--","--","--","--","--","--","--","--","0,0","--","--","--","--","24,0","No","--:--:--","1","30,0","00:00:00","01:09:03","-113","-97"
Other,2019-02-04 16:25:26,false,"Salibandy","0,00","330","01:06:27","101","150","1,7","--","--","--","--","--","--","--","--","--","0,0","--","--","--","--","23,0","No","--:--:--","1","28,0","00:00:00","01:06:27","-122","-108"
Cross Country Classic Skiing,2019-02-02 10:52:46,false,"Rusko M.hiihto","8,38","496","00:48:59","138","161","3,9","75","164","10,3","37,0","93","112","2,27","--","--","0,0","--","--","--","3.270","12,0","No","00:10:26","5","16,0","00:47:16","00:48:59","-62","-41"
Cross Country Skate Skiing,2019-01-31 19:39:19,false,"Rusko M.hiihto","6,41","340","00:37:05","127","150","3,2","86","228","10,4","34,4","73","87","2,02","--","--","0,0","--","--","--","2.334","18,0","No","00:10:19","4","23,0","00:35:58","00:37:05","-54","-32"
Other,2019-01-30 20:29:29,false,"Salibandy","0,00","454","01:11:51","116","173","2,3","--","--","--","--","--","--","--","--","--","0,0","--","--","--","--","25,0","No","--:--:--","1","28,0","00:00:00","01:11:51","-84","-66"
Other,2019-01-28 16:21:15,false,"Salibandy","0,00","413","01:07:13","114","137","2,2","--","--","--","--","--","--","--","--","--","0,0","--","--","--","--","21,0","No","--:--:--","1","28,0","00:00:00","01:07:13","-48","-41"
Cross Country Skate Skiing,2019-01-25 19:08:05,false,"Rusko M.hiihto","3,76","217","00:26:41","117","140","2,4","79","197","8,5","38,6","54","54","1,79","--","--","0,0","--","--","--","1.672","10,0","No","--:--:--","2","22,0","00:25:24","00:26:41","-30","-17"
Cross Country Skate Skiing,2019-01-22 17:58:21,false,"Rusko M.hiihto","7,64","115","00:43:55","131","156","1,0","76","174","10,4","33,2","101","97","2,31","--","--","0,0","--","--","--","2.682","6,0","No","--:--:--","4","15,0","00:42:57","00:43:55","-16","-2"
Other,2019-01-21 16:30:17,false,"Salibandy","0,00","345","00:59:36","108","142","1,6","--","--","--","--","--","--","--","--","--","0,0","--","--","--","--","24,0","No","--:--:--","1","29,0","00:00:00","00:59:36","-66","-54"
Cross Country Skate Skiing,2019-01-19 10:40:35,false,"Rusko M.hiihto","7,47","483","00:45:20","139","162","4,1","83","180","9,9","99,2","94","100","2,01","--","--","0,0","--","--","--","3.384","15,0","No","--:--:--","4","23,0","00:44:02","00:45:20","-7","9"
Other,2019-01-16 20:48:23,false,"Salibandy","1,52","423","01:03:17","114","146","2,2","28","197","1,4","50,4","200","4","0,87","--","--","0,0","--","--","--","452","26,0","No","--:--:--","1","30,0","00:11:40","01:03:17","8","9"
Cross Country Skate Skiing,2019-01-15 18:34:37,false,"Vahdon pururata","7,54","69","00:45:22","130","162","1,0","76","185","10,0","31,5","95","97","2,19","--","--","0,0","--","--","--","2.884","10,0","No","--:--:--","5","24,0","00:40:47","00:45:22","25","37"
Other,2019-01-14 16:24:26,false,"Salibandy","0,00","324","01:04:51","101","139","1,5","--","--","--","--","--","--","--","--","--","0,0","--","--","--","--","23,0","No","--:--:--","1","29,0","00:00:00","01:04:51","-11","8"
Cross Country Skate Skiing,2019-01-13 18:20:28,false,"Vahdon pururata","7,48","458","00:44:32","135","164","3,8","77","241","10,1","32,7","97","99","2,18","--","--","0,0","--","--","--","2.334","20,0","No","--:--:--","1","25,0","00:43:24","00:44:32","44","56"
Cross Country Skate Skiing,2019-01-12 10:46:57,false,"Vahdon pururata","7,45","429","00:42:30","134","163","3,8","66","202","10,5","81,5","96","99","2,66","--","--","0,0","--","--","--","2.008","15,0","No","--:--:--","1","22,0","00:41:58","00:42:30","38","49"
Cross Country Skate Skiing,2019-01-10 19:02:17,false,"Vahdon pururata","5,82","202","00:42:31","139","159","1,0","76","204","8,2","30,3","81","76","1,80","--","--","0,0","--","--","--","1.984","20,0","No","--:--:--","1","23,0","00:40:26","00:42:31","32","45"
Other,2019-01-09 20:27:22,false,"Salibandy","0,00","714","01:11:10","139","162","3,7","--","--","--","--","--","--","--","--","--","0,0","--","--","--","--","26,0","No","--:--:--","1","31,0","00:00:00","01:11:10","-39","-16"
Other,2019-01-07 16:23:15,false,"Salibandy","0,00","414","01:08:37","112","144","2,2","--","--","--","--","--","--","--","--","--","0,0","--","--","--","--","24,0","No","--:--:--","1","30,0","00:00:00","01:08:37","2","12"
Cross Country Skate Skiing,2019-01-06 13:04:15,false,"Vahto pururata hiihto","5,74","361","00:43:52","122","154","3,0","55","182","7,9","30,7","72","76","2,75","--","--","0,0","--","--","--","1.614","13,0","No","--:--:--","8","19,0","00:34:09","00:43:52","34","45"
Cross Country Classic Skiing,2019-01-05 17:50:32,false,"Vahto urheilu kenttä hiihto","0,39","25","00:04:27,7","99","108","1,1","48","121","5,2","10,3","--","1","1,81","--","--","0,0","--","--","--","246","15,0","No","--:--:--","1","18,0","00:02:22","00:04:27,7","42","43"
Cross Country Skate Skiing,2019-01-05 17:11:40,false,"Vahto pururata hiihto","5,59","172","00:37:26","96","111","1,2","65","226","9,0","28,6","72","76","2,32","--","--","0,0","--","--","--","1.446","16,0","No","--:--:--","5","22,0","00:36:40","00:37:28","50","61"
Running,2018-12-30 17:44:22,false,"Vahto juoksu Turkuun päin","6,31","508","00:51:58","131","153","3,4","158","173","8:14","5:21","13","27","0,77","--","--","0,0","--","--","--","8.226","12,0","No","--:--:--","4","26,0","00:51:57","00:51:58","18","31"
Walking,2018-12-30 12:03:09,false,"Vahto kaatislenkki","8,12","461","01:49:19","96","135","1,3","93","188","13:28","8:05","54","57","0,80","--","--","0,0","--","--","--","10.466","12,0","No","--:--:--","2","25,0","01:38:35","01:49:19","37","66"
Walking,2018-12-28 17:44:22,false,"Hemmolan lenkki","4,65","169","00:54:12","82","103","1,1","105","240","11:39","6:27","24","25","0,82","--","--","0,0","--","--","--","5.662","20,0","No","--:--:--","3","27,0","00:53:26","00:54:12","-5","10"
Skating,2018-12-26 11:48:51,false,"Vahto jäällä","8,60","293","01:11:46","95","118","1,2","36","158","7,2","32,5","153","85","3,24","--","--","0,0","--","--","--","1.138","18,0","No","--:--:--","6","29,0","01:06:09","01:11:46","-34","31"
Walking,2018-12-23 13:07:47,false,"Kävely","2,07","84","00:23:33","84","115","1,1","111","120","11:22","8:45","11","9","0,79","--","--","0,0","--","--","--","2.618","14,0","No","--:--:--","1","18,0","00:23:21","00:23:33","-1","9"
Other,2018-12-19 20:15:16,false,"Salibandy","0,00","592","01:24:40","121","154","2,5","--","--","--","--","--","--","--","--","--","0,0","--","--","--","--","23,0","No","--:--:--","1","31,0","00:00:00","01:24:40","-71","-58"
Other,2018-12-17 16:22:52,false,"Salibandy","0,00","418","01:08:55","113","137","2,0","--","--","--","--","--","--","--","--","--","0,0","--","--","--","--","23,0","No","--:--:--","1","30,0","00:00:00","01:08:55","-69","-51"
Other,2018-12-12 20:15:24,false,"Salibandy","0,00","522","01:24:59","115","135","2,2","--","--","--","--","--","--","--","--","--","0,0","--","--","--","--","20,0","No","--:--:--","1","30,0","00:00:00","01:24:59","-82","-69"
Skating,2018-12-12 18:43:51,false,"Kupittaa luistelu","11,80","231","00:46:45","101","122","1,4","59","157","15,1","22,4","19","90","4,29","--","--","0,0","--","--","--","2.702","11,0","No","--:--:--","2","20,0","00:43:12","00:46:45","-69","-61"
Other,2018-12-10 16:21:16,false,"Salibandy","0,00","342","01:08:38","104","140","2,4","--","--","--","--","--","--","--","--","--","0,0","--","--","--","--","23,0","No","--:--:--","1","29,0","00:00:00","01:08:38","-42","-21"
Other,2018-11-26 16:24:44,false,"Salibandy","0,00","298","01:07:05","96","144","1,5","--","--","--","--","--","--","--","--","--","0,0","--","--","--","--","24,0","No","--:--:--","1","28,0","00:00:00","01:07:05","-9","6"
Hiking,2018-11-25 10:10:34,false,"Rusko Patikointi","7,30","210","01:20:48","77","112","1,2","108","156","11:04","7:04","58","59","0,84","--","--","0,0","--","--","--","8.812","9,0","No","--:--:--","1","26,0","01:17:43","01:20:53","40","64"
Other,2018-11-24 15:30:59,false,"Salibandy","0,00","842","01:44:44","129","172","3,9","--","--","--","--","--","--","--","--","--","0,0","--","--","--","--","25,0","No","--:--:--","1","31,0","00:00:00","01:44:44","-27","-11"
Other,2018-11-19 16:29:33,false,"Salibandy","0,00","340","01:01:08","108","134","1,9","--","--","--","--","--","--","--","--","--","0,0","--","--","--","--","22,0","No","--:--:--","1","28,0","00:00:00","01:01:08","-51","-40"
Other,2018-11-12 16:22:33,false,"Salibandy","0,00","399","01:08:41","109","139","2,2","--","--","--","--","--","--","--","--","--","0,0","--","--","--","--","23,0","No","--:--:--","1","29,0","00:00:00","01:08:41","-20","-11"
Running,2018-11-07 17:48:22,true,"Vahto juoksu","6,10","422","00:47:28","130","153","3,1","150","185","7:47","5:20","42","47","0,86","--","--","0,0","--","--","--","7.116","13,0","No","--:--:--","1","28,0","00:45:00","00:47:30","35","53"
Other,2018-11-05 16:22:35,false,"Salibandy","0,00","387","01:08:11","110","141","2,1","--","--","--","--","--","--","--","--","--","0,0","--","--","--","--","24,0","No","--:--:--","1","30,0","00:00:00","01:08:11","-14","-2"
Hiking,2018-11-03 14:40:32,false,"Rusko Patikointi","5,35","325","00:54:24","105","133","2,1","115","124","10:11","8:53","13","25","0,85","--","--","0,0","--","--","--","6.300","16,0","No","--:--:--","1","28,0","00:54:10","00:54:24","17","37"
Running,2018-11-02 19:02:46,false,"Rusko Juoksu","6,14","456","00:50:09","127","148","3,0","149","175","8:10","5:27","44","52","0,82","--","--","0,0","--","--","--","7.424","13,0","No","--:--:--","4","27,0","00:47:56","00:50:12","34","52"
Running,2018-10-31 19:32:19,false,"Rusko Juoksu","6,21","498","00:50:12","135","160","3,6","149","177","8:05","5:22","51","59","0,82","--","--","0,0","--","--","--","7.416","16,0","No","--:--:--","4","28,0","00:48:12","00:50:12","34","51"
Other,2018-10-29 16:24:55,false,"Salibandy","0,00","335","01:05:59","105","137","2,1","--","--","--","--","--","--","--","--","--","0,0","--","--","--","--","22,0","No","--:--:--","1","29,0","00:00:00","01:05:59","-82","-73"
Other,2018-10-22 16:20:48,false,"Salibandy","0,00","425","01:11:03","115","143","2,5","--","--","--","--","--","--","--","--","--","0,0","--","--","--","--","26,0","No","--:--:--","1","30,0","00:00:00","01:11:03","-5","12"
Running,2018-10-20 15:36:41,false,"Rusko Juoksu","7,30","539","01:00:49","128","166","3,0","153","177","8:20","4:52","57","124","0,79","--","--","0,0","--","--","--","9.330","14,0","No","--:--:--","5","27,0","00:59:41","01:05:12","40","62"
Other,2018-10-08 16:28:00,false,"Salibandy","0,00","402","01:04:10","112","158","2,4","--","--","--","--","--","--","--","--","--","0,0","--","--","--","--","26,0","No","--:--:--","1","30,0","00:00:00","01:04:10","-45","-34"
Running,2018-10-05 18:08:19,false,"Rusko Juoksu","6,01","439","00:43:26","136","160","3,5","162","178","7:13","4:16","136","41","0,85","--","--","0,0","--","--","--","7.012","12,0","No","--:--:--","4","26,0","00:43:36","00:48:28","-8","17"
Other,2018-10-01 16:22:23,false,"Salibandy","0,00","328","01:09:38","101","131","2,0","--","--","--","--","--","--","--","--","--","0,0","--","--","--","--","27,0","No","--:--:--","1","30,0","00:00:00","01:09:38","8","16"
Hiking,2018-09-30 15:19:42,false,"Rusko Patikointi","8,30","264","01:26:58","82","130","1,2","38","236","10:28","1:14","47","64","2,47","--","--","0,0","--","--","--","3.282","22,0","No","--:--:--","2","25,0","01:04:02","01:26:58","42","86"
Hiking,2018-09-30 11:07:46,false,"Kuhankuono Patikointi","6,76","287","01:58:56","75","110","1,0","74","199","17:36","6:26","127","45","0,77","--","--","0,0","--","--","--","9.164","19,0","No","--:--:--","1","25,0","01:43:28","02:32:54","78","92"
Running,2018-09-20 17:52:47,false,"Rusko Juoksu","7,27","563","00:54:01","138","164","3,8","160","181","7:26","4:18","62","55","0,84","--","--","0,0","--","--","--","8.600","19,0","No","--:--:--","5","28,0","00:54:00","00:59:09","42","62"
Other,2018-09-17 16:26:51,false,"Salibandy","0,00","431","01:02:30","119","144","2,2","--","--","--","--","--","--","--","--","--","0,0","--","--","--","--","28,0","No","--:--:--","1","31,0","00:00:00","01:02:30","-7","13"
Hiking,2018-09-16 18:04:43,false,"Rusko Patikointi","6,92","542","01:33:42","114","182","3,2","93","232","13:33","8:21","48","52","0,79","--","--","0,0","--","--","--","8.726","17,0","No","--:--:--","1","27,0","01:25:57","01:33:42","39","65"
Hiking,2018-09-15 16:53:31,false,"Rusko Patikointi","1,18","95","00:33:13","79","98","1,0","47","160","28:06","11:36","19","18","0,75","--","--","0,0","--","--","--","1.480","24,0","No","--:--:--","1","27,0","00:30:26","00:33:13","61","71"
Running,2018-09-14 18:20:39,true,"Rusko Juoksu","7,27","533","00:56:38","132","159","3,4","158","185","7:48","4:20","54","51","0,81","--","--","0,0","--","--","--","8.910","17,0","No","--:--:--","5","26,0","00:56:38","01:01:42","40","62"
Hiking,2018-09-13 19:19:19,false,"Rusko Patikointi","6,17","313","02:22:16","72","134","1,3","35","167","23:03","2:11","29","55","1,23","--","--","0,0","--","--","--","5.152","19,0","No","--:--:--","1","30,0","00:59:20","02:22:16","76","95"
Other,2018-09-10 16:23:01,false,"Salibandy","1,53","305","01:08:41","98","143","1,4","35","235","1,3","18,6","5","12","0,65","--","--","0,0","--","--","--","932","29,0","No","--:--:--","1","31,0","00:17:44","01:08:41","7","19"
Hiking,2018-09-09 19:12:16,false,"Rusko Patikointi","3,10","183","00:43:01","93","136","1,3","88","123","13:52","9:36","22","24","0,82","--","--","0,0","--","--","--","3.730","23,0","No","--:--:--","1","26,0","00:38:35","00:43:01","37","55"
Hiking,2018-09-07 19:18:21,false,"Rusko Patikointi","5,83","380","01:03:27","112","158","2,3","112","226","10:53","4:59","38","42","0,82","--","--","0,0","--","--","--","7.108","18,0","No","--:--:--","1","28,0","01:02:57","01:15:27","38","63"
Running,2018-09-06 18:11:51,false,"Rusko Juoksu","6,01","434","00:43:50","132","153","3,3","160","181","7:18","2:22","45","94","0,86","--","--","0,0","--","--","--","7.006","20,0","No","--:--:--","4","28,0","00:43:49","00:49:32","37","63"
Running,2018-09-05 17:48:27,false,"Rusko Juoksu","7,23","549","00:56:49","141","161","4,0","157","174","7:52","4:29","54","49","0,81","--","--","0,0","--","--","--","8.918","21,0","No","--:--:--","5","27,0","00:56:33","01:02:05","42","63"
Hiking,2018-09-03 16:50:09,false,"Turku Patikointi","1,35","182","00:41:04","93","139","1,6","28","246","30:25","7:23","3","105","1,18","--","--","0,0","--","--","--","508","29,0","No","--:--:--","1","31,0","00:15:36","00:41:04","7","15"
Hiking,2018-09-01 19:32:41,false,"Rusko Patikointi","8,10","356","01:34:29","94","140","1,2","53","160","11:40","1:14","45","61","1,61","--","--","0,0","--","--","--","5.898","25,0","No","--:--:--","2","28,0","01:26:30","01:34:29","33","64"
Running,2018-08-30 17:44:39,false,"Kaatopaikka lenkki","7,29","523","00:54:51","136","163","3,5","159","183","7:31","4:58","58","81","0,83","--","--","0,0","--","--","--","8.746","21,0","No","--:--:--","5","29,0","00:54:49","01:00:12","40","64"
Hiking,2018-08-29 18:37:19,false,"Rusko Patikointi","6,30","294","01:33:35","85","152","1,2","86","235","14:50","4:32","60","58","0,79","--","--","0,0","--","--","--","8.300","23,0","No","--:--:--","1","30,0","01:23:09","01:33:35","17","48"
Treadmill Running,2018-08-27 16:29:30,false,"Juoksumattojuoksu","1,10","325","01:01:42","108","152","1,6","31","211","55:56","3:06","--","10","0,58","--","--","0,0","--","--","--","736","28,0","No","--:--:--","1","30,0","00:12:57","01:01:42","-3","-3"
Running,2018-08-26 17:38:39,false,"Rusko Juoksu","6,04","495","00:47:54","146","169","4,4","156","182","7:56","4:20","91","38","0,81","--","--","0,0","--","--","--","7.494","20,0","No","--:--:--","4","26,0","00:47:53","00:52:52","40","65"
Running,2018-08-24 19:07:47,false,"Rusko Juoksu","7,24","612","00:55:54","153","168","5,0","160","188","7:43","4:51","55","49","0,81","--","--","0,0","--","--","--","8.904","21,0","No","--:--:--","5","27,0","00:56:02","01:00:56","33","55"
Other,2018-08-20 17:09:33,false,"Salibandy","0,36","150","00:24:52","108","147","1,8","25","150","0,9","10,8","1","9","0,59","--","--","0,0","--","--","--","388","30,0","No","--:--:--","1","31,0","00:03:32","00:24:52","-9","3"
Hiking,2018-08-18 12:59:04,false,"Savojärvi","4,20","387","01:43:22","92","156","1,4","49","232","24:37","2:32","36","31","0,82","--","--","0,0","--","--","--","6.220","25,0","No","--:--:--","1","29,0","01:17:15","02:14:26","47","62"
Hiking,2018-08-18 11:22:21,false,"Savojärvi","3,17","374","01:01:39","113","156","2,1","59","159","19:27","10:31","21","24","0,87","--","--","0,0","--","--","--","4.396","24,0","No","--:--:--","1","27,0","00:56:52","01:01:39","51","59"
Other,2018-08-13 16:25:36,false,"Salibandy","1,36","405","01:08:19","112","155","2,1","34","227","1,2","12,0","4","15","0,58","--","--","0,0","--","--","--","1.076","29,0","No","--:--:--","1","32,0","00:15:20","01:08:19","-4","10"
Running,2018-08-09 18:33:03,false,"Rusko Juoksu","7,26","503","00:55:56","136","162","3,7","158","182","7:42","4:50","50","45","0,82","--","--","0,0","--","--","--","8.810","23,0","No","--:--:--","5","30,0","00:55:54","01:11:08","39","65"
Rowing,2018-08-07 15:26:59,false,"Eura Soutu","3.096","167","53:07.6","85","109","1,1","--","--","8:35","5:13","--","--","--","--","--","0,0","1027","--","--","--","22,0","No","--:--:--","1","30,0","00:48:08","00:53:08","--","--"
Rowing,2018-08-07 13:16:10,false,"Eura Soutu","2.876","225","58:19.3","94","124","1,2","--","--","10:08","5:41","--","--","--","--","--","0,0","1124","--","--","--","23,0","No","--:--:--","1","29,0","00:48:28","00:58:19","--","--"
Running,2018-08-06 18:40:42,false,"Rusko Juoksu","7,19","660","00:59:40","156","172","5,0","153","180","8:18","4:19","53","52","0,79","--","--","0,0","--","--","--","9.138","19,0","No","--:--:--","5","28,0","00:58:59","01:15:36","32","58"
Hiking,2018-08-04 18:57:49,false,"Rusko Patikointi","2,66","212","00:53:09","94","129","1,3","67","193","19:58","11:10","29","20","0,75","--","--","0,0","--","--","--","4.094","22,0","No","--:--:--","2","24,0","00:50:56","00:53:09","49","66"
Hiking,2018-08-04 17:46:43,false,"Nousiainen Patikointi","3,12","269","01:08:08","95","141","1,6","67","160","21:51","9:18","17","28","0,69","--","--","0,0","--","--","--","4.718","23,0","No","--:--:--","1","29,0","01:02:09","01:08:08","37","55"
Rowing,2018-08-01 14:33:58,false,"Kouvola Soutu","5.277","297","01:46:31.7","81","104","1,1","--","--","10:05","0:15","--","--","--","--","--","0,0","1678","--","--","--","28,0","No","--:--:--","1","39,0","01:17:25","01:54:20","--","--"
Rowing,2018-08-01 13:14:41,false,"Kouvola Soutu","2.130","121","41:47.8","81","104","1,1","--","--","9:49","3:06","--","--","--","--","--","0,0","508","--","--","--","30,0","No","--:--:--","1","34,0","00:28:15","00:41:49","--","--"
Rowing,2018-08-01 11:10:42,false,"Kouvola Soutu","2.043","139","47:39.3","82","107","1,1","--","--","11:39","5:21","--","--","--","--","--","0,0","637","--","--","--","30,0","No","--:--:--","1","35,0","00:27:53","01:05:29","--","--"
Rowing,2018-07-31 12:59:58,false,"Loimaa Soutu","2.034","173","33:28.2","103","137","1,5","--","--","8:14","4:54","--","--","--","--","--","0,0","810","--","--","--","31,0","No","--:--:--","1","35,0","00:29:48","00:33:28","--","--"
Rowing,2018-07-28 15:38:16,false,"Lieto Soutu","1.076","87","19:54.2","96","106","1,2","--","--","9:15","5:41","--","--","--","--","--","0,0","443","--","--","--","28,0","No","--:--:--","1","35,0","00:16:59","00:19:54","--","--"
Hiking,2018-07-26 20:03:30,false,"Tammela Patikointi","2,07","172","00:42:01","95","145","1,6","69","160","20:18","9:59","42","62","0,72","--","--","0,0","--","--","--","3.106","28,0","No","--:--:--","1","29,0","00:38:31","00:42:01","87","117"
Open Water Swimming,2018-07-24 12:24:40,false,"Raisio melonta","2.375","514","00:58:06","--","--","--","--","--","2:27","1:06","--","--","--","--","--","0,0","510","42","8","--","29,0","No","--:--:--","1","32,0","00:42:17","00:58:06","--","--"
Running,2018-07-23 20:11:28,false,"Rusko Juoksu","3,47","359","00:32:16","155","173","4,1","135","176","9:19","4:24","23","86","0,80","--","--","0,0","--","--","--","4.410","23,0","No","--:--:--","3","27,0","00:29:14","00:32:16","41","111"
Running,2018-07-23 19:21:01,false,"Rusko Juoksu","3,69","306","00:30:06","138","155","3,0","157","164","8:10","6:15","28","9","0,78","--","--","0,0","--","--","--","4.722","26,0","No","--:--:--","3","31,0","00:30:10","00:30:06","91","116"
Hiking,2018-07-21 19:37:41,false,"Nousiainen Patikointi","8,11","605","02:16:20","103","165","2,9","63","160","16:49","1:05","48","64","0,93","--","--","0,0","--","--","--","8.588","24,0","No","--:--:--","2","30,0","02:02:29","02:16:20","102","121"
Hiking,2018-07-09 18:52:47,false,"Rusko Patikointi","8,02","432","01:54:52","91","138","1,3","44","160","14:19","0:52","31","40","1,59","--","--","0,0","--","--","--","4.854","26,0","No","--:--:--","1","30,0","01:16:48","01:54:52","104","127"
Hiking,2018-07-03 13:31:16,false,"Wroclaw Patikointi","0,48","33","00:12:47","75","99","1,0","17","119","26:48","6:51","4","3","2,16","--","--","0,0","--","--","--","270","28,0","No","--:--:--","1","31,0","00:07:21","00:12:47","147","150"
Hiking,2018-07-03 12:01:17,false,"Wroclaw Patikointi","2,05","136","00:35:51","87","142","1,4","25","119","17:32","7:52","6","56","2,28","--","--","0,0","--","--","--","976","28,0","No","--:--:--","1","31,0","00:27:01","00:43:40","144","148"
Hiking,2018-06-30 18:44:27,false,"Rothenburg ob der Tauber Patikointi","2,36","183","00:46:22","90","129","1,2","62","160","19:41","1:49","91","131","0,82","--","--","0,0","--","--","--","3.272","27,0","No","--:--:--","1","30,0","00:41:46","00:46:22","370","459"
Hiking,2018-06-30 14:59:47,false,"Rothenburg ob der Tauber Patikointi","8,63","568","02:59:21","83","152","1,2","41","160","20:47","5:07","101","154","1,18","--","--","0,0","--","--","--","8.770","28,0","No","--:--:--","2","33,0","02:14:26","03:11:34","434","461"
Hiking,2018-06-29 20:35:51,false,"Regensburg Patikointi","1,53","109","00:30:26","85","142","1,2","38","158","19:53","7:10","5","2","1,32","--","--","0,0","--","--","--","1.738","29,0","No","--:--:--","1","30,0","00:24:08","00:30:26","359","362"
Hiking,2018-06-29 18:34:49,false,"Regensburg Patikointi","1,78","106","00:52:35","70","134","1,1","5","118","29:33","7:38","--","1","6,75","--","--","0,0","--","--","--","346","29,0","No","--:--:--","1","32,0","00:07:57","00:52:35","360","364"
Hiking,2018-06-29 15:18:41,false,"Regensburg Patikointi","8,81","530","02:52:29","82","144","1,7","38","159","19:35","2:15","46","35","1,38","--","--","0,0","--","--","--","7.912","28,0","No","--:--:--","2","32,0","02:07:35","03:00:38","351","363"
Hiking,2018-06-23 13:47:38,false,"Rusko Patikointi","9,02","600","02:01:35","94","131","1,7","90","157","13:29","7:07","62","69","0,82","--","--","0,0","--","--","--","11.222","18,0","No","--:--:--","2","28,0","01:47:42","02:08:27","61","91"
Cycling,2018-06-14 16:44:23,false,"Turku Pyöräily","23,36","593","01:03:46","121","157","3,4","--","--","22,0","41,9","112","90","--","--","--","0,0","--","--","--","--","25,0","No","--:--:--","3","28,0","01:00:57","01:03:46","36","84"
Cycling,2018-06-14 07:24:11,false,"Rusko Pyöräily","22,90","665","01:09:41","126","149","3,2","--","--","19,7","32,3","84","112","--","--","--","0,0","--","--","--","--","16,0","No","--:--:--","3","27,0","01:06:57","01:09:41","32","80"
Hiking,2018-06-09 16:33:20,false,"Rusko Patikointi","7,41","897","01:28:03","131","169","4,1","105","210","11:53","6:34","51","98","0,80","--","--","0,0","--","--","--","9.196","21,0","No","--:--:--","1","27,0","01:23:57","01:28:03","69","90"
Cycling,2018-06-08 16:16:04,false,"Turku Pyöräily","23,92","694","01:20:59","123","149","3,3","--","--","17,7","39,1","797","778","--","--","--","0,0","--","--","--","--","20,0","No","--:--:--","3","25,0","01:16:15","01:20:59","-91","73"
Cycling,2018-06-08 07:26:13,false,"Rusko Pyöräily","23,58","639","01:06:28","125","156","3,6","--","--","21,3","36,2","85","111","--","--","--","0,0","--","--","--","--","17,0","No","--:--:--","3","27,0","01:03:51","01:06:28","30","76"
Cycling,2018-06-06 16:46:35,false,"Turku Pyöräily","23,46","722","01:22:14","125","157","3,3","--","--","17,1","38,1","115","103","--","--","--","0,0","--","--","--","--","16,0","No","--:--:--","3","26,0","01:18:50","01:22:14","24","66"
Cycling,2018-06-06 06:42:07,false,"Rusko Pyöräily","23,64","642","01:07:16","128","158","3,5","--","--","21,1","35,9","88","120","--","--","--","0,0","--","--","--","--","15,0","No","--:--:--","3","27,0","01:04:57","01:07:16","23","75"
Hiking,2018-05-25 19:09:48,false,"Patikointi","4,01","386","00:42:24","120","172","3,3","108","239","10:35","8:28","5","26","0,88","--","--","0,0","--","--","--","4.636","24,0","No","--:--:--","1","27,0","00:42:21","00:42:26","-91","-65"
Walking,2018-05-25 18:12:34,false,"Kävely","3,60","210","00:38:52","94","135","1,4","105","218","10:48","8:35","41","22","0,88","--","--","0,0","--","--","--","4.194","27,0","No","--:--:--","1","29,0","00:38:45","00:38:52","-91","-65"
Walking,2018-05-24 16:59:07,false,"Kävely","6,84","591","01:12:11","118","158","3,0","9","123","10:33","10:05","485","468","11,07","--","--","0,0","--","--","--","30","24,0","No","--:--:--","2","30,0","01:11:57","01:12:11","-205","-69"
Cycling,2018-05-24 16:56:07,false,"Pyöräily","0,00","14","00:02:25,8","92","120","1,0","--","--","--","--","--","--","--","--","--","0,0","--","--","--","--","26,0","No","--:--:--","1","27,0","00:00:00","00:02:25,8","-107","-103"
Running,2018-05-24 07:04:01,false,"Juoksu","6,10","610","01:04:49","125","166","3,6","12","118","10:38","10:16","84","114","8,89","--","--","0,0","--","--","--","768","17,0","No","--:--:--","7","29,0","01:04:39","01:04:49","-124","-71"
Running,2018-05-23 17:29:09,false,"Juoksu","0,29","21","00:03:15,5","98","118","1,1","90","115","11:14","10:23","10","--","0,99","--","--","0,0","--","--","--","304","28,0","No","--:--:--","1","29,0","00:02:55","00:03:15,5","-111","-101"
Cycling,2018-05-23 17:26:44,false,"Pyöräily","0,00","12","00:01:53,2","100","112","1,1","--","--","--","--","--","--","--","--","--","0,0","--","--","--","--","27,0","No","--:--:--","1","28,0","00:00:00","00:01:53,2","-114","-113"
Walking,2018-05-23 17:10:37,false,"Kävely","1,03","61","00:09:59,8","96","109","1,2","119","126","9:43","9:15","--","9","0,86","--","--","0,0","--","--","--","1.190","26,0","No","--:--:--","1","28,0","00:09:47","00:09:59,8","-114","-104"
Cycling,2018-05-22 17:20:19,false,"Pyöräily","0,00","53","00:06:34,3","107","122","1,4","--","--","--","--","--","--","--","--","--","0,0","--","--","--","--","25,0","No","--:--:--","1","27,0","00:00:00","00:06:34,3","-98","-85"
Cycling,2018-05-21 16:47:58,false,"Pyöräily","0,00","209","00:41:10","93","126","1,2","--","--","--","--","--","--","--","--","--","0,0","--","--","--","--","31,0","No","--:--:--","1","32,0","00:00:00","00:41:10","54","59"
Cycling,2018-05-16 17:38:13,false,"Pyöräily","0,00","554","01:26:41","109","141","2,0","--","--","--","--","--","--","--","--","--","0,0","--","--","--","--","26,0","No","--:--:--","1","30,0","00:00:00","01:26:41","32","74"
Cycling,2018-05-16 07:12:03,false,"Pyöräily","0,00","573","01:08:29","120","158","2,4","--","--","--","--","--","--","--","--","--","0,0","--","--","--","--","23,0","No","--:--:--","1","26,0","00:00:00","01:08:29","32","81"
Cycling,2018-05-15 16:38:35,false,"Pyöräily","0,00","597","01:13:04","121","155","3,0","--","--","--","--","--","--","--","--","--","0,0","--","--","--","--","29,0","No","--:--:--","1","34,0","00:00:00","01:13:04","36","76"
Cycling,2018-05-15 07:09:18,false,"Pyöräily","0,00","595","01:03:16","124","153","3,0","--","--","--","--","--","--","--","--","--","0,0","--","--","--","--","21,0","No","--:--:--","1","28,0","00:00:00","01:03:16","32","79"
Hiking,2018-05-14 16:21:56,false,"Patikointi","7,32","335","01:08:15","95","145","1,4","28","226","9:19","5:44","3","105","3,82","--","--","0,0","--","--","--","894","30,0","No","--:--:--","2","33,0","01:08:13","01:08:15","31","39"
Running,2018-05-13 16:39:51,false,"Juoksu","1,83","66","00:20:49","75","91","1,0","101","117","11:23","10:31","--","--","0,87","--","--","0,0","--","--","--","2.204","29,0","No","--:--:--","2","30,0","00:20:41","00:20:49","23","24"
Cycling,2018-05-11 15:40:49,false,"Pyöräily","0,00","477","01:09:44","109","142","2,3","--","--","--","--","--","--","--","--","--","0,0","--","--","--","--","25,0","No","--:--:--","1","30,0","00:00:00","01:09:44","-22","59"
Cycling,2018-05-11 07:32:00,false,"Pyöräily","0,00","674","01:09:48","127","154","3,3","--","--","--","--","--","--","--","--","--","0,0","--","--","--","--","18,0","No","--:--:--","1","27,0","00:00:00","01:09:48","22","78"
Cycling,2018-05-08 18:22:31,false,"Pyöräily","23,50","605","01:05:40","124","164","3,0","--","--","21,5","--","--","--","--","--","--","0,0","--","--","--","--","23,0","No","--:--:--","1","27,0","00:00:00","01:05:40","31","87"
Cycling,2018-05-08 07:08:03,false,"Pyöräily","23,50","663","01:06:04","128","153","3,6","--","--","21,3","--","--","--","--","--","--","0,0","--","--","--","--","19,0","No","--:--:--","1","28,0","00:00:00","01:06:04","26","76"
Cycling,2018-05-06 18:02:14,false,"Pyöräily papumäki lenkki","20,00","546","01:03:03","121","154","3,0","7","119","19,0","5,9","85","195","14,06","--","--","0,0","--","--","--","54","20,0","No","--:--:--","2","29,0","01:01:06","01:03:03","62","86"
Running,2018-05-06 10:38:01,false,"Juoksu","6,00","480","00:45:16","132","160","3,5","160","179","7:33","4:23","50","41","1,13","--","--","0,0","--","--","--","7.238","19,0","No","--:--:--","9","28,0","00:45:08","00:49:09","66","95"
Cycling,2018-05-05 17:51:57,false,"Pyöräily","16,00","296","00:51:48","99","132","1,7","--","--","18,5","--","--","--","--","--","--","0,0","--","--","--","--","20,0","No","--:--:--","1","28,0","00:00:00","00:51:48","50","79"
Cycling,2018-05-05 15:09:11,false,"Pyöräily","16,00","383","01:25:33","92","127","1,3","--","--","11,2","--","--","--","--","--","--","0,0","--","--","--","--","19,0","No","--:--:--","1","31,0","00:00:00","01:25:35","48","83"
Cycling,2018-05-03 15:18:58,false,"Pyörä töistä","23,00","459","01:06:44","111","151","2,1","6","115","20,7","5,7","335","300","19,18","6","115","0,0","--","--","--","404","20,0","No","--:--:--","7","24,0","01:06:26","01:06:45","-10","99"
Cycling,2018-05-03 15:00:20,false,"Pyöräily","1,00","169","00:18:13","118","135","2,2","--","--","3,3","--","--","--","--","--","--","0,0","--","--","--","--","24,0","No","--:--:--","1","28,0","00:00:00","00:18:13","50","64"
Cycling,2018-05-03 07:03:37,false,"Pyöräily","23,50","624","01:10:45","120","150","3,5","--","--","19,9","--","--","--","--","--","--","0,0","--","--","--","--","11,0","No","--:--:--","1","26,0","00:00:00","01:10:45","48","103"
Hiking,2018-04-30 17:28:21,false,"Patikointi","4,11","285","00:46:22","103","133","1,8","96","233","11:18","7:02","29","32","0,92","--","--","0,0","--","--","--","4.728","21,0","No","--:--:--","1","27,0","00:46:20","00:46:22","110","124"
Cycling,2018-04-29 18:19:57,false,"Pyöräily","0,00","90","00:09:03,4","121","128","2,0","--","--","--","--","--","--","--","--","--","0,0","--","--","--","--","14,0","No","--:--:--","1","16,0","00:00:00","00:09:03,4","99","110"
Running,2018-04-29 17:18:07,false,"Juoksu","7,00","589","00:48:17","144","168","5,0","158","179","6:54","4:30","49","45","1,11","--","--","0,0","--","--","--","7.578","15,0","No","--:--:--","9","26,0","00:48:16","00:52:19","106","131"
Cycling,2018-04-26 17:10:29,false,"Pyöräily","23,50","550","01:21:04","113","141","3,0","--","--","17,4","--","--","--","--","--","--","0,0","--","--","--","--","14,0","No","--:--:--","1","28,0","00:00:00","01:21:04","82","123"
Cycling,2018-04-26 06:35:03,false,"Pyöräily","23,50","751","01:09:51","133","151","4,1","--","--","20,2","--","--","--","--","--","--","0,0","--","--","--","--","8,0","No","--:--:--","1","22,0","00:00:00","01:09:51","87","139"
Cycling,2018-04-26 06:30:21,false,"Pyöräily","0,00","38","00:04:19,3","113","141","1,4","--","--","--","--","--","--","--","--","--","0,0","--","--","--","--","21,0","No","--:--:--","1","27,0","00:00:00","00:04:19,3","130","133"
Running,2018-04-25 17:38:02,false,"Juoksu","6,00","457","00:44:50","128","157","3,5","161","181","7:28","4:30","53","43","1,10","--","--","0,0","--","--","--","7.192","15,0","No","--:--:--","8","26,0","00:44:40","00:48:36","121","149"
Other,2018-04-23 16:27:08,false,"Salibandy","6,59","394","01:03:24","102","153","2,2","33","226","6,2","10,5","7","4","3,11","--","--","0,0","--","--","--","886","27,0","No","--:--:--","2","31,0","01:03:23","01:03:24","77","83"
Hiking,2018-04-22 20:06:24,false,"Patikointi","3,81","231","00:41:29","97","126","1,5","94","123","10:54","10:16","38","42","0,98","--","--","0,0","--","--","--","3.818","19,0","No","--:--:--","1","30,0","00:41:24","00:41:29","102","119"
Running,2018-04-22 12:08:00,false,"Juoksu","6,80","573","00:45:02","150","166","5,0","168","175","6:37","4:54","14","25","1,12","--","--","0,0","--","--","--","7.554","15,0","No","--:--:--","9","28,0","00:45:01","00:45:02","102","116"
Cycling,2018-04-21 10:44:00,false,"Pyöräily","21,00","564","01:55:43","101","156","1,7","--","--","10,9","--","--","--","--","--","--","0,0","--","--","--","--","15,0","No","--:--:--","1","28,0","00:00:00","01:55:43","155","197"
Cycling,2018-04-19 16:58:00,false,"Pyöräily","23,50","578","01:29:19","119","158","2,7","--","--","15,8","--","--","--","--","--","--","0,0","--","--","--","--","18,0","No","--:--:--","1","28,0","00:00:00","01:29:19","81","195"
Cycling,2018-04-19 08:00:00,false,"Pyöräily","23,50","616","01:04:58","132","162","3,1","--","--","21,7","--","--","--","--","--","--","0,0","--","--","--","--","15,0","No","--:--:--","1","25,0","00:00:00","01:04:58","134","187"
Other,2018-04-16 16:24:49,false,"Salibandi","0,00","343","01:06:48","102","140","1,4","--","--","--","--","--","--","--","--","--","0,0","--","--","--","--","27,0","No","--:--:--","1","31,0","00:00:00","01:06:48","159","167"
Cycling,2018-04-15 11:03:20,false,"Pyöräily","0,00","258","00:51:58","98","134","1,3","--","--","--","--","--","--","--","--","--","0,0","--","--","--","--","18,0","No","--:--:--","1","26,0","00:00:00","00:52:01","181","200"
Running,2018-04-12 17:46:00,false,"Juoksu","7,00","570","00:51:59","140","166","3,8","159","235","7:26","5:24","15","259","1,05","--","--","0,0","--","--","--","8.240","19,0","No","--:--:--","6","28,0","00:51:52","00:51:59","168","183"
Other,2018-04-09 16:22:18,false,"Salibandi","0,00","486","01:08:59","117","173","2,1","--","--","--","--","--","--","--","--","--","0,0","--","--","--","--","26,0","No","--:--:--","1","32,0","00:00:00","01:08:59","151","151"
Hiking,2018-03-30 13:56:06,false,"Patikointi","10,99","390","02:09:47","80","108","1,1","65","145","11:48","8:19","48","40","1,32","--","--","0,0","--","--","--","9.846","17,0","No","--:--:--","2","28,0","02:09:37","02:09:47","147","165"
Cycling,2018-03-30 10:34:27,false,"Pyöräily","0,00","93","00:20:41","91","112","1,1","--","--","--","--","--","--","--","--","--","0,0","--","--","--","--","18,0","No","--:--:--","1","22,0","00:00:00","00:20:41","115","144"
Trail Running,2018-03-30 10:24:53,false,"Maastojuoksu","0,82","35","00:09:05,1","84","98","1,0","27","115","11:01","8:56","5","1","3,39","--","--","0,0","--","--","--","110","18,0","No","--:--:--","1","22,0","00:08:53","00:09:05,1","139","144"
Other,2018-03-26 16:14:24,false,"Salibandi","0,00","274","01:14:16","87","139","1,3","--","--","--","--","--","--","--","--","--","0,0","--","--","--","--","26,0","No","--:--:--","1","31,0","00:00:00","01:14:16","75","88"
Walking,2018-03-18 13:21:58,false,"Kävely","4,38","227","00:53:53","92","114","1,4","108","119","12:19","10:16","28","32","0,75","--","--","0,0","--","--","--","5.852","18,0","No","--:--:--","1","28,0","00:53:50","00:53:53","121","136"
Other,2018-03-12 16:17:44,false,"Salibandi","0,00","316","01:13:16","92","144","1,5","--","--","--","--","--","--","--","--","--","0,0","--","--","--","--","23,0","No","--:--:--","1","29,0","00:00:00","01:13:16","86","90"
Running,2018-03-11 12:44:55,false,"Juoksu","1,85","80","00:21:09","85","107","1,1","11","115","11:26","9:36","--","1","9,93","--","--","0,0","--","--","--","144","14,0","No","--:--:--","2","18,0","00:21:04","00:21:09","90","92"
Running,2018-03-11 12:38:16,false,"Juoksu","0,31","10","00:02:34,9","84","89","1,0","44","143","8:15","6:11","--","--","2,73","--","--","0,0","--","--","--","122","15,0","No","--:--:--","1","16,0","00:02:31","00:02:34,9","91","93"
Cross Country Classic Skiing,2018-03-11 12:01:32,false,"M.hiihto","0,00","131","00:22:48","102","129","1,3","93","159","--","--","--","--","0,00","--","--","0,0","--","--","--","950","15,0","No","--:--:--","1","22,0","00:00:00","00:22:48","91","95"
Other,2018-03-10 11:49:35,false,"Salibandi","0,00","697","01:18:57","130","175","2,8","--","--","--","--","--","--","--","--","--","0,0","--","--","--","--","27,0","No","--:--:--","1","31,0","00:00:00","01:18:57","62","62"
Other,2018-03-10 09:42:38,false,"Salibandi","0,00","668","01:16:54","129","176","2,8","--","--","--","--","--","--","--","--","--","0,0","--","--","--","--","27,0","No","--:--:--","1","31,0","00:00:00","01:16:54","56","67"
Cross Country Classic Skiing,2018-03-07 17:54:01,false,"Rusko M.hiihto","9,37","236","00:46:26","101","121","1,2","80","208","12,1","168,4","113","116","2,54","--","--","0,0","--","--","--","4.148","8,0","No","--:--:--","2","24,0","00:45:49","00:46:26","105","119"
Other,2018-03-05 16:28:30,false,"Salibandi","0,00","355","01:03:23","104","152","1,6","--","--","--","--","--","--","--","--","--","0,0","--","--","--","--","26,0","No","--:--:--","1","30,0","00:00:00","01:03:23","63","75"
Cross Country Classic Skiing,2018-03-04 13:52:14,false,"Naantali M.hiihto","9,75","176","01:03:45","77","103","1,1","54","173","9,2","25,8","9","38","2,88","--","--","0,0","--","--","--","3.314","19,0","No","--:--:--","2","24,0","00:58:45","01:03:45","54","61"
Other,2018-02-26 17:19:26,false,"Salibandi","0,00","297","01:11:17","92","135","1,3","--","--","--","--","--","--","--","--","--","0,0","--","--","--","--","25,0","No","--:--:--","1","29,0","00:00:00","01:11:17","11","27"
Cross Country Classic Skiing,2018-02-24 15:58:32,false,"Rusko M.hiihto","9,31","209","00:46:44","94","129","1,2","79","208","12,0","44,5","123","129","2,53","--","--","0,0","--","--","--","3.192","7,0","No","--:--:--","2","23,0","00:46:18","00:46:44","46","60"
Cross Country Classic Skiing,2018-02-21 11:56:17,false,"Luosto M.hiihto","33,82","1.737","03:54:04","133","179","3,5","70","229","8,7","32,9","521","594","2,08","--","--","0,0","--","--","--","16.728","13,0","No","--:--:--","5","27,0","03:24:09","04:04:09","161","353"
Cross Country Classic Skiing,2018-02-20 17:15:07,false,"Luosto M.hiihto","13,28","695","01:28:25","125","198","3,3","69","159","9,0","33,8","187","190","2,20","--","--","0,0","--","--","--","6.856","14,0","No","--:--:--","2","26,0","01:18:29","01:28:25","164","261"
Cross Country Classic Skiing,2018-02-19 13:20:38,false,"Luosto M.hiihto","25,01","1.139","03:30:26","112","158","2,5","61","191","7,1","41,0","392","400","1,95","--","--","0,0","--","--","--","12.912","10,0","No","--:--:--","4","28,0","02:41:08","03:53:34","207","330"
Cross Country Classic Skiing,2018-02-18 17:17:55,false,"Luosto M.hiihto","9,84","529","01:07:11","124","165","3,0","67","173","8,8","36,8","168","168","2,20","--","--","0,0","--","--","--","4.940","11,0","No","--:--:--","2","28,0","00:58:53","01:07:11","246","337"
Other,2018-02-12 17:16:11,false,"Salibandi","0,00","299","01:15:20","89","151","1,5","--","--","--","--","--","--","--","--","--","0,0","--","--","--","--","23,0","No","--:--:--","1","30,0","00:00:00","01:15:20","51","51"
Cross Country Skate Skiing,2018-02-10 16:38:21,false,"Vahto M.hiihto","9,91","430","00:59:24","117","150","2,2","72","238","10,0","32,3","136","136","2,33","--","--","0,0","--","--","--","4.450","11,0","No","--:--:--","2","26,0","00:57:30","00:59:51","44","57"
Cross Country Skate Skiing,2018-02-08 18:17:37,false,"Vahto M.hiihto","8,12","328","00:52:39","106","154","2,4","74","163","9,2","31,3","114","111","2,11","--","--","0,0","--","--","--","3.860","12,0","No","--:--:--","2","25,0","00:50:35","00:52:41","369","380"
Cross Country Skate Skiing,2018-02-07 19:14:10,false,"Vahto hiihto","4,48","178","00:40:02","93","126","1,2","68","159","6,7","28,2","58","343","1,67","--","--","0,0","--","--","--","1.968","10,0","No","--:--:--","3","17,0","00:38:23","00:40:03","345","356"
Other,2018-02-05 17:20:16,false,"Salibandi","0,00","401","01:54:36","89","150","1,6","--","--","--","--","--","--","--","--","--","0,0","--","--","--","--","24,0","No","--:--:--","1","30,0","00:00:00","01:54:36","295","341"
Elliptical,2018-02-04 19:01:38,false,"Salibandi","0,00","245","01:01:55","89","122","1,2","--","--","--","--","--","--","--","--","--","0,0","--","--","--","--","25,0","No","--:--:--","1","28,0","00:00:00","01:01:55","329","332"
Cross Country Skate Skiing,2018-02-03 17:09:52,false,"Vahto Hiihto/laut.","7,62","373","00:45:22","91","121","1,0","--","--","8,8","28,3","--","13","--","--","--","0,0","--","--","--","--","11,0","No","--:--:--","1","17,0","00:31:22","00:34:56","340","352"
Running,2018-01-31 19:42:13,false,"Vahto Juoksu","7,12","497","00:51:26","134","166","3,3","162","171","7:13","5:21","16","13","0,86","--","--","0,0","--","--","--","8.334","8,0","No","--:--:--","5","27,0","00:50:57","00:51:31","356","372"
Other,2018-01-29 17:23:03,false,"Turku Jrun","3,01","284","01:07:53","94","140","1,2","--","--","2,7","72,8","7","5","--","--","--","0,0","--","--","--","--","24,0","No","--:--:--","1","31,0","00:30:04","01:07:53","338","345"
Running,2018-01-28 17:48:05,false,"Vahto Juoksu","6,81","524","00:50:35","140","160","3,5","162","171","7:25","5:51","21","25","0,83","--","--","0,0","--","--","--","8.184","10,0","No","--:--:--","5","27,0","00:50:31","00:50:36","359","375"
Running,2018-01-27 16:36:18,false,"Vahto Juoksu","7,69","575","01:01:10","133","164","3,6","151","169","7:57","2:55","35","43","0,84","--","--","0,0","--","--","--","9.170","17,0","No","--:--:--","5","27,0","00:58:05","01:01:11","359","388"
Running,2018-01-25 20:45:49,false,"Vahto Juoksu","7,16","588","00:53:59","143","167","4,3","159","171","7:32","4:55","13","26","0,83","--","--","0,0","--","--","--","8.550","15,0","No","--:--:--","5","27,0","00:53:34","00:54:01","297","310"
Other,2018-01-22 17:22:15,false,"Turku Jrun","0,51","319","01:09:44","99","160","2,0","--","--","0,4","7,3","1","15","--","--","--","0,0","--","--","--","--","24,0","No","--:--:--","1","30,0","00:02:45","01:09:44","281","286"
Other,2018-01-21 16:36:18,false,"Vahto Jrun","6,54","189","00:48:36","89","114","1,1","--","--","8,1","21,5","11","15","--","--","--","0,0","--","--","--","--","14,0","No","--:--:--","2","22,0","00:39:42","00:48:36","347","353"
Walking,2018-01-21 11:05:56,false,"Vahto Kävely","8,34","354","01:38:27","87","118","1,2","102","131","11:48","5:51","56","355","0,83","--","--","0,0","--","--","--","10.070","18,0","No","--:--:--","2","28,0","01:30:45","01:38:27","331","358"
Walking,2018-01-20 19:24:33,false,"Vahto Kävely","4,64","258","00:48:37","104","125","1,8","104","126","10:29","8:14","28","30","0,92","--","--","0,0","--","--","--","4.914","22,0","No","--:--:--","1","28,0","00:48:21","00:48:37","333","349"
Other,2018-01-20 15:34:32,false,"Salibandy","0,66","435","00:43:42","136","177","3,3","25","232","0,9","11,4","5","3","0,61","--","--","0,0","--","--","--","480","27,0","No","--:--:--","1","29,0","00:08:26","00:43:42","312","315"
Other,2018-01-20 11:44:32,false,"Salibandy","1,49","738","01:27:34","129","178","3,1","26","179","1,0","10,8","4","7","0,65","--","--","0,0","--","--","--","1.048","25,0","No","--:--:--","1","30,0","00:17:50","01:27:36","305","312"
Other,2018-01-15 17:22:58,false,"Salibandy","1,79","316","01:07:17","98","142","1,8","37","245","1,6","21,0","13","2","0,73","--","--","0,0","--","--","--","924","22,0","No","--:--:--","2","30,0","00:19:45","01:07:17","293","303"
Skating,2018-01-14 20:48:19,false,"Vahto jäällä","9,07","119","00:36:00","83","107","1,1","55","163","15,1","19,3","18","17","4,57","--","--","0,0","--","--","--","2.098","5,0","No","--:--:--","2","26,0","00:34:28","00:36:00","329","335"
Skating,2018-01-14 15:45:29,false,"Vahto luistelu","5,06","172","00:52:39","82","146","1,2","45","159","5,8","20,8","10","458","2,15","--","--","0,0","--","--","--","1.616","12,0","No","--:--:--","1","25,0","00:46:22","00:52:39","323","329"
Skating,2018-01-13 12:28:40,false,"Vahto luistelu","8,24","227","00:53:27","93","127","1,3","46","153","9,3","19,4","9","14","3,39","--","--","0,0","--","--","--","1.814","11,0","No","--:--:--","2","27,0","00:42:30","00:53:27","328","335"
Other,2018-01-08 17:16:13,false,"Salibandy","1,51","287","01:10:57","91","157","1,8","31","242","1,3","14,7","4","5","0,68","--","--","0,0","--","--","--","932","24,0","No","--:--:--","1","30,0","00:16:46","01:10:57","322","327"
Walking,2018-01-07 11:16:30,false,"Vahto Kävely","7,00","520","01:15:35","118","133","2,5","113","124","10:48","8:28","29","31","0,82","--","--","0,0","--","--","--","8.418","9,0","No","--:--:--","1","26,0","01:13:43","01:15:35","346","372"
Hiking,2018-01-04 16:28:13,false,"Vahto Patikointi","7,29","349","01:35:21","86","119","1,4","98","124","13:05","9:07","54","50","0,78","--","--","0,0","--","--","--","9.664","12,0","No","--:--:--","1","29,0","01:31:15","01:35:21","362","392"
Walking,2018-01-02 14:00:50,false,"Vahto Kävely","7,04","326","01:21:32","93","126","1,2","101","233","11:34","7:12","26","30","0,85","--","--","0,0","--","--","--","8.310","11,0","No","--:--:--","1","27,0","01:12:00","01:21:32","358","374"
Walking,2018-01-01 18:13:52,false,"Vahto Kävely","5,39","191","00:56:03","84","96","1,1","116","238","10:24","7:58","16","18","0,83","--","--","0,0","--","--","--","6.430","11,0","No","--:--:--","1","27,0","00:56:01","00:56:03","357","369"
Speed Walking,2017-12-29 18:04:47,false,"Vahto Patikointi","7,12","515","01:16:40","116","167","2,7","113","130","10:46","7:23","17","18","0,82","--","--","0,0","--","--","--","8.652","12,0","No","--:--:--","1","27,0","01:15:30","01:16:40","354","368"
Running,2017-12-29 13:13:50,false,"Vahto Juoksu","6,85","520","00:50:57","138","175","3,6","161","171","7:26","4:16","20","27","0,84","--","--","0,0","--","--","--","8.178","14,0","No","--:--:--","5","27,0","00:50:52","00:50:57","357","373"
Running,2017-12-27 14:03:16,false,"Vahto Juoksu","6,83","565","00:50:47","145","169","4,2","163","177","7:26","2:44","19","26","0,83","--","--","0,0","--","--","--","8.264","11,0","No","--:--:--","5","27,0","00:50:46","00:50:47","352","367"
Walking,2017-12-25 09:24:43,false,"Vahto Patikointi","7,45","309","01:30:20","85","118","1,2","104","172","12:07","6:49","43","46","0,79","--","--","0,0","--","--","--","9.540","10,0","No","--:--:--","1","28,0","01:25:07","01:30:20","285","310"
Other,2017-12-18 17:16:59,false,"Salibandy","1,61","319","01:15:00","95","148","1,8","30","163","1,3","12,4","--","10","0,71","--","--","0,0","--","--","--","1.210","25,0","No","--:--:--","3","30,0","00:20:10","01:15:33","168","176"
Hiking,2017-12-17 13:59:31,false,"Savojärvi Patikointi","6,52","411","01:33:33","97","126","1,8","94","231","14:21","2:49","32","38","0,74","--","--","0,0","--","--","--","9.240","10,0","No","--:--:--","1","25,0","01:32:13","01:33:33","245","257"
Running,2017-08-30 18:43:22,false,"Vahto Juoksu","6,05","457","00:44:10","136","162","--","--","--","7:18","4:24","24","24","--","--","--","0,0","--","--","--","--","--","No","--:--:--","--","--","00:44:05","00:49:17","48","67"
Running,2017-08-20 12:18:19,false,"Vahto Juoksu","5,98","451","00:44:29","133","157","--","--","--","7:26","4:03","26","25","--","--","--","0,0","--","--","--","--","--","No","--:--:--","--","--","00:44:23","00:49:12","48","67"
Walking,2017-08-15 16:29:39,false,"Kävely","1,16","145","01:20:39","--","--","--","--","--","--","5:09","--","--","--","--","--","0,0","--","--","--","1.558","--","No","--:--:--","--","--","00:11:22","01:20:39","--","--"
Walking,2017-08-15 07:30:10,false,"Kävely","1,56","150","01:15:13","--","--","--","--","--","48:19","6:40","--","--","--","--","--","0,0","--","--","--","2.088","--","No","--:--:--","--","--","00:16:34","01:15:13","--","--"
Hiking,2017-08-03 17:01:51,false,"Repovesi - Kaakkurin kierros, jatkoa","3,40","265","01:03:18","93","133","--","--","--","18:36","4:21","37","12","--","--","--","0,0","--","--","--","--","--","No","--:--:--","--","--","00:55:51","01:07:56","95","134"
Hiking,2017-08-03 11:23:59,false,"Repovesi - Kaakkurin kierros","11,24","849","05:12:22","81","119","--","--","--","27:47","5:37","54","73","--","--","--","0,0","--","--","--","--","--","No","--:--:--","--","--","03:33:22","05:12:50","104","131"
Running,2017-08-01 18:22:03,false,"Rusko Juoksu","7,19","530","00:55:41","126","160","--","--","--","7:44","4:49","27","25","--","--","--","0,0","--","--","--","--","--","No","--:--:--","--","--","00:55:32","01:10:06","48","69"
Running,2017-07-25 18:44:08,false,"Rusko Juoksu","7,01","514","00:54:55","128","157","--","--","--","7:50","0:40","22","20","--","--","--","0,0","--","--","--","--","--","No","--:--:--","--","--","00:54:51","01:08:06","48","70"
Running,2017-07-21 18:18:16,false,"Rusko Juoksu","6,03","452","00:51:33","123","157","--","--","--","8:33","4:06","27","26","--","--","--","0,0","--","--","--","--","--","No","--:--:--","--","--","--:--:--","00:56:19","48","67"
Running,2017-06-30 11:12:58,false,"Soisalon lenkki","11,28","773","47:38:31","138","160","--","--","--","--","4:00","43","39","--","--","--","0,0","--","--","--","--","--","No","--:--:--","--","--","--:--:--","01:31:13","42","72"
Running,2017-06-28 12:17:03,false,"Hemmola metsä","6,03","330","00:46:48","128","162","--","--","--","7:46","4:09","26","25","--","--","--","0,0","--","--","--","--","--","No","--:--:--","--","--","--:--:--","00:51:04","48","67"
Running,2017-06-26 19:09:52,false,"Hemmola metäs","5,54","400","00:42:05","129","157","--","--","--","7:36","4:36","21","20","--","--","--","0,0","--","--","--","--","--","No","--:--:--","--","--","--:--:--","00:46:19","48","67"
Walking,2017-06-01 16:53:51,false,"Kävely","1,58","173","01:31:33","--","--","--","--","--","57:52","1:36","--","--","--","--","--","0,0","--","--","--","2.116","--","No","--:--:--","--","--","--:--:--","01:31:33","--","--"
Walking,2017-06-01 06:42:52,false,"Kävely","0,98","118","01:04:59","--","--","--","--","--","--","6:06","--","--","--","--","--","0,0","--","--","--","1.316","--","No","--:--:--","--","--","--:--:--","01:04:59","--","--"
Walking,2017-05-29 18:45:51,false,"Kävely","0,55","82","00:48:49","--","--","--","--","--","--","8:08","--","--","--","--","--","0,0","--","--","--","728","--","No","--:--:--","--","--","--:--:--","00:48:49","--","--"
Walking,2017-05-29 17:04:17,false,"Kävely","1,82","167","01:21:17","--","--","--","--","--","44:41","2:13","--","--","--","--","--","0,0","--","--","--","2.436","--","No","--:--:--","--","--","--:--:--","01:21:17","--","--"
Walking,2017-05-29 06:52:15,false,"Kävely","1,43","127","00:59:56","--","--","--","--","--","41:53","4:48","--","--","--","--","--","0,0","--","--","--","1.918","--","No","--:--:--","--","--","--:--:--","00:59:56","--","--"
